"题号","题型","知识域","难度","题干","选项A","选项B","选项C","选项D","选项E","选项F","选项G","答案","解析","考点"
"Z001","单选","侧信道攻击","核心","某评估团队要对一块已交付的加密板卡进行侧信道密钥恢复评估。预实验发现板卡供电入口的多级滤波电容已把全局功耗波动平滑得几乎观察不到与数据的相关性，客户还明确要求不得对板卡供电回路做任何改装。在此约束下仍要继续采集泄漏信号，最合适的方案是？","在供电回路中串联采样电阻，重新采集芯片全局功耗曲线","改用电流探头，采集板卡电源入口处的全局电流波动","先把板卡放入屏蔽箱，再用采样电阻采集功耗以抑制环境噪声","改用电磁近场探头，非接触采集芯片局部区域的电磁辐射","大幅增加采集曲线数量，靠统计平均补偿被滤波削弱的功耗差异","","","D","D正确：电磁近场探头非接触采集、无需改动供电回路，探测的是芯片局部辐射、信号不经过供电滤波路径，正好对应本题的两项约束。A串联采样电阻必须改装供电回路，触碰约束红线，且全局功耗信号已被滤波平滑，重新采集也恢复不了数据相关分量；B电流探头仍面向电源入口处被平滑的全局电流，存在与A相同的物理障碍；C屏蔽箱用于压制环境电磁干扰，既解除不了“不得改装”的限制，也恢复不了被滤波削弱的功耗信号；E统计平均只能压低随机噪声，被滤波电容削弱的是确定性的数据相关分量，曲线数量再多也不会回来。","功耗与电磁侧信道、采集方式选型、统计平均的作用边界"
"Z002","多选","密码算法","核心","某支付公司2026年启动抗量子迁移评估，安全团队整理了以下判断，其中正确的是哪些？","足够大的量子计算机可运行Shor算法在多项式时间内求解大整数分解与离散对数问题，RSA、DH、ECC等公钥算法将全部失效","Grover算法对对称密码构成平方级加速的暴力搜索，AES-128的理论强度降至64位，而AES-256仍被认为安全","对称算法一般无需整体替换，主要应对方式是加长密钥，例如将现网AES-128的应用场景规划升级为AES-256","SM2与SM9是我国自主设计的商用密码算法，数学构造与国际主流算法不同，因此不受Shor算法威胁","哈希算法受量子计算威胁的程度与公钥算法相同，MD5、SHA-1被归入“被实际攻破”主要就是Shor算法作用的结果","应尽快把AES-256也替换为基于格的后量子算法，否则对称加密部分无法实现抗量子安全","","ABC","A、B、C正确。Shor算法多项式时间求解大整数分解与离散对数，公钥体系整体失效，国产算法也不例外；Grover仅提供平方加速，AES-128等效强度减半、AES-256减半后仍被认为安全；对称算法的应对方式是加长密钥而非更换为后量子算法。D错误，SM2、SM9同属公钥体系，同样基于离散对数类问题，“国产算法天然免疫”是常见误解；E错误，哈希受量子威胁相对更小，且MD5、SHA-1被攻破来自经典碰撞攻击而非Shor算法，混淆了量子威胁与传统攻破两个概念；F错误，基于格的后量子方案属于公钥原语（KEM/签名）范畴，不是对称算法的替代品，混淆了后量子密码的适用对象。","Shor与Grover威胁边界、后量子密码、SM2与SM9的量子脆弱性"
"Z003","多选","侧信道攻击","核心","某公司安全SoC集成了AES-128硬件引擎，内部渗透测试中，测试方采集约一千条功耗曲线做差分分析，成功恢复出轮密钥。项目组在整改评审中提出以下措施，其中合理且依据正确的是哪些？","在硬件逻辑中引入一阶掩码，把敏感中间状态拆成多份随机共享分别处理","将AES-128升级为AES-256，把密钥空间提升到2^256，使差分分析无法再猜出密钥","叠加加噪声、随机延时等隐藏类措施，降低功耗泄漏信噪比，并与掩码配合使用","将实现改为恒定时间风格，消除依赖秘密的分支、查表与访存，以对抗该功耗差分分析","给芯片加装加厚金属外壳，从物理上阻断功耗侧信道的泄漏","采用一阶掩码后，设计与评估仍需防范联合多个时间点、多维信息的高阶DPA","","ACF","A、C、F正确。掩码把秘密中间值拆成d+1份随机共享分别处理，是抵御DPA类统计攻击的核心电路级手段；隐藏通过降低泄漏信噪比起作用，与掩码通常组合使用而非互斥；高阶DPA正是联合多时间点、多维信息攻破一阶掩码的手段，加掩码后它仍是现实威胁。B错误，DPA按子密钥结合泄漏模型做统计分析，并不搜索整个密钥空间，密钥长度与抗侧信道能力基本无关；D错误，恒定时间实现主要防时序、缓存等软件类侧信道，解决不了功耗曲线被统计分析的问题，属于防护手段与攻击类型错配；E错误，金属外壳消除不了芯片自身功耗携带的信息，封装措施挡不住功耗侧信道。","DPA与掩码、隐藏防护，恒定时间的适用边界，高阶DPA"
"Z004","单选","侧信道攻击","核心","某安全芯片上市前，实验室按标准流程开展侧信道评估：完成泄漏表征后，对“固定输入组”与“随机输入组”的功耗轨迹做TVLA，多组测试向量下均未检出统计显著差异。评审会上关于这一结果，下列理解正确的是？","在本次测试条件下，该实现大概率不存在侧信道泄漏，可按无泄漏产品处理","说明CPA等攻击实验在该芯片上同样无法恢复出密钥，评估可省去攻击验证环节","说明当前轨迹采集规模已经充分，继续增大样本量只会重复现有结果","说明本次测试向量的覆盖已经完整，其余输入组合下也不会出现显著泄漏","仅能说明在本次样本量、测试向量与噪声条件下未检出疑似泄漏，实际可利用性还需结合攻击实验评估","","","E","E正确：TVLA是统计筛查手段，“通过”的含义严格限定在本次测试条件内，风险结论还需攻击验证与覆盖评估支撑，通过不等于绝对安全。A把筛查未报警当作“无泄漏”依据，样本量、向量覆盖或噪声都可能导致漏检；B混淆筛查结论与攻击结论，TVLA未报警不能推出攻击必然失败，攻击验证是标准流程的必经环节；C样本量不足恰是TVLA漏检的常见原因，真实泄漏可能随样本量增大而显现；D把“当前向量组未报警”误读为“覆盖完整”，覆盖不足正是“TVLA通过但实际存在泄漏”的典型情形。","TVLA泄漏评估、筛查与证明的区分、侧信道评估流程"
"Z005","单选","故障注入","核心","某实验室搭好电压毛刺平台，复现“毛刺跳过PIN校验中比较与跳转指令”的经典攻击。调试多日发现毛刺偶尔奏效，但始终无法把注入时机稳定对齐到那条目标指令。评审认为方案缺少一项对“指令级时机对齐”作用最直接的配置，它是？","高速示波器与采集卡，观测注入瞬间的电源波形与程序行为","化学开封与去层等样品前处理，暴露芯片内部电路","XYZ三轴微米级位移台，扫描定位芯片上的注入点","触发同步链路：目标程序在进入校验前经GPIO输出信号，据此对齐毛刺的输出时刻","屏蔽箱与温控环境，提高实验条件的可重复性","","","D","D正确：触发同步用目标程序输出的GPIO信号把注入时机对齐到目标操作、可精确到指令级，正对“时好时坏、时机漂移”的症状。A示波器负责事后观测波形与效果、辅助调试，不能主动把注入时刻对齐到指令执行时刻；B电压毛刺非侵入、无需开封，开封去层是激光注入等场景的前处理，与时机对齐无关；C位移台解决“打在哪里”的空间定位问题，本案缺的是“何时打”的时间对齐；E环境保障改善整体可重复性，但对把毛刺对齐到具体指令没有直接作用。","故障注入测试平台、触发同步与指令级对齐、平台组件分工"
"Z006","单选","硬件可信根","核心","某公司对一批终端统一执行主板固件（BIOS/UEFI）升级，重启后多台设备停留在BitLocker恢复界面并要求输入恢复密钥；输入恢复密钥后系统能正常启动，之后BitLocker仍正常保护磁盘。运维复盘时，以下分析正确的是？","升级过程伴随断电重启，TPM内部保存的磁盘加密密钥因此丢失，恢复密钥成为剩余的解密途径","TPM的防回滚计数器检测到固件版本发生变化，按策略拒绝释放密封保存的磁盘密钥","固件变更改变了启动度量结果，PCR值与密封磁盘密钥时绑定的状态不一致，解封失败进入恢复界面","升级后安全启动对固件签名验证失败，BitLocker通过恢复界面提示固件存在安全风险","TPM芯片在升级过程中因电压波动损坏，密封功能失效，多台设备同时出现属于批次性硬件故障","","","C","C正确：密封是把磁盘加密密钥绑定到指定的PCR状态组合，固件升级改变了度量链、使PCR值偏离密封时设定的“健康状态”，解封失败属于预期的安全行为，工程上可在变更前挂起保护来规避。A对应“TPM掉电丢密钥”的误解，EK/SRK等保存在TPM非易失存储中不会因断电丢失，磁盘密钥与TPM是密封绑定关系而非存有副本；B混淆了两种机制，防回滚计数器比较的是版本新旧，密封只比对当前PCR状态与绑定值是否一致；D混淆安全启动与密封，安全启动验不过会拒绝执行、无法进入系统，而题干中输入恢复密钥后启动正常，说明问题出在解封环节；E把最常见的配置变化原因误判为硬件故障，多台同批出现恰恰说明是统一的度量变化。","TPM密封与PCR、BitLocker恢复、可信启动度量"
"Z007","多选","硬件可信根","核心","某服务器平台安全方案评审会上，关于安全启动（Secure Boot）与可信启动（Measured Boot）的分工，纪要中记录了以下说法，其中正确的有哪些？","下一级代码签名验证通过后，即可将其作为系统当前运行状态可信的证明材料提交给远程验证方","安全启动从Boot ROM开始逐级验证下一级代码的签名，验证不通过则不执行，目标是只有授权代码能够运行","可信启动以CRTM为度量链起点，逐级计算度量值并经扩展运算写入PCR，只记录不拦截","方案将可信启动作为安全启动的兜底：当度量结果发现未授权代码时，立即中止该级代码的执行","可信启动的度量环节同样是逐级验证代码签名，只是验证失败时不拦截、仅把结果记录到PCR","在度量架构上，SRTM从上电后的固定起点开始建立度量链，DRTM则支持在系统运行后重建度量环境","","BCF","B、C、F正确。安全启动逐级验签、不过不执行，目标是完整性——只有授权代码能运行；可信启动逐级度量写入PCR、只记录不拦截，回答“当前处于什么状态”，度量链起点为CRTM；SRTM从上电固定点开始度量，DRTM支持运行中重建度量环境（如Intel TXT、AMD SKINIT）。A错误，签名验证通过只说明代码经授权发布，不等于“系统当前状态”可被证明，混淆了完整性与可证明性两种目标；D错误，度量启动只记录不拦截，不会中止任何代码执行，拦截是安全启动的职责；E错误，度量是计算哈希而非验证签名，度量过程不涉及公钥，把安全启动的验证手段错误移植到了度量启动上。","安全启动与可信启动、SRTM与DRTM、度量与验签的区分"
"Z008","单选","TEE","核心","某云厂商计划在ARM CCA服务器上提供机密虚机服务：租户以完整虚机镜像上云，要求宿主机hypervisor与普通世界软件都不进入租户信任边界。架构评审时有工程师提议“直接复用TrustZone安全世界，把租户负载作为TEE应用承载即可”。以下分析正确的是？","TEE与Realm的信任边界相同，都是排除hypervisor，两者差别只在部署成本与开发生态","Realm的度量证明由安全世界的TEE签发，因此TEE是部署Realm的必要前提组件","Realm面向虚机粒度的机密计算，硬件保证隔离，信任边界不含hypervisor与TEE；TEE的定位是承载可信小应用而非完整虚机","TEE无法防御被攻陷的REE内核，而Realm具备这一防御能力，因此必须选Realm","Realm是Secure world中由软件划分出的子区域，运行于S-EL1、由TEE OS负责其创建与销毁","","","C","C正确：Realm的定位是硬件隔离的机密虚机，信任边界不含hypervisor与TEE；安全世界TEE面向小体积可信应用，两者定位不同，不能简单复用。A混淆信任边界，Realm的信任边界连TEE也在外，且两者承载粒度（完整虚机对可信小应用）不同；B混淆证明主体，按CCA设计Realm的度量证明由RMM出具，与TEE无关；D颠倒能力边界，防御被攻陷的REE内核正是TEE的基本能力，并非Realm独有；E混淆归属与管理者，Realm是与Secure平行的独立安全状态（Root、Secure、Realm、Non-secure四状态之一），其创建运行销毁由RMM负责，S-EL1上运行的是TEE OS。","ARM CCA、Realm与TrustZone、RMM、机密计算信任边界"
"Z009","单选","处理器微架构","核心","安全团队收到一份攻击分析报告，关键描述为：“低权限代码直接对内核地址发起读取，该访问最终触发异常，但在异常生效前的乱序窗口内，目标数据已被取回并编码进缓存；攻击者随后用Flush+Reload测出变快的槽位，逐字节恢复出内核内存内容。”以下评审意见正确的是？","该攻击属于Meltdown（越权读）：权限检查到指令退休才生效，使越权数据在异常前得以进入缓存，可采用KPTI缓解","该攻击属于Meltdown（越权读）：但异常生效后寄存器等架构状态随即回滚，数据不会留存于任何可观测状态，实际无法泄露，风险评级应下调","该攻击属于Spectre v1（边界检查绕过）：攻击者先用合法访问训练分支预测，再诱导越界读取，应通过推测屏障与索引掩码缓解","该攻击属于Spectre v2（分支目标注入）：攻击者污染BTB使内核推测跳转到攻击者可控的gadget，应通过retpoline缓解","该攻击属于Rowhammer（内存扰动）：数据进入缓存后相邻DRAM行发生位翻转，应从内存完整性角度另行评估","","","A","A正确：直接越权读内核地址、权限检查延迟到指令退休、Flush+Reload逐字节恢复，正是Meltdown的标准特征，KPTI通过让用户页表几乎不映射内核空间来消除越权读取的目标。B混淆了架构状态与微架构状态的回滚语义，寄存器会回滚但缓存不回滚，乱序窗口内编码进缓存的痕迹仍可被时序测量恢复，这正是该类攻击成立的前提；C描述中不存在分支训练环节，Spectre v1绕过的是软件边界检查而非硬件权限检查；D Spectre v2依赖污染BTB诱导内核跳转到gadget，与题干直接发起的越权地址读取无关；E Rowhammer的机理是反复激活DRAM行导致相邻行位翻转，题干中数据是完整编码进缓存的，不存在位翻转，属于类别混淆。","Meltdown与Spectre辨析、瞬态执行、KPTI、Flush+Reload"
"Z010","单选","调试接口安全","核心","安全团队复盘一台已停用的网关：拆机后在PCB上找到VCC/TX/RX/GND四针排，以115200 8N1接入串口终端，U-Boot打印启动日志并提示“Hit any key to stop autoboot: 3”；量产固件已关闭内核阶段的串口登录。攻击者若仅凭该串口和一台电脑，以下哪条路径最可能使其取得设备上的root shell？","向该排针发送特定TMS/TCK时序，驱动片上TAP控制器进入移位状态，把内存中的敏感数据逐位移出","倒计时内按键打断autoboot进入U-Boot命令行，setenv把bootargs改为init=/bin/sh再引导，内核直接以root进入shell","不打断倒计时，待系统启动完成后按日志提示的默认帐户root与空口令在串口登录取得shell","通过串口TX线直接向板载Flash芯片发送擦写命令，改写内核分区并清除其中的安全启动标志位","倒计时内打断autoboot进入U-Boot命令行后，直接执行tftpboot经串口加载攻击者构造的内核并引导","","","B","B正确：这是典型的autoboot攻击链——倒计时窗口内打断进入无认证的U-Boot命令行，改bootargs注入init=/bin/sh，内核按参数直接启动到root shell；题干已说明内核串口登录被关闭，此路径仅需串口即可成立。A接口混淆，该排针是UART，只能收发异步串行数据，无法产生TCK/TMS时序驱动TAP状态机，“移位读内存”是JTAG调试通道的能力；C与题干前提矛盾，内核串口登录已关闭、不存在登录提示，且默认口令属于帐户管理问题，不是该链路的必然环节；D传输能力混淆，UART只是字节收发通道，Flash烧写需编程器、调试通道或片内软件完成；E工具对但通道错，tftpboot经网络从TFTP服务器加载内核，需要先配置IP且有可达服务器，无法“经串口下载”。","UART调试口、U-Boot autoboot攻击链、JTAG与UART能力边界"
"Z011","单选","密码算法","核心","事故复盘会上分析某型号智能门锁被整体破解的原因：该产品采用自研保密算法，并将算法代码与固定密钥一同编译进出厂固件；攻击者逆向一份设备固件后公开了算法与密钥，全部存量设备的通信随即可被解密。以下复盘结论正确的是？","根因是算法细节外泄；若逆向手段无法还原算法，“保密算法＋固定密钥固化”的设计可以继续沿用","根因是把安全性寄托于算法保密，且密钥固化使单份固件泄露即波及全部存量设备；应改用公开标准算法，仅依赖密钥保密","改用公开的标准算法并保留密钥固化方式即可避免同类事故，标准算法经过的公开分析远多于自研算法","应在公开算法之外再保留一套保密的备份算法，公开算法被攻破时切换启用，形成双保险","应对固件中的算法代码与密钥做混淆和分散存储，提高逆向门槛，使算法与密钥同时外泄的情形不再发生","","","B","B正确：柯克霍夫原则要求安全性仅依赖密钥保密，而密钥固化使单点泄露放大为全网失守，两者都是本次事故的根因。A仍是“算法不泄露就安全”的保密依赖思路，未触及密钥固化的单点波及问题；C标准算法不改变密钥固化缺陷，一份固件泄露仍波及全部设备；D以保密算法做备份仍是柯克霍夫原则否定的路线；E混淆只能提高逆向成本，改变不了把安全性寄托在算法保密上的体系错误。","柯克霍夫原则、密钥固化、自研保密算法"
"Z012","多选","密码算法","核心","某应用商店要求上架应用必须带厂商数字签名：厂商用私钥对应用包生成签名，商店与终端用厂商公钥验签通过后才安装。该机制直接提供的安全属性包括？","应用包的完整性：分发过程中应用包被篡改即可被验签方发现","应用包的机密性：未参与分发的第三方无法读取应用包的内容","来源认证：可确认应用包确由持有对应私钥的厂商发布","不可否认性：厂商难以事后否认曾发布过该应用包","防重放保护：攻击者重放旧版本应用包时会被验签机制自动拒绝","双向认证：终端可确认厂商身份，厂商也可凭同一验签动作确认特定终端的身份","","ACD","A、C、D正确。签名校验涵盖内容完整性，篡改即验签失败；只有持私钥者能生成有效签名，可确认来源；私钥独占性支撑不可否认性。B错误，签名不含加密，应用包内容对任何人可读；E错误，旧包携带有效签名仍能通过验签，防重放需版本号等额外机制；F错误，验签只是厂商到终端的单向来源证明，不含终端身份认证。","数字签名、安全属性、不可否认性"
"Z013","单选","密码算法","核心","开放接口设计评审中，开发者提出：“为防止请求参数被中间人篡改，对整个请求报文加密即可，攻击者看不懂内容就改不了报文。”对该方案的正确评价是？","方案成立：报文加密后攻击者无法理解内容，也就失去了实施有效篡改的条件","方案症结在于加密强度不足，更换更强的加密算法并加大密钥长度后，方案即可成立","方案不成立：加密提供的是机密性而非完整性，密文仍可能被整体替换或重放；防篡改应补充 MAC 或数字签名等机制","方案方向正确但手段不足：再对明文参数附加哈希校验值一并发送，即可同时补齐完整性与来源认证","方案成立与否仅取决于密钥保密：密钥不泄露，解密端得到的明文就与发送方的原文保持一致","","","C","C正确：加密与完整性是不同属性，密文不设认证时仍可被替换、重放，防篡改需 MAC 或签名。A“看不懂就改不了”混淆了机密性与完整性；B篡改风险与加密强度无关；D裸哈希无密钥，攻击者篡改后可重算哈希一并替换，补不齐认证；E密钥保密只保证读不懂，不保证未被改动。","机密性与完整性、加密与MAC"
"Z014","单选","密码算法","核心","以下工程场景均涉及完整性校验，对“采用无密钥的裸哈希是否足够”的判断，正确的是？","“下载的固件镜像与仓库内可信副本比对，确认烧录文件未损坏”：足够，校验目标是发现意外损坏，参考哈希由本地可信副本预先算出","“两个对等设备经不可信网络同步配置，要求在途报文的第三方篡改能被发现”：足够，接收端重算哈希一致即可确认报文未被改动","“平台需确认上报数据确实由该设备生成”：足够，哈希与数据唯一对应，可随数据提交作为出处证明","“官网公布安装包哈希值供用户校验，需防范蓄意替换安装包的攻击”：足够，攻击者改变不了安装包对应的哈希值","“防止拥有数据库读写权限的内部人员篡改口令字段”：足够，内部人员修改口令后算不出与原记录一致的哈希值","","","A","A正确：比对基准来自本地可信副本，裸哈希足以发现意外损坏。B第三方可对篡改后的报文同步重算哈希，防主动篡改需 MAC 或签名；C出处证明需绑定生成者身份，裸哈希任何人可算，做不到；D攻击者替换安装包后可重算并替换公布的哈希值；E拥有写权限者可重算哈希更新记录，哈希值并非其算不出的秘密。","哈希与MAC边界、裸哈希适用条件"
"Z015","多选","密码算法","核心","红队对某加密系统开展了四种行为并逐一归类。下列“行为—模型”对应正确的有哪些？","从泄露的备份磁带中整理出若干明文及其对应密文用于分析算法——已知明文攻击（KPA）","诱导系统加密红队构造的特定报文并观察输出的密文——选择明文攻击（CPA）","仅截获线路上的密文做统计分析、未与系统发生任何交互——选择明文攻击（CPA）","将截获的密文按规则变形后提交系统的解密接口、依据返回结果推断原明文——选择密文攻击（CCA）","唯密文攻击中攻击者完全不接触任何明文信息，因此是四种模型中能力最强的一种","选择明文攻击（CPA）允许攻击者获取任意所选密文的解密结果","","ABD","A、B、D正确。掌握明密文对分析是 KPA；自选明文获得对应密文是 CPA；提交变形密文并利用解密结果构成 CCA。C错误，无交互仅分析密文属于唯密文攻击（COA）；E错误，不接触明文说明信息最少，COA 是能力最弱的模型；F错误，获取任意密文的解密结果是 CCA 的能力，CPA 只涉及加密方向。","攻击模型分级、COA/KPA/CPA/CCA"
"Z016","单选","密码算法","核心","安全评审中，某模块采用无填充 RSA-2048 加密随机生成的会话密钥。开发人员认为“2048 位密钥足够长，方案安全”。最能揭示该论证缺陷的是？","RSA-2048 的模幂运算较慢，可能无法满足握手时延指标","无填充 RSA 是确定性加密，相同会话密钥加密结果相同，便于系统做密文去重，实为优点","缺少填充会使密文长度无法对齐到模长，需补零解决传输对齐问题","无填充 RSA 具有确定性且密文可代数变形，攻击者可把截获密文构造变形后借目标系统的解密服务还原明文，密钥再长也无济于事","该攻击要求攻击者先恢复出 RSA 私钥，而 2048 位模数在现实中无法被分解","","","D","D正确：确定性加密加代数可构造性使目标系统沦为解密预言机，这正是教科书式 RSA 在选择密文攻击下失效的根源，与密钥长度无关。A转向性能问题，与安全论证无关；B把确定性当优点，恰是需要纠正的误区；C把填充理解为长度对齐手段，未触及安全本质；E错误，预言机式攻击不需要分解模数或恢复私钥。","教科书式RSA、OAEP、选择密文攻击"
"Z017","单选","密码算法","核心","代码评审一个基于同一 RSA 密钥对的密码库，其对外提供“解密”与“签名”两类私钥操作。以下封装方案正确的是？","解密与签名均采用 OAEP 填充，因其是 RSA 通用填充","解密采用 OAEP 填充，签名采用 PSS 填充","解密与签名均不填充，保证输出可复现，便于日志核对","解密采用 PSS 填充，签名采用 OAEP 填充，两者对称互换即可","解密不填充，签名采用 PSS——只有签名操作需要随机化保护","","","B","B正确：加密侧用 OAEP、签名侧用 PSS 是规范配对。A错误，OAEP 是加密填充方案，不适用于签名；C错误，追求输出可复现将保留确定性风险；D错误，两类填充适用对象不能互换；E错误，加密同样必须填充，无填充解密正是确定性、可构造性风险的来源。","OAEP与PSS、RSA工程实践"
"Z018","单选","密码算法","核心","你在阅读一份芯片安全评估报告，其中写道：“该 MCU 的 AES 实现在 CPA 下可在数分钟内被恢复出主密钥。”对该结论的正确理解是？","攻击者向设备注入所选明文并分析输出密文的统计分布，破解了算法","该 MCU 的加密协议存在选择密文攻击漏洞","攻击者采集设备加解密时的功耗曲线，将其与假设中间值进行相关性分析，按相关峰值恢复出密钥","攻击者利用近场电磁探头采集电磁辐射并解调出内部总线数据","该 MCU 的通信协议存在可被重放的选择明文注入接口","","","C","C正确：硬件安全语境的 CPA 是相关功耗分析（Correlation Power Analysis），通过功耗与假设中间值的相关性恢复密钥。A、B把 CPA 误读为密码学的选择明文/选择密文攻击，与芯片评估语境不符；D描述的是电磁侧信道手段而非 CPA；E的重放注入属于协议层漏洞，与侧信道分析无关。","CPA缩写歧义、相关功耗分析、攻击模型"
"Z019","单选","密码算法","核心","某 1000 节点的物联集群需实现任意两节点间的保密通信，评审组对比两种方案：方案甲为节点两两预置对称密钥，方案乙为每节点配置一对非对称密钥。以下评审结论正确的是？","方案甲需管理约 499500 个密钥，方案乙只需 1000 对密钥，乙在密钥管理规模上优势明显","方案甲需管理 1000 个密钥，方案乙需约 499500 对密钥，甲在管理规模上优势明显","两方案密钥规模相当，均约 50 万个，应按实施习惯选择","方案甲只要在集群中增加一台密钥服务器，即可把管理规模降为 1000 个且不引入其他代价","方案乙需为每对节点单独生成一对公私钥，共计约 50 万对","","","A","A正确：1000 节点两两组合约 499500 个对称密钥，而非对称体制下每节点只需保管自己的 1 对密钥。B把两方案规模对调，两两预置的对称方案才是数十万量级；C两方案量级相差约 500 倍，并不相当；D集中分发虽减少终端保管量，但引入单点失效与瓶颈，“无代价”不成立；E公钥可被所有对端共用，无须按节点对生成密钥对。","密钥规模、对称与非对称对比"
"Z020","单选","密码算法","核心","Alice 需经不可信信道向 Bob 发送一个 500MB 的加密文件，双方没有预共享密钥，但 Bob 已公开发布其公钥。按照数字信封的标准做法，应当如何构造？","Alice 先用 Bob 的公钥加密文件，再用会话密钥加密该会话密钥，两者一并发送","Alice 生成随机会话密钥加密文件，再用 Bob 的公钥加密该会话密钥，两者一并发送","Alice 直接用 Bob 的公钥分块加密整个文件后发送","Alice 用自己的公钥加密会话密钥，Bob 收到后用 Alice 的私钥解出","Alice 生成会话密钥加密文件，再用 Alice 自己的私钥加密该会话密钥后发送","","","B","B正确：随机会话密钥保护大文件、Bob 的公钥只保护会话密钥，正是数字信封的标准结构。A加密层次颠倒，会话密钥被其自身“加密”，接收方无从解出；C公钥算法比对称慢两到三个数量级，对 500MB 数据整体公钥加密在工程上不可行；D用 Alice 公钥加密的内容只有 Alice 私钥能解，Bob 无法获得会话密钥；E用发送方私钥加密属签名语义，任何持 Alice 公钥者都能解出会话密钥，机密性落空。","数字信封、混合加密"
"Z021","单选","密码算法","核心","某安全网关要对 10Gbps 链路上的全部业务流量做机密性保护，并需与大量对端设备动态建立会话。关于算法部署方式，恰当的是？","数据面采用 ECC 加密每个报文，控制面改用 AES 完成密钥交换","用全网共享的对称密钥直接完成跨设备密钥交换与会话建立，简化体系","全部改用 RSA 造成的性能损失，可通过增加服务器数量线性弥补，无须改变算法分工","数据面批量加解密采用 AES 等对称算法，非对称算法仅用于会话密钥的交换保护","为获得更强保护，全部业务流量直接采用 RSA 加解密","","","D","D正确：对称算法满足 10Gbps 吞吐要求，非对称算法只处理会话密钥这类小数据，各司其职。A把两种算法的角色对调，数据面会被非对称速度拖垮；B大规模动态建会话时共享对称密钥既需安全预分发又无法区分责任边界，回到分发难题；C两到三个数量级的效率差距难以靠堆叠算力抵消，还会放大成本与时延；E RSA 吞吐比对称低两到三个数量级，无法承受批量加密。","对称与非对称速度差、数据面与控制面分工"
"Z022","单选","密码算法","核心","某加密通道使用 RSA-1024 保护会话密钥的分发，用 AES-128 加密会话数据。若攻击者以攻破整体机密性为目标，对该通道安全水平的评估正确的是？","RSA-1024 位数是 AES-128 的 8 倍，说明其提供了更强的保护","只要将 AES 升级为 256 位密钥，整体即可达到 256 位等效强度","整体强度取决于最薄弱的密钥分发环节，RSA-1024 仅约 80 位等效强度，未达到与 AES-128 对齐的 128 位要求","会话数据由 AES-128 保护，密钥分发环节的弱点不影响整体机密性","两环节强度取平均值约 104 位，可通过加长 AES 密钥弥补","","","C","C正确：攻击者必然选择最弱环节，约 80 位等效强度的 RSA-1024 使整条通道远低于 128 位目标。A位数多不代表强度高，跨算法比较必须换算等效强度；B整体强度仍受 RSA-1024 限制，只升级对称算法无法补齐分发环节缺口；D会话密钥一旦在分发环节被破解，AES-128 保护的数据随之暴露；E强度由最弱环节决定而非取平均，应升级的是 RSA 而非 AES。","等效强度、最弱环节、RSA-1024"
"Z023","多选","密码算法","核心","某安全团队为算法库文档标注分组密码的结构类型，下列标注正确的有？","DES——SPN 结构，与 AES 同属一类","DES——Feistel 结构，16 轮迭代","AES——Feistel 结构，128 位密钥对应 10 轮","SM4——Feistel 结构，32 轮迭代","AES——SPN 结构，密钥长度增加时轮数相应增加","SM4——SPN 结构，16 轮迭代","","BDE","B、D、E正确：DES 为 Feistel 结构 16 轮；SM4 为 Feistel 结构 32 轮；AES 为 SPN 结构，128/192/256 位密钥对应 10/12/14 轮。A错误，DES 是 Feistel 结构，与 AES 不同类；C错误，AES 属 SPN 而非 Feistel；F错误，SM4 既非 SPN 也非 16 轮。","Feistel与SPN、DES/SM4/AES参数"
"Z024","单选","密码算法","核心","评审会上有人介绍：“SM4 采用 Feistel 结构，加解密共用同一套电路。”对该说法的理解，正确的是？","这意味着 SM4 加解密使用同一密钥且无需密钥扩展，节省了存储资源","这意味着算法的安全性来源于加解密共用电路这一特性","这是指解密时逆序使用轮子密钥即可复用加密运算电路，从而降低硬件实现面积","这是指轮函数必须设计为可逆变换，否则加解密无法共用电路","这是指 SM4 加密和解密各执行 16 轮，合计 32 轮","","","C","C正确：Feistel 结构解密只需逆序使用轮子密钥、复用加密电路，这是节省硬件面积的工程优点。A共用电路与“同一密钥、无需密钥扩展”无关，轮子密钥仍需扩展；B电路复用是工程特性，与算法安全性无因果关系；D Feistel 轮函数无需可逆，这正是它区别于 SPN 实现的特点；E SM4 加密与解密各自都是完整的 32 轮运算。","Feistel结构、加解密同电路、SM4"
"Z025","单选","密码算法","核心","某物联网终端的通信协议组帧时为 AES 密文分组预留定长字段，产品规划中密钥档位未来可能在 128/192/256 位之间切换。该字段应按每分组多少位设计？","可变长度，在帧头增设字段指示当前密钥对应的分组长度","128 位，AES 分组长度固定，不随密钥长度变化","192 位，取三档密钥的中间值以便兼容过渡","256 位，按最高档密钥长度预留以覆盖所有情况","64 位，与早期经典分组密码的分组宽度保持一致","","","B","B正确：AES 分组长度固定为 128 位、与密钥长度无关，字段按 128 位设计即可。A AES 分组长度不可变，无需动态指示字段；C 192 位只是密钥档位之一，AES 不存在 192 位分组；D 256 位是密钥档位，分组不会随之变为 256 位；E该依据不符合 AES 规范。","AES分组长度、密钥长度与轮数"
"Z026","单选","密码算法","核心","某政务系统开展商用密码改造，要求所选国密分组密码的标准公开，便于软件实现和第三方安全审计。评审时正确的选择及理由是？","选 SM1，其算法细节已公开，便于自行优化实现","选 SM7，其公开程度高于 SM4，更适合软件集成","选 SM4，但因其属于流密码，更适用于实时通信场景","选 SM1 与 SM7 组合，两者均提供公开算法的软件实现库","选 SM4，其依据 GB/T 32907 公布，算法公开可软件实现，支持公开审计","","","E","E正确：SM4 依据 GB/T 32907 公布，算法公开、可软件实现并接受审计。A SM1 算法不公开，以安全芯片形式提供，无法自行实现；B SM7 同样算法不公开、以安全芯片形式提供；C SM4 是分组密码而非流密码；D SM1、SM7 均不以公开算法形式提供软件库，组合方案不成立。","SM4、国密算法、SM1/SM7"
"Z027","单选","密码算法","核心","某监控设备将摄像头输出的位图帧按 16 字节分组用 AES-ECB 加密后存储，整帧数据（含文件头）均已加密。安全人员查看密文图像时，仍能直接辨认出画面中人物的轮廓。对该现象最准确的解释是？","位图原始数据熵过低，任何工作模式都会保留轮廓，与是否采用 ECB 无关","加密与解密两端填充方式不一致，分组错位使密文呈现出与原图对应的纹理","设备的加密实现存在缺陷，部分分组未经加密直接写入密文，明文内容混入了存储文件","位图相邻分组内容高度相同，ECB 对相同明文分组输出相同密文分组，密文保留了明文的空间分布模式","加密密钥强度不足，攻击者已对密文完成部分暴力破解并回写了明文信息","","","D","D正确：ECB 的确定性使大片相同内容的分组被映射为相同密文分组，密文保留了明文的空间分布模式。A带随机化的模式会把相同明文映射为不同密文，并不保留轮廓；B填充差异不会产生与明文结构对应的可视纹理；C正确实现的 ECB 同样出现该现象，无需假设实现缺陷；E该现象无需任何密钥破解即可解释，与密钥强度无关。","ECB模式泄漏、确定性加密"
"Z028","多选","密码算法","核心","某嵌入式终端用 AES-CBC 加密上报报文，IV 取自内部一个从零递增的计数器，且同一密钥长期使用。关于该设计，下列说法正确的有？","改用 CTR 模式后 nonce 同样必须不可预测，该设计缺陷会原样带到新方案中","递增计数器是可预测的 IV，攻击者可在截获密文前预判 IV，从而验证对首块明文的猜测","IV 需要不可预测，但不需要保密，随密文以明文传输是标准做法","只要 IV 不重复，可预测与否无关紧要，计数器方案满足 CBC 的安全前提","IV 仅影响首块，因此可预测的计数器 IV 只是规范性瑕疵，不构成实际攻击面","若两条报文的 IV 恰好相同，两段首块密文的异或等于首块明文的异或，等值关系随之泄漏","","BCF","B、C、F正确：CBC 要求 IV 不可预测（可预测 IV 使攻击者可验证对首块明文的猜测）；IV 需不可预测但无需保密，明文传输是标准做法；IV 相同时首块密文异或等于首块明文异或，泄漏等值关系。A错误，CTR 的 nonce 要求唯一而非不可预测，两者要求体系不同；D错误，可预测 IV 破坏 CBC 抵抗选择明文攻击的能力，“不重复”只是部分要求；E错误，可预测 IV 的危害是使主动攻击成为可能，不能以“只影响首块”淡化。","CBC模式、IV不可预测性、Padding Oracle"
"Z029","单选","密码算法","核心","安全评审中，开发者承认其 CTR 实现发生过一次 nonce 重用，但辩解称“计数器只在起点相同，最多泄漏第一个分组，后续密钥流不会重复”。该辩解的错误在于？","判断方向相反，重用泄漏的并非明文，而是 AES 密钥本身，需要立即更换整个密钥体系","该辩解成立的前提是两条消息都不超过一个分组，长消息场景才会构成风险","密钥流重用的影响范围由密钥轮换周期决定，周期内重用影响有限，跨周期重用才是致命的","CTR 的计数器每个分组自动加一，天然保证消息内部密钥流不重复，nonce 唯一性并非必要条件","相同的（密钥, nonce）派生出完全相同的计数器序列，两条消息所有对应分组的密钥流逐一重合，泄漏范围覆盖整条消息","","","E","E正确：计数器序列完全由初值决定，初值相同则整条密钥流重合，泄漏范围是整条消息而非首个分组。A重用泄漏的是明文间的异或关系，推导不出 AES 密钥；B影响不取决于消息长度，单分组消息同样泄漏等值关系；C致命性来自同一密钥流被重放，与轮换周期无关；D消息内自增恰以 nonce 为起点，跨消息唯一性正是安全前提。","CTR模式、nonce重用、密钥流重用"
"Z030","单选","密码算法","核心","事故报告将一次 GCM nonce 重用定性为“低风险：仅损失少量机密性，攻击者依然无法伪造消息”。对该定性最准确的评价是？","定性遗漏了真正的风险：重用使 128 位标签的碰撞概率上升，应通过截短标签换取更高的安全裕度","定性严重不足，重用会泄漏认证子密钥信息使攻击者可伪造合法标签，完整性与机密性同时失效，应按灾难级缺陷处理","定性方向相反，nonce 重用只会破坏完整性认证，不会波及机密性","定性过重，重用只影响涉事的那组消息，同一密钥下后续消息的标签仍然不可伪造","若系统已使用 256 位密钥，“无法伪造消息”的结论即可成立，该定性合理","","","B","B正确：GCM nonce 重用会泄漏 GHASH 认证子密钥相关信息，攻击者可伪造合法标签，机密性（密钥流重放）与完整性同时失效，属灾难级缺陷。A截短标签只会进一步降低伪造门槛，方向完全相反；C重用同时摧毁机密性与完整性；D泄漏的认证子密钥信息可服务于同一密钥下的后续伪造，影响不限于涉事消息；E失效机理与密钥长度无关，加长密钥不能弥补。","GCM、nonce重用、AEAD"
"Z031","单选","密码算法","核心","某工程师提议：“只要把 RC4 的密钥从 128 位升级到 256 位，就可以让 RC4 重新满足 TLS 的安全要求。”对该提议的评价，正确的是？","可行，RC4 的问题正在于密钥偏短，加长密钥即可满足现行标准","不可行，密钥加长无法消除 RC4 输出中的统计偏差，而禁令针对的并非密钥长度","不可行，RC4 标准规定密钥长度上限为 128 位，无法配置更长的密钥","部分可行，加长密钥能明显削弱偏差的影响，但仍需配合更长的初始向量","不可行，因为 RFC 7465 同时禁止了所有流密码在 TLS 中的使用","","","B","B正确：RC4 被禁源于其输出字节的统计偏差这一算法层缺陷，与密钥长度无关，加长密钥不解决问题。A误判了禁令原因；C RC4 密钥长度可配置，不存在 128 位上限；D加长密钥对偏差无明显改善，该问题也与 IV 无关；E RFC 7465 仅禁用 RC4，并未禁止流密码类别。","RC4、统计偏差、RFC 7465"
"Z032","单选","密码算法","核心","某项目文档将 ZUC 与 SM4 并列为“同类国产分组密码”进行实现资源评估。该分类的错误在于？","ZUC 是流密码，通过生成密钥流与明文结合，SM4 才是分组密码，二者的实现资源评估口径不同","SM4 是流密码而 ZUC 是分组密码，文档把二者的类别写反了","ZUC 与 SM4 均为分组密码，只是分组长度不同，文档漏标了分组长度","ZUC 并非国产算法，不应将其列入国产密码清单","ZUC 与 SM4 均为流密码，分类并无错误，只需统一评估口径","","","A","A正确：ZUC 属流密码而 SM4 属分组密码，按密钥流方式工作的 ZUC 不能套用分组密码的资源评估口径。B把两者类别写反；C两者算法类别本身不同，并非同类的长度差异；D ZUC 是我国自主设计并进入 3GPP 标准的算法；E SM4 是分组密码而非流密码。","ZUC、SM4、流密码与分组密码"
"Z033","单选","密码算法","核心","某物联网设备采用不含 AES 硬件加速器的低功耗处理器，需为其 TLS 通信选择加密套件，性能是首要约束。最合理的选择及理由是？","选择 AES-GCM：配合更长的密钥可以弥补无硬件加速带来的性能损失","选择 ChaCha20-Poly1305：其结构更简单，解密时无需生成完整密钥流即可直接输出明文","选择 AES-GCM：该平台虽无加速器，但 AES 查表实现可以达到与硬件加速相当的吞吐","选择 ChaCha20-Poly1305：在没有 AES 硬件加速的平台上，其纯软件实现的性能通常优于 AES-GCM","选择 AES-GCM：AES 的轮结构经过更长时间分析，软件实现速度优于 ChaCha20-Poly1305","","","D","D正确：没有 AES 硬件加速时，ChaCha20-Poly1305 的纯软件实现性能通常优于 AES-GCM，这正是它在 TLS 中的典型定位。A密钥长度与该性能问题无关，加长反而增加计算量；B ChaCha20 是流密码，加解密都依赖按序生成的密钥流；C查表实现吞吐不及硬件加速，还存在缓存侧信道隐患；E无硬件加速时 AES 的软件实现通常慢于 ChaCha20。","ChaCha20-Poly1305、AES-GCM、平台选型"
"Z034","多选","密码算法","核心","某高校团队拟为农业传感器节点选用 Ascon 实现数据保护。关于 Ascon，下列说法正确的有？","它仅支持加密功能，完整性保护需要另行实现","它是 NIST 于 2023 年选定的轻量级密码标准算法（SP 800-232）","它可以同时提供认证加密与哈希功能","它面向 IoT、RFID、传感器等资源受限设备场景设计","它的标准化意味着 AES 在所有应用场景中被取代","作为轻量级密码，它必须通过降低安全强度来换取低资源占用","","BCD","B、C、D正确：Ascon 是 NIST 2023 年选定的轻量级密码标准（SP 800-232），同时提供认证加密与哈希，面向资源受限设备设计。A错误，认证加密本身包含完整性保护；E错误，Ascon 定位资源受限场景，AES 在通用与高性能场景仍是主力；F错误，轻量级针对的是实现资源约束，不以牺牲安全强度为前提。","Ascon、轻量级密码、NIST SP 800-232"
"Z035","单选","密码算法","核心","某团队为新上线的 TLS 服务制定密钥配置规范，要求非对称算法达到与 AES-128 相当的 128 位对称等效强度。以下配置中，满足该要求的是？","RSA-1536，在性能与强度之间取折中","RSA-2048，并将证书有效期由三年缩短为一年","RSA-1024，与网关侧现有旧证书保持一致","RSA-2048，当前 TLS 证书中最常见的配置","RSA-3072，可在主流算法库中直接配置","","","E","E正确：业界等效强度对照中 RSA-3072 约为 128 位对称等效强度，满足规范要求。A RSA-1536 约等效 96 位，仍不足；B缩短证书有效期是运营措施，不改变 RSA-2048 约 112 位的等效强度；C RSA-1024 约等效 80 位，远低于目标；D RSA-2048 虽部署最广，但约 112 位未达本规范要求。","RSA密钥长度、128位等效强度"
"Z036","单选","密码算法","核心","关于 Logjam 攻击的机理与处置，下列说法正确的是？","它只能被动记录流量并等待未来算力提升后离线解密，无法在会话进行时实时生效","它在数学层面攻破了离散对数问题，使现有各强度等级的 DH 参数同时失效","它利用服务端仍接受 512 位导出级弱 DH 参数的缺陷，由中间人把会话降级到弱参数组后实施攻击，处置是禁用导出级套件并配置强 DH 或 ECDHE 参数","它属于侧信道攻击，通过测量握手运算的耗时推断 DH 私钥，处置是为计算加入随机化掩蔽","它通过预计算建立通用的离散对数求解表，建成后可解开任意参数组下的 DH 会话","","","C","C正确：Logjam 的路径是把握手降级到导出级弱 DH 参数组，利用预计算实时实施中间人攻击，整改是禁用导出级套件并配置强参数或 ECDHE。A它是握手阶段的实时主动攻击，不属于“先存后解”；B离散对数问题本身未被攻破，Logjam 只在弱参数组上可行；D预计算只对被针对的特定参数组有效，更换强参数即可失效；E它是协议参数协商层面的中间人攻击，不依赖侧信道。","Logjam、降级攻击、DH参数"
"Z037","多选","密码算法","核心","某安全培训测验给出关于 3DES 的下列陈述，请指出其中正确的说法：","三重加密使其强度达到单重 DES 的三倍以上，即接近 168 位","只要配置三把互不相同并定期轮换的密钥，即可消除 SWEET32 风险","其有效安全强度约为 112 位，明显低于 168 位的名义密钥长度","其 64 位分组使高数据量场景下面临 SWEET32 生日界碰撞攻击风险","NIST 已于 2023 年后禁止其用于数据加密，新设计不应再采用","其分组长度与 AES 相同，均为 128 位，因此无短分组隐患","","CDE","C、D、E正确：受中间相遇类攻击限制，3DES 有效强度约 112 位；64 位分组在大数据量下面临 SWEET32 生日界碰撞风险；NIST 已禁止 2023 年后将其用于加密。A错误，三重加密强度并非三倍叠加，达不到 168 位；B错误，密钥配置改变不了 64 位分组的碰撞概率；F错误，3DES 分组为 64 位而非 128 位，短分组正是 SWEET32 的根源。","3DES、SWEET32、算法禁用"
"Z038","单选","密码算法","核心","团队有人主张：“针对 DES 至今没有发现比穷举更有效的分析攻击，且我们的场景攻击者资源有限，因此继续使用没有问题。”该主张的主要错误在于？","忽视了 DES 的分组只有 56 位，与密钥长度不匹配","混淆了技术强度与出口合规要求，继续使用需另行通过审批","混淆了“未找到解析攻击”与“实际安全”两个概念，穷举一旦工程可行即视为被实际攻破，必须更换","低估了侧信道防护成本，DES 无法实现常数时间实现","忽视了 DES 只能用于加密不能用于认证，必须叠加 MAC 才算安全","","","C","C正确：DES 的短板在 56 位密钥空间，EFF Deep Crack 已证明穷举具备工程可行性，“没有更优分析攻击”不能维持“实际安全”的结论。A表述本身不成立，DES 分组为 64 位、有效密钥 56 位；B合规与算法是否被实际攻破分属不同维度；D常数时间实现是实现层可解决的问题，与穷举风险论证无关；E DES 可配合 MAC 使用，认证能力并非该主张的争点。","DES、Deep Crack、暴力破解"
"Z039","单选","密码算法","核心","某产品要求达到约 128 位安全强度。供应商为节省运算资源，提议采用 160 位椭圆曲线（ECC-160），并解释“160 位与 256 位同属 ECC，安全等级差不多”。对该提议的正确评价是？","可以接受，ECC 同系列各曲线的安全等级相同，位数差异只影响密钥存储空间","可以接受，ECC-160 提供的强度约相当于 RSA-3072，满足 128 位要求","不能接受，曲线阶数越低离散对数攻击难度越低，ECC-160 仅约 80 位强度，达不到目标，应选用约 256 位的曲线","可以接受，ECC-160 强度虽低，但与 RSA-1024 混合部署后整体强度即可满足要求","不能接受，ECC-160 已被公开攻破，同强度需求下应直接改用 RSA-1024 以降低风险","","","C","C正确：ECC 曲线的安全等级由阶数决定，ECC-160 仅约 80 位强度，达不到 128 位目标，应选用约 256 位曲线。A“同级”是误区，160 位与 256 位相差明显；B换算关系错误，约对应 RSA-3072 的是 ECC-256；D与另一个不达标的方案混合部署不会抬高整体强度；E ECC-160 并未被攻破，只是强度不足，且 RSA-1024 同样不达标。","ECC、曲线阶数、安全等级"
"Z040","多选","密码算法","核心","某单位开展商用密码应用改造，需要在方案中规划 SM2 的用途。以下关于 SM2 功能与定位的描述，正确的有？","SM2 加密可用于对数据或密钥等敏感信息进行公钥加密保护","SM2 可用于数字签名，满足完整性与抗抵赖需求","SM2 支持密钥交换，可用于协商会话密钥","SM2 只能做签名验签，加密功能必须交由 RSA 承担","SM2 是基于 256 位椭圆曲线的算法，标准为 GB/T 32918 系列，属于国内商用密码体系","SM2 的“256 位”指其模长与 RSA-256 相同，安全强度等同于 256 位的 RSA","","ABCE","A、B、C、E正确：SM2 基于 256 位椭圆曲线（GB/T 32918），加密、签名、密钥交换一体，是国内商用密码的公钥基础。D错误，“只能签名”是典型误区；F错误，256 位指椭圆曲线阶数规模，与 RSA 模长不是同一概念，不能如此换算。","SM2、国密公钥算法、GB/T 32918"
"Z041","单选","密码算法","核心","关于 SM9“以身份标识作为公钥、无需证书”的特点，下列理解正确的是？","免证书意味着身份标识本身就是私钥，用户凭手机号即可解密，无需持有任何密钥材料","免证书意味着 SM9 不再依赖秘密参数，主密钥可以公开存放","免证书意味着系统无需任何密钥管理，可省去全部密钥相关设施","免证书指无需为用户签发和验证数字证书，但系统仍须建设 KGC，由其基于主密钥生成并分发用户私钥，密钥管理依然存在且 KGC 是信任根基","免证书意味着用户公钥由用户自行生成后向 CA 备案即可，流程比传统 PKI 更简单","","","D","D正确：SM9 免除的是证书，公钥即公开的身份标识，但用户私钥须由 KGC 基于主密钥生成并安全分发，KGC 是信任根基。A手机号是公钥，解密私钥必须由 KGC 签发并安全持有；B主密钥泄露即可伪造任意用户私钥，必须严格保密；C“免证书等于免密钥管理”是典型误区，私钥的生成、分发、托管与吊销依然要管理；E SM9 中公钥即身份标识，无需生成或备案。","SM9、标识密码、KGC"
"Z042","单选","密码算法","核心","某签名服务因随机数发生器缺陷，对两条不同消息的签名使用了相同的 k。攻击者已获取这两条签名值。此时攻击者能够？","只能恢复出被重用的 k 值，而 k 是一次性临时值，本次使用结束后即失效，无进一步影响","恢复出两条消息的哈希原像，从而篡改服务器上存储的消息原文","使签名服务的验签逻辑失效，从而实现拒绝服务攻击","仅判断两条签名出自同一服务，得不到任何密钥相关信息","利用两条签名之间的数学关系恢复出签名私钥，进而伪造该私钥对任意消息的签名","","","E","E正确：同 k 的两条 ECDSA 签名满足可解出 k 的数学关系，进而由签名方程解出长期私钥，此后即可任意伪造签名。A“k 只是临时值、泄露无碍”是误区，k 与长期私钥直接相关；B哈希不可逆，攻击得到的是与签名运算相关的量，无法得到原像；C攻击者的目标是伪造而非破坏服务，验签逻辑并未失效；D得到的远不止关联性，私钥本身已被恢复。","ECDSA、随机数k重用、PS3事件"
"Z043","单选","密码算法","核心","某电子合同平台以“256 位输出哈希 + 数字签名”保证文件不可篡改。攻击者提出两种思路：思路甲，对一份已签署合同，寻找内容不同但哈希相同的合同；思路乙，预先构造一对哈希相同的合同（正常版与篡改版），诱导对方签署正常版后替换为篡改版。仅比较哈希层面的通用攻击代价，正确的是？","思路甲约 2^128，目标合同已经存在，搜索可按生日界进行","思路乙约 2^256，必须同时精确命中两份文档的完整摘要","两种思路都约 2^128，“寻找相同哈希”类攻击一律适用生日界","思路乙约 2^128（两个输入均可自由构造），思路甲约 2^256","两种思路的代价都由签名私钥强度决定，哈希层面无法比较","","","D","D正确：思路乙是自由碰撞，两个输入都可自由构造，按生日界约 2^128；思路甲的目标文档已被指定，属第二原像，无法享受生日界折减，约 2^256。A思路甲属于第二原像，不适用生日界；B思路乙利用两两配对即可，代价约为 2^(n/2) 而非 2^n；C“寻找相同哈希”内部分碰撞与第二原像两种口径，生日界只适用于前者；E哈希层面的通用代价可独立估算，与签名私钥强度无关。","生日界、碰撞与第二原像、安全强度口径"
"Z044","多选","密码算法","核心","关于“MD5 已被破解”的准确含义，下列判断正确的有？","给定任意 MD5 摘要，攻击者都能在可接受时间内反推出至少一条对应原文","王小云团队 2004 年公开的成果攻破的是 MD5 的碰撞抗性","SHA-1 至今没有出现过实际可行的碰撞实例","Flame 恶意软件利用 MD5 的选择前缀碰撞伪造了微软的代码签名证书","被破后 MD5 再也无法发现文件传输中因设备故障造成的意外损坏","对新部署系统，任何依赖碰撞抗性的应用（签名、证书等）都必须避免使用 MD5","","BDF","B、D、F正确：2004 年王小云等人的成果攻破的是碰撞抗性；Flame 利用 MD5 前缀碰撞伪造了可通过验证的微软签名；依赖碰撞抗性的场景必须弃用 MD5。A错误，被破的是碰撞而非原像，从摘要反推原文仍不可行；C错误，2017 年 SHAttered 已公布真实的 SHA-1 碰撞文件对；E错误，随机意外损坏与人为构造碰撞不同，漏检概率仍可忽略。","MD5、SHA-1、碰撞攻击、Flame"
"Z045","单选","密码算法","核心","有同事断言“SHA-3 无非是 NIST 给 SHA-2 打的补丁升级，相当于 SHA-2 的 3.0 版本”。以下事实中，最能直接纠正这一误解的是？","SHA-3 在 SHA-2 的压缩函数外增加了三轮混淆，属于增量加固","SHA-3 由 SHA-2 的原设计团队在原算法基础上修订而来","SHA-3 发布的直接原因是 SHA-2 出现了公开的实际碰撞","SHA-3 源自全球公开征集的算法竞赛，获胜算法 Keccak 的海绵结构与 SHA-2 的迭代结构完全不同","SHA-3 的海绵结构只是对 Merkle-Damgard 结构的参数调优","","","D","D正确：SHA-3 来自公开竞赛的 Keccak，海绵结构与 SHA-2 的 Merkle-Damgard 结构是两条独立技术路线，“补丁升级”的说法不成立。A两者不共享压缩函数，“增加三轮混淆”没有依据；B Keccak 由独立团队提出，不是原班修订；C发布时 SHA-2 并未被攻破，SHA-3 属前瞻性备份；E海绵结构与迭代结构是结构层面的差异，不是参数调优。","SHA-3、Keccak、海绵结构"
"Z046","单选","密码算法","核心","某签名系统计划将杂凑算法由 SHA-256 迁移为国密 SM3。评审过程中出现了以下意见，正确的是？","SM3 输出为 128 位，迁移后碰撞强度将从约 2^128 降到约 2^64","SM3 的碰撞抗性达到 2^256 量级，迁移后安全裕量高于原方案","SM3 强度介于 MD5 与 SHA-1 之间，仅适合非敏感业务","SM2 负责杂凑运算、SM3 负责签名运算，迁移时须将两者职能对调","SM3 输出同为 256 位，通用强度与 SHA-256 相当，可对等承担杂凑角色","","","E","E正确：SM3 输出 256 位（GB/T 32905），按生日界碰撞强度约 2^128，与 SHA-256 相当，属对等替换。A SM3 输出为 256 位，不存在降到 2^64 的问题；B按生日界 256 位输出的碰撞抗性约 2^128，与原方案相同而非更高；C SM3 与 SHA-256 强度相当，“介于 MD5 与 SHA-1 之间”没有依据；D职责表述颠倒，SM3 负责杂凑、SM2 负责签名与密钥交换。","SM3、国密哈希、算法替换"
"Z047","单选","密码算法","核心","某旧系统使用 HMAC-MD5 做接口报文认证。安全评审中有观点认为：“MD5 已能被实际构造碰撞，HMAC-MD5 的安全性等同于裸 MD5，应按完全失效处理。”以下对该观点的批驳，正确的是？","碰撞攻击的结论只对参与计算的那对报文有效，接口报文每次内容都不同，碰撞成果无法迁移复用","HMAC 外层叠加了基于 opad 的加密变换，被构造的碰撞报文无法通过外层解密校验","报文认证依赖的是哈希的抗原像性而非抗碰撞性，MD5 被实际攻破的只是抗碰撞性","HMAC 的带密钥结构使攻击者在不掌握密钥时无法针对内部哈希状态展开碰撞计算，MD5 的碰撞攻击难以直接移植到 HMAC-MD5","HMAC-MD5 的认证标签比 MD5 摘要更长，碰撞搜索空间成倍增大，实际不可行","","","D","D正确：HMAC 的带密钥两层结构使攻击者在不知道密钥时无法操控内部哈希状态，公开的 MD5 碰撞构造方法难以直接移植。A碰撞可先获取合法标签再移植到预构造的碰撞报文上，报文不同不妨碍利用；B opad 只是异或填充常量，HMAC 外层仍是哈希迭代而非加密；C认证伪造的关键仍可归结为碰撞问题，性质判断有误；E HMAC-MD5 输出仍为 128 位，标签并未加长。","HMAC、MD5、带密钥构造"
"Z048","多选","密码算法","核心","某接口的验签逻辑为“收到报文与签名→用对端公钥验签→通过即放行”。评审认为该流程缺少必要环节，以下补充属于必要改进的有？","验签通过后即可认定所使用的公钥归属无误，无需额外的归属确认环节","所用公钥应经证书或预置可信副本确认确属声称的签名方","公钥可直接采用来方报文自带字段中的值，只要验签算通过即说明该公钥可信","验签所用的摘要应由本次实际接收的完整报文重新计算，避免沿用报文之外的缓存值","验签失败时同样放行，仅以日志记录异常供事后审计","签名只绑定报文内容本身，时效与会话等上下文约束需由协议流程另行保证","","BDF","B、D、F正确：公钥归属须经证书或可信副本确认，这是验签的前提；摘要必须由本次实际接收的报文重算，签名才能绑定真实内容；签名不提供新鲜性与会话绑定，这类约束由协议另行保证。A错误，验签通过只说明报文由该公钥对应私钥签发，公钥归属是前提而非验签结论；C错误，公钥取自攻击者可控输入而缺乏信任锚，等于把归属判断交给对端；E错误，验签失败即内容或来源异常，放行使验证形同虚设。","数字签名流程、公钥归属、验签"
"Z049","单选","密码算法","核心","某系统用 PBKDF2-HMAC-SHA256 从用户口令派生加密密钥。运维提出：“盐是安全敏感参数，必须与密钥同样加密存储，盐泄露会导致密钥泄露。”正确的评估是？","盐必须保密，否则攻击者拿到盐即可离线枚举口令，系统安全将完全依赖盐的机密性","盐应从口令中截取派生，以避免额外的存储与传输开销","盐无需保密但必须保证唯一（如每用户独立随机生成），其作用是使相同口令派生出不同密钥并抬高预计算攻击成本，盐泄露本身不泄露密钥","可采用全系统固定常量作为盐，既便于集中管理又同时满足唯一与保密要求","盐泄露等同于口令泄露，应将盐拼接口令后再哈希一次以隐藏盐，顺带提升单次哈希的安全性","","","C","C正确：盐的价值在唯一性而非机密性，其作用是打破相同口令的相同映射并抬高预计算攻击成本，知道盐不等于知道密钥。A系统设计不应以盐保密为前提，泄露场景下攻击者通常能同时获得盐与验证材料；B从口令派生会使相同口令得到相同盐，破坏唯一性；D固定常量盐恰好废掉盐的作用；E拼接哈希隐藏不了盐的逻辑位置，单次哈希也不因拼接获得抗穷举能力。","KDF、PBKDF2、盐"
"Z050","单选","侧信道攻击","核心","某工程师认为：“同一芯片在同一时钟频率下，处理任何数据的功耗都应近似相同，因此功耗示波曲线不含数据信息。”以下解释正确的是？","CMOS 动态功耗来自时钟周期内节点电平翻转的充放电，翻转比特数随数据变化，瞬时功耗与中间值的汉明重量或前后状态汉明距离相关","动态功耗由密钥长度决定，密钥位数越多充放电越多，故由曲线幅度可反推密钥位数","电源管理设计已滤除数据相关分量，示波曲线仅剩时钟与供电噪声","功耗差异主要来自时钟信号抖动与工艺偏差，与所处理的数据内容无关","动态功耗由晶体管静态漏电流主导，其随机涨落无法与数据建立稳定对应","","","A","A正确：CMOS 动态功耗由时钟周期内翻转的比特数决定，翻转数与数据值相关，这正是汉明重量/汉明距离泄漏模型与 CPA 攻击的物理基础。B功耗对应的是数据翻转比特数而非密钥位数，曲线幅度推不出密钥长度；C电源设计只能压缩而非消除数据相关分量；D时钟抖动与工艺偏差解释不了功耗随数据值出现的规律性差异；E动态功耗远大于静态漏电流，且漏电流并非建模攻击的主要来源。","泄漏模型、汉明重量、汉明距离、动态功耗"
"Z051","单选","侧信道攻击","核心","某密码工程师在整改评审中提出：“把 RSA 密钥从 2048 位换成 4096 位后，攻击者从功耗轨迹恢复指数的工作量显著增加，SPA 威胁随之解除。”作为评审专家，应指出该结论的主要问题是？","RSA-4096 的单条轨迹长度翻倍，超出了 SPA 单轨迹形态判读的适用范围，SPA 在该长度下自然失效","更长密钥只延长轨迹，不消除“比特为 1 多一次乘法”的形态差异，逐位读取依然可行，应从恒定时间类实现入手消除分支泄漏","SPA 只对对称算法有效，RSA 属于公钥算法，本次整改本来就不是为了对抗 SPA","SPA 需要数百万条轨迹做统计，密钥翻倍使所需轨迹数同步翻倍，攻击成本已不可接受","SPA 读取的是指数的整体汉明重量而非比特位置，选用固定重量指数即可消除形态泄漏","","","B","B正确：SPA 泄漏的是操作序列形态，与密钥位数无关，有效对策是让每比特操作序列一致（恒定时间实现）。A轨迹随比特数同步变长，SPA 沿轨迹逐段读取，不存在适用长度上限；C“只对对称算法有效”是典型误区，RSA 分支结构恰是 SPA 的经典目标；D数百万条曲线是 DPA 类统计攻击的特征，SPA 依据单条或少量轨迹即可实施；E固定重量只固定乘法总次数，各比特位置上“是否多一次乘法”的形态差异依然存在。","SPA、平方乘法泄漏、恒定时间"
"Z052","多选","侧信道攻击","核心","安全团队复盘一次针对 AES-128 实现的 DPA 攻击事件，运维日志还原了攻击者的操作序列。下列哪些操作与 DPA 的典型流程相符？","用固定密钥加密约 1000 条随机已知明文，并同步采集每条明文对应的功耗曲线","对某个子密钥字节的 256 个候选，分别推算假设中间值并按其汉明重量把曲线分成两组做差分","差分轨迹出现显著峰值的候选被认定该字节正确，再转向下一个字节重复上述过程","把 16 个字节的候选组合成 2^128 个完整密钥，一次性遍历比较功耗","在未获取任何明文的情况下，直接按曲线幅值高低把曲线分成两组完成差分","每个字节仅采集 2 条曲线，通过目测形态差异直接判断候选是否正确","","ABC","A、B、C正确：固定密钥与已知明文批量采集是标准数据准备；按候选推算假设中间值并分组差分是核心步骤；正确候选差分出峰后逐字节推进符合 DPA 的恢复方式。D错误，DPA 按子密钥块逐段恢复，无需全密钥空间遍历；E错误，分组依据必须是候选假设下的中间值预测，按幅值分组得不到有意义差分；F错误，两条曲线目测形态属 SPA 式观察，DPA 依赖数百至数千条曲线统计。","DPA流程、子密钥分组差分"
"Z053","单选","侧信道攻击","核心","在对 AES 首轮实施的 CPA 中，分析者对首个子密钥字节的 256 个候选分别生成假设功耗序列（首轮 S 盒输出的汉明重量），并逐一与实测功耗曲线计算相关系数，得到 256 条相关轨迹。判定该字节正确取值的依据应当是？","假设汉明重量方差最小的那个候选","实测平均功耗最高的那个候选","相关轨迹上出现最高相关峰的那个候选","相关系数首次变为正值的那个候选","假设功耗均值最高的那个候选","","","C","C正确：CPA 以相关系数峰值作为判据，正确候选的假设功耗在泄漏时刻与实测功耗显著相关。A汉明重量方差是模型内部统计量，各候选间无判别力；B实测平均功耗不随候选变化，无法区分候选；D相关系数正负与泄漏极性和模型符号约定有关，“首次为正”不构成判据；E假设功耗均值是模型自身属性，不含与实测数据的对应关系。","CPA、相关系数判据"
"Z054","多选","侧信道攻击","核心","评估机构在给某密码模块编制威胁画像时，需要按攻击强度阶梯为各类功耗分析定位。下列说法正确的有？","SPA 处于阶梯低端，单条或少量轨迹的形态观察即可实施，门槛相对最低","DPA 需要数百至数千条曲线并做统计差分，定位在 SPA 之上","高阶 DPA 联合多个时间点的样本做统计，常用于对抗掩码类防护","模板/机器学习攻击需先在可控设备上 profiling 建模再对目标匹配，被普遍视为阶梯中能力最强的一档","采集曲线数量越多，攻击必然越成功","profiling 类攻击在建模后即无需目标设备配合采样，可直接离线完成全部工作","","ABCD","A、B、C、D正确：SPA 以形态观察为主、轨迹需求最少；DPA 依赖多曲线统计差分；高阶分析针对使一阶统计失效的掩码防护；profiling 类利用先验建模，能力上限最高。E错误，成败还取决于泄漏可利用性、噪声与防护水平；F错误，对目标的匹配阶段仍必须采集目标设备的实际功耗样本。","攻击强度阶梯、SPA/DPA/高阶/模板"
"Z055","多选","侧信道攻击","核心","攻击者针对一个一阶掩码实现（敏感值 v 拆成 X0=v⊕m 与 X1=m，m 每次加密刷新）设计高阶 DPA。下列技术判断正确的有？","两个共享必须在程序中相邻运算，否则高阶 DPA 无法实施","先对 X0、X1 各自做一阶 CPA 再综合两次结果，与真正的高阶组合等价","高阶 DPA 与一阶 DPA 的区别只是把多条轨迹叠加后再分析，联合的对象仍是同一时刻","可在同一条功耗轨迹内取两个时刻的样本做乘积组合，再将组合量与基于 v 的假设功耗做相关","乘积组合能消去只与单个共享线性相关的成分，使联合统计量重新与 v 相关","由于 m 逐次刷新，两个采样时刻应取自同一条轨迹，跨轨迹组合会失去与 v 的相关","","DEF","D、E、F正确：同轨迹双点采样后做乘积组合是高阶 DPA 的典型方式；以汉明重量类泄漏为例，两共享泄漏之积消去掩码的线性项后与 v 相关；掩码逐次刷新时跨轨迹组合不再保留与 v 的相关。A错误，两个共享可相距任意多条指令，只需对齐各自处理时刻；B错误，单个共享泄漏与 v 统计独立，分别一阶 CPA 得不到可综合的信息；C错误，高阶分析联合的是同一轨迹内不同时刻的多维信息，而非叠加更多轨迹。","高阶DPA、掩码、乘积组合"
"Z056","单选","侧信道攻击","核心","攻击者可在实验室对其采购的同型号设备大量采集功耗（该型号每台设备密钥独立随机生成，采购设备密钥已提取），而目标设备仅允许短时间接触、约能采集 5 条曲线。要恢复目标设备密钥，最合理的攻击路线是？","直接对 5 条目标曲线做 CPA，曲线数量少，噪声平均不足，相关性不稳定，成功率低","同型号设备出厂密钥统一固定，恢复同型设备密钥后直接外推目标密钥","在目标设备上采集两条不同明文的曲线做碰撞比对，凭相似度逐字节定位密钥","以 5 条目标曲线为训练集训练神经网络，实现端到端的密钥恢复","先在同型设备上 profiling 建立泄漏模板，再用 5 条目标曲线做最大似然匹配恢复密钥","","","E","E正确：模板攻击正是为“建模设备可大量采集、目标只能少量采样”的场景设计，少量目标曲线即可匹配。A曲线少只意味着 CPA 噪声平均不足、成功率低，不构成额外优势；B题干已说明各设备密钥独立生成，无法外推；D 5 条曲线不足以支撑逐字节碰撞恢复；E定向训练需要大规模有标签数据，5 条曲线无法构成训练集。","模板攻击、profiling、攻击路线"
"Z057","单选","侧信道攻击","核心","研究者在 25℃ 环境下用 A 批次芯片训练的深度学习模型，去攻击工作在 -40℃、不同封装批次的同型号 B 芯片，成功率显著下降。下列解释正确的是？","只要把目标曲线数量增加到足够多，成功率就能恢复到 A 批次模型的水平","应当改用 CPA 这类非 profiling 攻击，因为它不依赖建模设备，受工况影响也更小","泄漏特性随温度与工艺批次变化，模型跨设备、跨条件泛化会衰减，需要重新采集校准","成功率下降表明 B 芯片更换了密码算法或密钥长度，模板结构不再匹配","训练完成的模型与工作条件无关，下降只能归因于 B 芯片密钥的特殊性","","","C","C正确：泄漏幅度与噪声随温度、批次漂移，模型与目标泄漏分布失配导致泛化衰减，需重新校准。D同型号设备算法与密钥长度不变，失败源于泄漏分布漂移；E模型并非与工况无关，把失败归因于“密钥特殊”没有依据；A分布失配时增加目标曲线只能有限缓解；E（第二处）CPA 同样受工况影响，泄漏变化同样抬高其轨迹需求。","profiling泛化、跨条件衰减"
"Z058","单选","侧信道攻击","核心","某团队为一阶掩码 AES 制定侧信道评估方案，讨论“应按哪种对手能力设定通过判据”，正确的取法是？","以模板攻击、机器学习攻击这类能力上端的对手为参照设定判据，而不是只看 CPA 是否通过","只要 SPA 与 CPA 在规定轨迹量内都无法恢复密钥，即可认定一阶掩码达成设计目标","高阶 DPA 与模板攻击同属 profiling 类，评估覆盖其一即可同时覆盖两者","模板攻击建模成本高、现实威胁低，不必纳入判据，以免浪费评估资源","一阶掩码按一阶统计攻击设计，profiling 攻击超出设计范围，无需纳入评估","","","A","A正确：评估应按对手能力上限设定判据，profiling 类攻击处于谱系上端，只按 CPA 判定会系统性低估风险。B SPA 与 CPA 只代表非 profiling 的下限能力，通过它们不能证明对强对手的抵抗；C高阶 DPA 属非 profiling 统计攻击，与模板攻击分类不同，覆盖其一不等于覆盖另一；D威胁等级不由攻击成本单独决定，按能力上限评估是工程惯例；E评估范围由对手可能达到的能力决定，不因采用了何种防护而收窄。","评估判据、对手能力上限"
"Z059","多选","侧信道攻击","核心","某网站后台用软件实现的 RSA 私钥运算完成 TLS 握手。攻击者在互联网另一端发送构造的握手请求，并记录每次响应的到达时间。关于这条攻击路径，下列说法正确的有？","只要私钥运算的实际耗时依赖输入与密钥，远程攻击者原则上就能从响应时间序列中提取相关信息","跨网络测量引入的抖动属于随机噪声，攻击者可以增加样本量并做统计处理来提取其中的系统性信号","网络延迟的不确定性使远程计时攻击完全不可行，该风险只需针对内网攻击者考虑","攻击者无法干预服务器的调度与负载，因此响应时间中的噪声成分无法被任何手段削弱","只有把攻击程序部署到目标服务器所在的内网，计时测量才能得到有意义的数据","将该实现改造为恒定时间后，这条响应时间泄漏路径即可被关闭","","ABF","A、B、F正确：时序泄漏的本质是耗时与秘密相关，远程场景同样成立；抖动是随机噪声，大样本统计可保留与密钥相关的系统分量；恒定时间从源头消除耗时对秘密的依赖。C错误，网络延迟只是降低信噪比，远程时序攻击早已被验证可行；D错误，重复测量与统计聚合正是削弱随机噪声的常规手段；E错误，远程攻击只需能触发运算并计时，不要求进入内网。","远程时序攻击、恒定时间"
"Z060","单选","侧信道攻击","核心","团队需要为消息认证实现一个 32 字节定长标签比较函数，要求不泄漏“比较进行到哪一步”的信息。下列写法中符合要求的是？","从随机选定的起始位置开始环形比较，遇到不同字节仍然立即返回","循环中将每对字节的异或结果累积到一个变量，循环结束后统一判断该变量是否为零","先随机延时数毫秒，再按逐字节方式比较，遇到不同立即返回","先把两个标签分别做 Base64 编码，再逐字节比较编码结果，遇不同立即返回","逐字节比较，遇到第一个不相同的字节立即返回“不匹配”","","","B","B正确：全程执行固定次数的异或累积，结果只在最后统一形成，耗时与内容无关，符合恒定时间原则。A提前返回使耗时暴露最长匹配前缀长度，随机起点只是平移泄漏位置；C随机延时只叠加噪声，系统性耗时差异仍可被统计提取；D Base64 是双射编码，编码后逐字节提前返回的泄漏与直接比较等价；E提前返回正是要消除的秘密依赖分支。","恒定时间比较、提前返回泄漏"
"Z061","多选","侧信道攻击","核心","关于以 Prime+Probe 为代表的缓存攻击（攻击者测量自身访问耗时来推断目标留下的缓存状态）的实施条件，下列说法正确的有？","缓存本质上是操作系统管理的软件资源，通过权限配置即可彻底禁止跨进程的缓存状态观测","攻击者与受害者分时占用同一核心，或分别运行在共享末级缓存的不同物理核上，都可能完成观测","操作系统按时间片在两个进程间轮转调度的场景下，攻击者可以跨多次调度累积观测样本","攻击需要的是影响或观测目标所用缓存状态的能力，而不是读取目标内存内容的权限","同时多线程（SMT）下共享执行资源的场景，同样可能构成攻击面","只要两个进程没有被调度到同一物理核，缓存观测就完全失效","","BCDE","B、C、D、E正确：同核分时与跨核共享末级缓存都保留观测通路；时间片轮转下单次观测弱、多次累积即可恢复密钥；攻击只依赖缓存状态的间接观测，不需要读取目标数据；SMT 使逻辑核共享缓存与执行单元，是已知攻击面。A错误，缓存由硬件实现，权限模型管不到“访存耗时”这类可观测差异；F错误，末级缓存被多个物理核共享，跨核攻击不受同核限制。","Prime+Probe、缓存侧信道、SMT"
"Z062","单选","侧信道攻击","核心","甲、乙、丙三名攻击者的能力分别为：甲仅能通过互联网访问目标服务；乙持有目标主机上的低权限租户进程；丙可短时物理接触设备并连接测量探头。关于三人可利用的侧信道，下列判断正确的是？","丙具备物理接触能力，可以直接读出密钥寄存器内容，无需任何信号分析","三种位置对各信道的可用性没有本质差别，主要取决于采集设备的采样率","甲可利用的属于时序信道一类；乙具备缓存观测条件；丙可开展功耗与电磁采集","甲与目标不共享任何硬件，四类信道对其都不可实施","乙没有内核权限，任何缓存观测都无从开展","","","C","C正确：远程位置对应以总耗时为载体的时序信道，同机进程可观测共享缓存，物理接触才能采集功耗与电磁。A探头采集到的是模拟信号，密钥信息需经统计分析提取，“直接读出寄存器”混淆了探测与读取的能力边界；B三种位置决定了可用的信道集合不同，采样率只影响利用效率；B（第二处）远程时序攻击不依赖共享硬件；E用户态进程通过测量自身访存耗时即可开展缓存观测，无需内核权限。","信道分类、攻击者位置"
"Z063","多选","侧信道攻击","核心","实验室清点侧信道采集仪器，明确哪些仪器能“直接完成泄漏模拟波形的模数转换与存储”。符合条件的仪器是？","逻辑分析仪：采集数字接口的信号电平","频谱分析仪：替代示波器完成相关分析所需的波形采集","高速示波器：采集并数字化泄漏时域波形","高速采集卡：多通道记录泄漏波形数据","电磁近场探头：拾取目标芯片近场电磁泄漏","电流探头：耦合供电回路上的功耗波动","","CD","C、D正确：示波器与高速采集卡直接完成模拟泄漏波形的模数转换与存储。A逻辑分析仪做数字电平判决，不能采集模拟泄漏波形；B频谱分析仪给出频域分布，不承担相关分析所需的时域波形采集；E近场探头是电磁耦合传感器，输出仍需采集设备数字化；F电流探头是功耗耦合传感器，自身不做模数转换。","采集平台、传感器与采集仪器职责"
"Z064","单选","侧信道攻击","核心","某芯片设计团队计划在流片前对新固件开展侧信道预扫，希望低成本、快速地搭建可迭代的实验环境。下列选型判断正确的是？","商用平台是唯一可用的选择，开源设备不具备开展预扫的条件","选用 ChipWhisperer 后无需再做采样与触发配置，任何目标都能直接得到有效波形","选用 ChipWhisperer：开源一体化平台、社区资料丰富，适合预扫阶段的快速搭建与迭代","ChipWhisperer 只能做故障注入，无法承担侧信道采集任务","开源工具精度必然达不到实用，任何阶段都不应选用","","","C","C正确：ChipWhisperer 开源、采集与毛刺注入一体化、社区生态完善，适合低成本快速搭建与迭代预扫。A开源与商用平台定位互补，开源设备完全可以开展预扫；B任何采集平台都要针对目标配置采样与触发，免配置说法不成立；D ChipWhisperer 兼具侧信道采集与毛刺注入能力；E开源不等于精度必然不实用，预扫场景够用。","ChipWhisperer、开源平台、研发预扫"
"Z065","单选","侧信道攻击","核心","某实验室同时保有 ChipWhisperer 与 Riscure Inspector，正在规划两者的分工。合理的分工理解是？","Inspector 自动化程度高，因此其评估结论无需复核","配备 Inspector 后，团队成员不再需要掌握侧信道分析原理","配备 Inspector 后，密码算法层面的安全分析可以取消","ChipWhisperer 用于入门训练与研发预扫，Inspector 用于自动化正式评估与报告，两者定位互补","Inspector 只能做侧信道分析，故障注入任务必须全部交给 ChipWhisperer","","","D","D正确：开源平台承担训练与预扫、商用平台承担正式评估与报告，是典型的互补分工。A自动化不等于免复核，结论仍需人工审阅；B原理掌握是设计实验与解读结果的前提；E算法安全分析与物理评估互补，不可取消；E（第二处）Inspector 是侧信道/故障注入一体化平台，并非仅支持侧信道。","Riscure Inspector、商用平台分工"
"Z066","单选","侧信道攻击","核心","团队新员工培训中讨论“开源攻击设备只需几千元”这一事实对防护工作的含义，理解正确的是？","它说明任何人使用此类设备都必然攻击成功，防护已无意义","它说明此类攻击属于低成本手段，不构成现实威胁","它说明此类攻击只有国家级实验室才有能力发起，普通产品可不必防范","它说明威胁建模应以最顶级攻击者为唯一对象，中间能力攻击者可以忽略","它说明低成本攻击已构成现实威胁，但低成本不等于必然成功，防护应针对物理可达的中间能力攻击者展开","","","E","E正确：门槛低使威胁现实化，但成功率取决于实现与防护水平，威胁建模应覆盖物理可达的中间能力攻击者。A“必然成功”不成立，防护仍有意义；B低成本不等于无威胁；C中间能力攻击者即可发起攻击，并非仅国家级可行；D建模应覆盖中间能力攻击者，而非只盯最顶级攻击者。","攻击门槛、威胁建模"
"Z067","单选","侧信道攻击","核心","梳理智能卡 DPA（Kocher，1999）、Minerva（2019，OpenSSH/智能卡 ECDSA 时序泄漏）、TPM-FAIL（2019，TPM 内 ECDSA 时序攻击）与声学提取 RSA（2014）等经典案例，最能概括这批案例共同教训的结论是？","相关数学算法（RSA、ECDSA）的安全性证明被这些攻击逐一推翻","数学上安全的算法，因实现过程中的功耗、时序、声音等物理泄漏而被实际攻破","攻击成立都必须物理接触设备并拆封芯片直接测量内部功耗","此类泄漏仅存在于早期智能卡平台，现代服务器与 TPM 环境中并不出现","只要更换更强的算法参数（如更长的密钥），此类问题即可彻底解决","","","B","B正确：四个案例的共性正是“算法数学安全、实现泄漏致命”，覆盖功耗、时序、声学等不同物理量。A各案例中算法的数学安全性并未被推翻，被攻破的是具体实现；C Minerva 可通过网络观测时序实施，声学攻击非接触，均无需拆封测功耗；D Minerva 与 TPM-FAIL 恰恰发生在服务器与 TPM 平台；E泄漏源于实现而非参数强度，加长密钥无法消除。","经典案例、实现泄漏、算法安全≠实现安全"
"Z068","多选","侧信道攻击","核心","某公司产品线同时包含金融 IC 卡与批量部署的低成本智能水表，安全委员会讨论两类产品的防护等级分配，下列结论正确的有？","出货量最大的产品线应自动配置最高防护等级","为简化供应链，水表统一复用金融卡的同款芯片，认证成本可忽略","金融 IC 卡按 CC EAL4+/5+ 加商密认证的 SE 方案选型","两类产品均可仅依靠加密算法的数学安全性，无需评估实现层泄漏","智能水表不必照搬金融级 SE，应按其自身资产价值选择相应防护","防护投入应对应攻击成本阶梯：攻击金融卡的可得收益远高于篡改一只水表","","ACE","A、C、E正确：金融 IC 卡对应 EAL4+/5+ 加商密认证的 SE 方案；水表按自身资产价值与攻击成本阶梯选择防护；攻击者的预期收益决定合理防护投入。B复用金融级芯片的认证与器件成本在水表场景不成比例，违背成本-价值匹配；C出货量只是市场指标，不构成定级依据；D算法数学安全不等于实现安全，两类产品都需关注实现层泄漏。","防护等级匹配、攻击成本-资产价值阶梯"
"Z069","单选","侧信道攻击","核心","某企业同时开发智能音箱、加密货币硬件钱包与车控 ECU，按“攻击成本-资产价值”阶梯分配防护资源时，下列认识最准确的是？","防护等级由各产品线的研发预算规模决定，预算高者等级高","三者单台售价接近时，可采用完全相同的防护配置，与资产价值无关","钱包的主要风险是签名算法被数学攻破，防护重点应放在算法升级上","三类产品统一采用金融级 SE，以获得一致的最高安全基线","防护配置应分级：钱包侧重 SE 与抗电压毛刺，ECU 侧重安全启动与调试口管控，音箱按其较低资产价值做基础防护","","","E","E正确：按资产价值与攻击成本阶梯分别配置，钱包、ECU、音箱各有对应的标准防护组合。A预算只是资源约束，不构成定级依据；B售价相近不等于资产价值相近，钱包中可直接变现的密钥价值远超同价音箱；C钱包的现实风险主要是实现层与物理层攻击，并非算法被数学攻破；D统一上金融级 SE 忽视了资产价值差异与成本约束。","防护分级、硬件钱包、汽车ECU"
"Z070","多选","侧信道攻击","核心","从智能卡 DPA、Minerva、TPM-FAIL 到声学 RSA 提取等案例中，可以归纳出的工程教训有？","算法的数学安全性不会自动传递到具体实现，实现安全需要单独验证与建设","更换更长密钥的算法版本，可以从根本上避免此类攻击","恒定时间实现与高质量随机数（如 ECDSA 的 k）等实现层措施是必需的","侧信道问题只在智能卡等专用安全芯片中出现，服务器与普通嵌入式平台无需考虑","产品上线前应安排侧信道预评估，而非依赖事后补救","主流开源密码库经过大量代码审计，天然不存在侧信道问题","","ACE","A、C、E正确：算法安全与实现安全是两个层面；恒定时间与随机数质量直接对应案例中的泄漏利用路径；上线前预评估使泄漏在量产前暴露。B泄漏在实现层，加长密钥不改变时序、功耗差异的存在；D Minerva 与 TPM-FAIL 分别发生在通用服务器与 TPM 环境，“仅限智能卡”不成立；F代码审计不等于物理泄漏分析，开源库同样需要实现层防护与评估。","实现层教训、预评估、恒定时间"
"Z071","多选","侧信道攻击","核心","评审某 AES 芯片的布尔掩码加固设计说明书，说明书中的下列表述，哪些符合掩码机理？","每轮中间值 v 以 v⊕m 与 m 两份共享分别参与运算，在输出密文前再合并还原","每份共享单独观察都不构成对 v 的直接泄露，v 的信息只体现在共享的组合关系中","掩码实现与未掩码实现输出完全相同的密文，上位机功能测试判据无需修改","为节省 RNG 开销，掩码随机数可每 1000 次加密更换一次","掩码增加了攻击者需要猜测的变量数，因此 AES 密钥的数学强度得到提升","掩码随机数由片上 RNG 在每次加密时重新生成，各次加密之间相互独立","","ABCF","A、B、C、F正确：掩码把中间值拆成 d+1 份随机共享分别处理、最后合并；随机时单份共享与秘密统计独立；掩码只改变中间值表示，密文不变；随机数须每次加密刷新。D错误，跨多次加密复用会退化为固定关系；E错误，掩码是实现层防护，不改变密钥空间与数学强度。","布尔掩码、共享结构、随机数刷新"
"Z072","单选","侧信道攻击","核心","评审某芯片的抗 DPA 掩码方案时发现，为节省随机数开销，实现中“掩码随机数”被替换为编译期固化的常量 c，中间值始终以 v⊕c 形态参与运算。对该方案有效性的正确判断是？","只要 c 的位宽与密钥相当，固定常量掩码与随机掩码防御等效","固定常量掩码可抵御一阶 DPA，但会被更高阶的 DPA 攻破","拆分形式仍然成立，一阶 DPA 无法建立功耗与密钥假设之间的联系","v⊕c 与 v 仅差固定常量，泄漏与秘密的对应关系固定可统计，一阶 DPA 仍可照常工作","固定常量使泄漏幅度降低约一半，攻击成本显著上升","","","D","D正确：掩码的安全性来自随机性，固定 c 只是给假设叠加已知偏置，攻击者修正假设后一阶 DPA 照常工作。A防御力取决于随机性而非常量位宽；B标准一阶 DPA 即可攻破，无需更高阶；C拆分形式不等于随机化，固定 c 下共享与 v 一一对应；E掩码不以降低泄漏幅度方式起效，固定常量也无此效应。","固定掩码失效、随机性"
"Z073","单选","侧信道攻击","核心","某 ASIC 的一阶掩码实现在评估中呈现明显一阶泄漏。逻辑设计审查确认：共享在寄存器级始终分离、掩码随机数每次加密正常刷新。最可能的技术原因是？","时钟树偏斜使部分寄存器采样时刻漂移，破坏了共享分离的时序前提","供电电压偏高使开关电流整体增大，泄漏幅度上升但相关结构不变","组合逻辑深度较大的区域发生毛刺，瞬态使多份共享同时影响某个门的输出，形成与秘密相关的一阶泄漏","测试机采集探头接地不良，引入了与密钥假设巧合相关的噪声","扫描链设计压缩了共享之间的物理间距，引发耦合泄漏","","","C","C正确：寄存器级分离挡不住组合逻辑内部毛刺造成的共享瞬时相遇，这正是 Threshold Implementation 要解决的问题。A受控的采样偏斜不改变共享取值分离，不产生数据相关泄漏；B电压缩放不建立泄漏与秘密的相关性；A（第二处）随机噪声与密钥假设无固定关系，解释不了稳定相关峰；E物理间距对应耦合类泄漏，与门级共享相遇机理不同。","毛刺泄漏、Threshold Implementation"
"Z074","多选","侧信道攻击","核心","项目组首次在 SoC 中引入掩码对策，做资源预算时收集到下列观点，其中正确的有？","掩码只影响内部数据表示，电路面积与功耗开销可以忽略不计","掩码随机数的需求量随阶数增长，RNG 的吞吐率与自检设计需同步扩容","共享份数增加使组合逻辑、寄存器与布线规模上升，时序收敛难度加大","掩码实现的运算路径更复杂，设计与验证的工作量显著高于朴素实现","掩码阶数越高安全边际越大，代价可以在预算中按零增项处理","掩码随机数可从主密钥扩展得到并跨加密复用，无需为 RNG 预留吞吐率","","BCD","B、C、D正确：随机数需求、电路规模与验证复杂度随阶数增长，都是掩码的固有代价，必须纳入预算。A面积与功耗开销显著，不能按忽略处理；E阶数与代价要按威胁等级权衡，不存在零增项；F密钥派生的固定值不满足每次刷新的随机性要求。","掩码代价、RNG、面积与验证"
"Z075","单选","侧信道攻击","核心","某团队在 AES 芯片上完成噪声发生器加装与随机延时插入后，示波器单条功耗轨迹上已观察不到与轮密钥相关的特征尖峰，遂在整改结论中写明“该实现已无法被 DPA 攻破”。评审质疑该结论，最有力的依据是？","噪声发生器与主时钟同源时输出呈周期性，改用异步噪声源后整改结论才可能成立","随机延时只能依靠增加掩码份额来化解，统计对齐类方法对其无能为力","应更换更高模拟带宽的示波器重新观察单条轨迹，特征尖峰通常仍可直接读出","隐藏类措施必须与掩码类措施配套使用，单独依赖隐藏的方案不具备下结论的条件","隐藏只是压低泄漏的信噪比，数据相关分量依然存在，攻击者可通过增加轨迹数做统计平均把差异重新积累出来","","","E","E正确：隐藏降低的是信噪比而非相关性，数据相关分量仍在，轨迹数增加后统计平均可重新积累差异，这正是该结论的根本漏洞。A噪声源周期性只是实现细节，未触及结论层面的错误；C表述与事实相反，随机延时恰可通过统计对齐化解；D DPA 依赖大量轨迹统计，单条轨迹的可视分辨率不是攻防可行性的判据；B掩码与隐藏机理正交、可单独使用，“必须配套”的前提不成立。","隐藏边界、信噪比与相关性"
"Z076","多选","侧信道攻击","核心","某智能卡芯片团队对 AES 协处理器制定抗 DPA 整改清单，评审会上共有六项候选措施待归类。其中属于“隐藏（Hiding）”类的有？","在电源网络中集成片上噪声发生器，向功耗轨迹注入与数据无关的随机噪声","对每一轮中各运算模块的执行顺序进行随机乱序，使泄漏事件在时间轴上抖动","将每个中间值拆分为两个随机份额分别送入 S 盒运算，输出后再合并还原","数据通路改用 WDDL 双轨预充电逻辑，使每个周期翻转的比特数保持恒定","在电源入口增加稳压与滤波电路，平滑负载电流的瞬时波动","每轮运算前用新的随机数刷新轮密钥，使实际参与运算的密钥中间值随机化","","ABDE","A、B、D、E正确：噪声发生器压低泄漏信噪比；乱序属时间维度隐藏；WDDL 恒定翻转压平功耗；稳压滤波平滑电流波动，均为隐藏类手段。C拆分随机份额改变的是泄漏与秘密的相关性，属掩码类；F密钥随机化使中间值不再与固定秘密相关，同样属掩码思想而非降信噪比的隐藏。","隐藏手段、shuffle、WDDL、归类"
"Z077","多选","侧信道攻击","核心","某芯片的 WDDL 实现完成流片，泄漏评估却在统计分析中发现了显著的数据相关残余泄漏。下列关于其原因的解释，合理的有？","双轨线存在布线长度或负载不平衡，两条轨的翻转时刻差异随数据可观测","WDDL 的份额生成器输出分布偏斜，掩码随机性发生退化","部分单元存在早传播特性，输出翻转时刻部分依赖输入数据的到达情况","综合优化工具把部分双轨冗余结构当作普通逻辑处理，破坏了恒定翻转的前提","恒定翻转只压平了活动因子层面的差异，版图级不平衡引入的残余相关本就无法被 WDDL 机理自身消除","WDDL 对各阶泄漏均有免疫能力，实测残余泄漏应归因于测量环境的误差","","ACDE","A、C、D、E正确：双轨不平衡是 WDDL 最典型的残余泄漏来源；早传播使泄漏时序重新与数据挂钩；综合工具优化掉双轨冗余会破坏恒定翻转前提；WDDL 压制的是活动因子差异，版图级不平衡需物理设计自行平衡。B错误，WDDL 内部不存在份额生成器，该解释建立在“把 WDDL 当掩码”的错误归类上；F“各阶免疫”是过度承诺，把实测泄漏推给测量环境会掩盖真实缺陷。","WDDL、双轨不平衡、早传播"
"Z078","单选","侧信道攻击","核心","某项目安全预算仅够实施一类防护及其配套验证。方案会上一位工程师主张“掩码是主流方案，直接上掩码”，另一位主张“隐藏改动小，直接上隐藏”。项目经理此时最应推动的下一步是？","先实施隐藏并预留接口，掩码留待下一代产品再评估补装","先对现有实现做泄漏评估，定位主要泄漏源与泄漏路径，再结合目标安全等级决定投入方向","直接实施掩码，因为掩码降低泄漏与秘密的相关性，是原理上更强的那类措施","组织对两类措施的公开文献做引用量统计，按多数文献的选择立项","直接实施隐藏，因为隐藏不改动数据通路与算法时序，工程风险更低","","","B","B正确：预算受限时的正确流程是先评估定位主要泄漏源，使有限投入对准真实短板再决定方向。C、E两类措施机理正交、无绝对强弱，绕过评估直接立项缺乏依据；D文献倾向反映通行做法，不能替代针对本实现的泄漏证据；A分阶段实施可以是策略，但在评估之前先行锁定方案同样缺乏依据。","防护决策、泄漏评估先行"
"Z079","单选","密码算法","核心","某 RSA 私钥运算实现在模幂前执行 x'=x·r^e mod n，模幂后按 y'=y·r^(-1) mod n 去盲，r 为每次签名更换的随机数。该措施削弱 DPA 威胁的根本原因是？","运算被整定为常数时间，功耗曲线幅度随之趋平，差分均值不再随密钥变化","随机数使各轮数据的汉明重量趋于均衡，功耗信号的整体幅值明显下降","去盲运算引入的额外功耗淹没了模幂本身的泄漏信号","中间值被随机数掩盖，同一密钥多次运算的功耗轨迹互不相同，差分统计难以稳定聚焦密钥相关分量","模幂被替换为无查表的位运算实现，消除了访存行为与密钥的关联","","","D","D正确：盲化使每次运算的中间值随机化、功耗轨迹与固定密钥运算脱钩，差分平均无法积累。A恒定时间整定的是时序而非功耗幅值，属措施能力错位；B随机化改变的是数据与密钥的关联而非功耗均值，属隐藏类措施的误置；C额外运算只是增加开销，不会淹没模幂阶段的泄漏；E bitslice 类实现技术的特征，盲化并未改变模幂的运算形态。","RSA盲化、DPA去相关"
"Z080","单选","密码算法","核心","某密码库将软件 AES 改写为 bitslice 实现：S 盒由纯位运算逻辑计算，全程不访问查找表。该改写直接针对的侧信道途径是？","分组间因填充长度不同产生的处理时长差异，即填充预言类泄漏","轮密钥由低熵随机数派生导致的密钥可预测问题","轮运算查表时按秘密相关索引访存，缓存命中/缺失差异形成可观测的时序泄漏","S 盒输出的汉明重量直接调制功耗，形成可差分的功耗泄漏","密钥扩展过程中轮密钥写回内存造成的访存泄漏","","","C","C正确：bitslice 用寄存器内位运算取代查表，秘密相关访存消失，缓存时序与密钥脱钩。A填充预言属于协议层时序问题，与查表访存无关；B位运算仍有汉明重量功耗泄漏，bitslice 不针对功耗面；D低熵派生属随机数质量问题，不是侧信道途径；E密钥扩展是一次性的内存写入，不是本轮改写针对的逐字节查表泄漏。","bitslice AES、缓存时序泄漏"
"Z081","多选","侧信道攻击","核心","安全负责人主张“芯片已部署有源屏蔽，其余侧信道防护可全部裁剪”。下列结论正确的有？","有源屏蔽防的是物理探测，不会改变运算本身产生的功耗泄漏，电路层掩码仍有必要","有源屏蔽的监测信号与功耗泄漏同源，部署后掩码自然冗余","若关心电源引脚上的信号泄漏，应部署稳压滤波等措施，这与有源屏蔽分工不同","物理层防护做到位后，算法层盲化的贡献可以忽略，可以省略","物理层与算法层、电路层、实现层针对的泄漏面不同，互补而不互相替代","电路层掩码可以替代有源屏蔽，二者只需保留其一","","ACE","A、C、E正确：有源屏蔽不改变运算的电学行为，功耗泄漏仍需电路层措施；稳压滤波与防物理探测的屏蔽各司其职；各层泄漏面不同、互补不替代是分层防护的基本结论。B监测信号与功耗泄漏没有同源关系，裁剪掩码会重新暴露功耗面；D盲化针对的算法可利用性与物理防护针对的侵入探测互不覆盖；F反向替代同样不成立，掩码防不了探针读取。","有源屏蔽、防护分层、互补不替代"
"Z082","多选","密码算法","核心","某签名模块已部署算法层盲化与实现层恒定时间，未做掩码与屏蔽。按分层防护与安全声明规范，正确的做法有？","在声明中写明已部署层次覆盖的攻击类型，如时序类泄漏已消除、一阶功耗分析被削弱","声明“功耗泄漏已完全消除，可抵御任意阶 DPA”","声明“盲化属物理层措施，可防御开盖探针读取”","同时说明未部署电路层与物理层措施，对高阶 DPA 与侵入探测不做承诺","声明“恒定时间实现等价于掩码，电路层无需评估”","因未部署掩码，声明该产品“不具备任何侧信道防护”","","AD","A、D正确：按实际部署的层次与攻击类型、阶数写明覆盖范围，并如实披露未覆盖的泄漏面，是安全声明的规范做法。B未做掩码却宣称消除功耗并覆盖任意阶，超出实际能力；C层次定位错误，盲化不能防御物理读取；E恒定时间与掩码分属不同层、机理不同，不能等同；F该产品确有算法层与实现层防护，全盘否定同样不符合事实。","安全声明、防护分层"
"Z083","单选","故障注入","核心","攻击复盘记录显示：攻击者在目标 MCU 执行 PIN 比较指令的瞬间，对其电源轨施加了一个持续数十纳秒的电压跌落，随后供电恢复正常；设备未复位，但本次运行跳过了 PIN 比较。从电路层面看，攻击生效的直接原因是？","电压跌落触发了内部欠压复位，CPU 从头执行时恰好不再经过比较环节","电压跌落使时钟周期被拉长，CPU 因执行超时而主动跳过比较环节","电压跌落使比较指令对应的 Flash 存储位翻转，比较逻辑读到了被改写的指令","电压跌落使 PIN 比交所用的数字比较器模拟阈值发生偏移，输出恒为“相等”","电压跌落使部分寄存器出现时序违例或进入亚稳态，锁存了错误状态，分支被错误执行","","","E","E正确：瞬态供电扰动破坏时序使寄存器锁存错误值，宏观表现为指令跳过或错误计算。A题干明确设备未复位，复位并非生效路径；B电压跌落并不直接改变时钟周期；C电压毛刺属非侵入式瞬态扰动，不会改写 Flash 内容；D PIN 比较是纯数字逻辑，不存在模拟阈值偏移机制。","电压毛刺、亚稳态、时序违例"
"Z084","多选","故障注入","核心","蓝队复盘一次已披露的攻击事件：攻击者对电源毛刺的宽度、深度与注入时机做了大量组合扫描，仅少数尝试使目标校验被跳过。关于此类攻击的成败规律，正确的有？","宽度、深度、时机等参数存在有效窗口，需要扫描搜索才能命中敏感点","单次注入成功率通常较低，攻击往往依赖大量重复尝试","每次注入失败都说明该设备已具备完善的毛刺防护设计","若芯片对电源和时钟异常有完善监测并能立即进入安全态，毛刺攻击效果会明显受限","参数扫描命中一组有效组合后，即可保证后续每次注入都成功","受亚稳态随机性影响，同一组参数的多次注入可能得到不同结果","","ABDF","A、B、D、F正确：三要素的有效窗口需扫描获得；低单次成功率、靠重复尝试是常态；监测完善的芯片毛刺效果受限；亚稳态使注入结果具有不确定性。C失败更可能只是参数未命中，不能断定防护完善；E命中参数后结果仍有随机性，无法保证每次成功。","电压毛刺、参数扫描、成功率"
"Z085","单选","故障注入","核心","渗透测试记录：对某 MCU 施加宽度较大的时钟毛刺时，设备每次都立即复位重启；将毛刺收窄并调整注入时机后，偶发一次校验被跳过且未复位。对该现象的分析，正确的是？","设备的时钟监测机制捕获了异常周期并触发复位，而更窄的毛刺有机会落在监测响应窗口之外","复位说明芯片的电源监测器在起作用，与时钟监测无关","校验被跳过说明监测器已被关闭，后续注入都将成功","该 MCU 内部并无任何时钟监测，复位由固件主动重启导致","宽毛刺因能量更高总是能绕过时钟监测器","","","A","A正确：复位说明监测在起效，收窄毛刺以避开检测窗口正体现了时钟毛刺与监测机制的对抗关系。B现象由时钟异常直接引发，归因于电源监测与记录不符；C单次成功不代表监测失效，注入结果仍具随机性；D异常时钟沿后立即复位的特征与时钟监测触发一致；E宽毛刺造成的周期偏离更明显，更容易被监测器捕获而非绕过。","时钟毛刺、时钟监测、攻防对抗"
"Z086","多选","故障注入","核心","安全工程师在内部培训中向产品团队对比侧信道与故障注入两类物理威胁。以下表述正确的有？","两类攻击的目标都是让设备输出错误结果，只是施加扰动的方式不同","侧信道攻击中设备按设计正常执行，攻击者从功耗、电磁等物理观测量中推断秘密","故障注入攻击中设备被主动扰动而出现非预期行为，例如校验被跳过、计数器不递增","两类威胁的防护措施可以完全互换，部署任意一套即可同时覆盖","只要设备行为正常、输出无误，就能证明其密钥没有被侧信道分析获取","侧信道通常在设备正常运行期间即可采集，故障注入一般需把扰动时机对准敏感操作的执行窗口","","BCE","B、C、E正确：侧信道是被动观测，秘密经正常执行中的物理量间接泄露；故障注入以诱发出错行为为特征；侧信道随时可采而故障注入依赖时机命中，约束条件不同。A侧信道的目标是推断秘密而非让设备出错；D两类威胁防护路线不同（堵泄漏对检测、冗余、fail-closed），不能互换覆盖；D（第二处）设备完全正常恰恰是侧信道采集的前提，输出无误不能证明未泄露。","故障注入与侧信道、威胁模型对比"
"Z087","多选","故障注入","核心","关于 EMFI 的工作机理与技术定位，下列说法正确的有？","通过聚焦离子束刻蚀修改芯片内部金属布线来制造故障，实验后电路发生永久改变","脉冲功率驱动器激励探头线圈产生瞬态强磁场，在芯片内感应电流从而扰动局部电路","探头必须与芯片表面电气接触并直接注入电流毛刺，系统才能生效","瞬态磁场可穿透封装起作用，实验中无需去除芯片封装","靠光子在 PN 结产生光电流引起故障，物理机理与激光注入相同","属于主动注入手段，与仅采集电磁泄漏的被动侧信道分析有本质区别","","BDF","B、D、F正确：EMFI 以“脉冲磁场—感应电流—局部扰动”为机理，非开封可作用，属主动注入、区别于被动采集泄漏。A永久修改电路是 FIB 的特征，EMFI 不改动电路；C EMFI 非接触作用，不依赖电气接触；E光生电流是激光注入的机理，EMFI 依靠感应电流。","EMFI、机理、与FIB/激光/侧信道辨析"
"Z088","单选","故障注入","核心","技术研讨会上有人提问：为什么激光故障注入能实现单比特翻转或跳过单条指令，而 EMFI 通常只能造成较大范围的局部扰动？下列解释正确的是？","因为激光光斑可聚焦到微米级，在 PN 结处产生光电流直接翻转比特，作用位置与范围精确可控","因为激光波长更长、绕射能力更强，可以绕过金属层作用于芯片内任意位置","因为时间精度是唯一决定因素，只要脉冲足够窄就必然命中目标比特","因为 EMFI 无法在芯片内感应出电流，只能依靠探头机械振动干扰电路","因为激光脉冲的能量足以烧毁整个电路区域，从而强制改变执行流程","","","B","B正确：微米级聚焦与 PN 结光生电流机理是 LFI 单比特级空间精度的来源。A LFI 依靠光生电流翻转比特，而非烧毁电路；C绕射说法与聚焦原理相悖，“任意位置”也不成立；D单比特命中同时依赖空间聚焦，时间精度并非唯一因素；E EMFI 正是通过感应电流扰动电路。","LFI、单比特精度、光生电流"
"Z089","单选","故障注入","核心","某实验室为四种评估需求各匹配一种注入手段：①不破坏封装条件下的全局性扰动试错；②不破坏封装条件下的局部区域扰动；③单比特级精确翻转；④对芯片内部走线做永久性修改。下列匹配最合理的是？","①电压毛刺 ②LFI ③EMFI ④FIB","①FIB ②EMFI ③LFI ④电压毛刺","①EMFI ②电压毛刺 ③LFI ④FIB","①电压毛刺 ②EMFI ③LFI ④FIB","①电压毛刺 ②EMFI ③FIB ④LFI","","","D","D正确：全局试错配电压毛刺、非开封局部扰动配 EMFI、单比特翻转配 LFI、永久修改配 FIB，与各手段能力边界一致。A LFI 无法在不开封下使用，EMFI 也达不到单比特粒度；B FIB 侵入式永久修改不适合非破坏性全局试错；C EMFI 是局部扰动而非全局扰动，电压毛刺反之；E FIB 不用于单比特故障翻转演示，LFI 也不是非开封手段。","注入手段匹配、能力边界"
"Z090","多选","故障注入","核心","某芯片已部署电压/时钟/光/温度传感器，关键安全分支仅做一次判断。评估中该芯片被 EMFI 绕过关键检查，且各传感器均未告警。事后分析中，下列结论正确的有？","该事件说明任何防护对该芯片都无效，已无进一步加固空间","光传感器未告警属正常现象，EMFI 无需开封，而光传感器主要针对开封及异常环境","电压/时钟传感器未告警即证明其完全失效，应全部拆除并仅保留光传感器","该事件说明仅靠封装无法防御 EMFI 这类非接触注入手段","关键分支仅判断一次，指令被跳过后缺少重复判断兜底，是检查被绕过的合理解释","整改可在关键计算中引入双路冗余比对，并让关键分支重复判断，针对性提升对局部扰动与指令跳过的抵抗","","BDEF","B、D、E、F正确：EMFI 不涉及开封，光传感器不触发属预期；封装不构成对非接触注入的防御；缺少重复判断使指令跳过难以被发现；冗余比对与重复判断正是对症整改。A冗余比对与重复判断正是可补充的防护，“无加固空间”不成立；C电压/时钟传感器针对毛刺类条件，EMFI 本就不在监测范围，未告警不等于失效。","防护失效归因、传感器与冗余、EMFI"
"Z091","单选","故障注入","核心","攻击者对一台运行中的笔记本电脑实施冷启动攻击：先用冷冻喷剂持续冷却内存芯片，随后切断电源，并迅速将内存条转移到自备设备上读出内容。冷却操作在这一攻击中的作用是？","促使密钥从易失性内存转存到非易失性存储，随内存条一起被带走","显著减缓断电后内存残留数据的衰减，为拆运与读出争取足够的时间窗口","将存储单元中的电荷永久锁定，使数据在断电后不再发生任何衰减","触发内存控制器的自刷新机制，由硬件在掉电期间继续维持全部内容","抑制下次开机时的内存清零动作，使系统重启后密钥仍完整可用","","","A","A正确：低温减缓残留衰减，为攻击者留出拆运和重读的时间窗口。B冷启动读取的是易失性内存中的残留，不存在降温触发转存的机制；C残留仍随时间衰减，低温只是减缓而非消除；D自刷新需要供电支持，掉电后控制器无法维持内容；E冷却并不能抑制开机清零，攻击依赖断电期间的残留。","冷启动攻击、内存残留、低温"
"Z092","多选","故障注入","核心","关于 FIB（聚焦离子束）的手段属性，下列论断正确的有？","FIB 属于侵入式手段，需要开封并实际改动芯片内部结构","FIB 对电路的修改是永久性的，断电或复位都不会使其自动消失","FIB 依赖实验室级设备，实施成本与工艺门槛都很高","FIB 与开封后激光注入都需要开封，因此两者属于同一侵入等级的手段","FIB 的改动属于瞬态故障，只在加工期间存在，断电后自动恢复","FIB 加工属于被动观测，只对电路成像而不改变电路","","ABC","A、B、C正确：开封并实际改动内部结构正是侵入式判据；物理切割与沉积一旦完成即固化不可逆；成本极高、依赖实验室级设备。D错误，侵入等级取决于是否接触并改动电路，激光注入开封但不接触电路属半侵入；E错误，FIB 的改动是永久性修改而非瞬态故障；F错误，FIB 会移除或添加材料，是主动改动而非被动观测。","FIB、侵入式、永久修改"
"Z093","单选","故障注入","核心","在侵入程度谱系中，“开封后激光注入（半侵入）”与“FIB 修改内部布线（侵入）”的关键分界在于？","所需设备的成本等级，费用高低决定了手段的侵入归类","影响是否可逆，FIB 的影响是瞬态的，激光的影响是永久的","是否需要先把芯片开封暴露内部","是否属于主动手段，一方主动注入能量而另一方被动等待信号","是否与芯片内部电路发生实际接触或改动，激光只辐照不接触电路，FIB 直接加工电路","","","E","E正确：半侵入与侵入的分界正是“开封但不接触电路”与“接触并改动电路”。A两者都需要开封，开封与否不是分界；B可逆性说法颠倒，FIB 改动是永久的而激光故障是瞬态的，且这不是谱系分界判据；C两者都是主动手段；D成本与侵入程度相关但不是归类判据。","侵入程度谱系、半侵入与侵入"
"Z094","多选","故障注入","核心","实验室收到一批退回的智能卡，怀疑曾被开封并做 FIB 修改。关于取证判断，下列说法正确的有？","封装开封通常会留下可检测的物理痕迹，可作为筛查依据","FIB 对金属布线的切割与沉积属于物理改动，显微检查可发现加工痕迹","将封装材料重新涂覆后，开封痕迹就完全不可检测","取证只能依赖软件日志，物理痕迹不能作为证据","即使攻击最终未成功，开封与加工尝试也可能留下痕迹，支持取证结论","只要修改后芯片仍能正常工作，取证上就无法发现任何异常","","ABE","A、B、E正确：开封痕迹可检测是侵入式攻击取证的基本依据；FIB 加工痕迹留在物理结构上可由显微手段检出；未遂攻击同样可能留下开封或加工痕迹。C重新涂覆不能消除开封曾被打开的事实；D物理痕迹恰是侵入式攻击取证的主要证据来源；F功能正常不代表物理痕迹消失，痕迹检测不依赖功能异常。","侵入攻击取证、开封痕迹"
"Z095","单选","故障注入","核心","某物联网设备的固件升级签名采用 RSA-CRT。运维人员得知设备曾被注入一次故障并输出过一条错误签名，他的判断是：“把那条错误签名作废、重新签发即可，影响仅限那一次升级。”以下说法正确的是？","攻击者利用该错误签名只能伪造同一条消息的签名，对其他消息的伪造无效","一次错误签名足以让攻击者分解 N 并恢复完整私钥，此后该密钥下的所有签名均可伪造，作废单条签名不能消除风险","错误签名泄露的只是当次运算的中间缓存，密钥本身未受影响，但该消息必须换钥重签","签名出错说明设备内的私钥已被故障改写，后续所有签名都会验签失败，攻击者反而一无所获","只要重签时更换了消息内容，攻击者手中旧错误签名与正确签名的差值就不再有意义","","","B","B正确：Bellcore 的产出是整个私钥而非单条签名，密钥一经恢复，历史与后续签名都面临伪造风险。A恢复私钥后攻击者可对任意消息签名，不受“同一条消息”限制；C泄露的不是临时缓存而是与素因子相关的数学关系，重签单条消息解决不了密钥泄露；D故障只影响当次运算输出，密钥存储并未改变；E攻击者已握有正误签名对与 N，重签新消息不会抹掉已有的 gcd 关系。","Bellcore、私钥泄露后果"
"Z096","单选","故障注入","核心","设备已实现“签名后公钥自验签，不通过不出签名”。但量产固件保留了一个调试接口，可读取“最近一次签名运算的原始输出缓冲区”。该功能带来的风险是？","Bellcore 分析需要的是 CRT 中间值，调试口只输出最终缓冲区，因此对攻击没有帮助","调试接口只存在于开发阶段，量产固件中的残留代码不构成可利用的攻击面","攻击者可经调试口取到被拦截的错误签名，gcd 变现通道被重新打开，自验签防护形同虚设","调试口读取动作会触发密钥自毁，攻击者最多获得一次采样，不足以完成对 N 的分解","读取的数据在输出前也会经过同一套公钥验签，验签不过的数值无法经此通道流出","","","C","C正确：防护的本质是切断错误签名的一切外泄通道，调试口提供了绕过正常输出路径的新通道。A Bellcore 需要的恰是最终的错误签名数值而非中间值；B量产固件中的调试代码可能被特定条件重新激活，作为普遍论断不成立；D一条错误签名加一条正确签名就足够分解 N；E调试口读取的正是验签环节之前的原始缓冲区，不会重新经过那道拦截。","输出通道完整性、调试接口风险"
"Z097","多选","故障注入","核心","关于 AES 差分故障分析（DFA）的能力与适用范围，下列说法正确的有？","DFA 的产出是轮密钥进而主密钥，攻击者拿到密钥后可自行加解密任意数据，而不只是破坏当次密文","恢复 AES-128 主密钥所需的有效故障样本是个位数到几十个的量级，远少于功耗分析所需的轨迹数","对 FPGA 或专用硬件 AES 引擎，只要故障能作用于其末轮运算，DFA 同样成立","只要一次故障成功注入，128 位主密钥即全部解出，无需再对密文做配对分析","攻击者必须能取得同一输入下的正常密文与错误密文各一份，否则差分无从谈起","DFA 在原理上只适用于 AES-128，对 AES-256 这类更长密钥的算法无法实施","","ABCE","A、B、C、E正确：DFA 是密钥恢复攻击，产出长期有效；单字节故障对轮密钥候选约束力强，少量样本即可；依赖差分数学关系而非实现形式；差分需要同输入下的正误密文对。D错误，一个故障只能恢复部分轮密钥字节，需多次注入配对分析；F错误，DFA 同样适用于 AES-256，只是需要更多样本。","DFA、能力边界、故障数量"
"Z098","多选","故障注入","核心","某安全实验室把近期案例按故障“变现路径”归档。下列案例与其归类，对应正确的有？","三类变现路径殊途同归，攻击者最终都要拿到一份被篡改的错误输出才能获利","跳过固件中的权限判断指令，使普通用户直接进入维护菜单——绕过检查类","收集 RSA-CRT 错误签名并计算 gcd 分解出 N 的素因子——错误输出数学分析类","注入后对比设备“立即报错”与“静默继续”两种行为差异，推断关键判断是否被执行——Safe-Error 观察类","Safe-Error 类攻击同样依赖错误输出的数值，只是把分析对象从密文换成了行为","绕过检查类攻击得手后，设备输出在数学上仍然正确，只是“本不该发生的操作”发生了","","BCDF","B、C、D、F正确：指令跳过属绕过检查；错误签名 gcd 属错误输出数学分析；行为差异推断属 Safe-Error 观察；绕过检查类攻击的输出数学上仍正确，异常在于操作不该发生。A错误，绕过检查没有错误输出、Safe-Error 只观察行为，“都要错误输出”以偏概全；E错误，Safe-Error 恰恰不需要输出数值，行为差异本身就是信息通道。","变现路径三分类、Safe-Error"
"Z099","多选","故障注入","核心","某团队规划安全芯片传感器网络的数据流架构，评审以下意见，其中正确的有？","将电压传感器采样值经只读寄存器实时开放给应用固件，便于其实现自适应功耗管理","各传感器报警统一汇入安全状态机，由状态机按预定义策略裁决并触发响应","为消除误报，在固件层设置“连续 1024 次越限才向状态机转发”的确认窗口","传感器读数可用于健康监测与事后取证，但不得直接作为加解密等功能运算的输入","报警信号不应经由应用固件中转后才送达安全状态机","报警事件可留存日志用于取证，但留存过程不得延迟或阻塞状态机的安全响应","","BDEF","B、D、E、F正确：报警汇入安全状态机统一裁决是检测线与反应线衔接的标准架构；传感器读数仅作监测与取证、不参与功能运算；报警不应经应用固件中转，避免可被绕过或延迟的环节；取证留存与安全响应应并行。A错误，读数直接暴露给应用违背接入安全状态机的原则并扩大攻击面；C错误，毛刺类瞬态异常持续不过纳秒级，千次确认窗口等效关闭检测。","传感器网络、安全状态机、数据通路"
"Z100","单选","故障注入","核心","某配置熔丝（调试使能位）被攻击者注入永久改写；启动流程对该位执行两次读取比对（时间冗余），两次一致故放行，事后确认位值已非出厂值。时间冗余未能防住该攻击的根本原因是？","冗余次数不足，把读取次数提高到四次即可发现该位被改写","比对算法选择不当，应改为对两次读取值分别计算 CRC 再比较","永久改写发生在两次读取之前，两次读到的是同一个被改后的值；时间冗余只能发现两次执行之间出现的瞬态差异，无法发现执行前已固化的修改","该事件属于存储器件正常老化失效，与故障注入防护无关","比对通过说明读回通路可信，根因应到产线数据录入环节查找","","","C","C正确：时间冗余的检出前提是故障只影响其中一次执行，对执行前已固化的永久性修改，多次读取天然一致，机制本身覆盖不到。A读取次数再多，每次读到的仍是同一被改值；B对两个相同值计算 CRC 结果仍相同；D事后已确认位值与出厂值不同且与注入相关，归因错误；E比对通过只说明两次读回一致，不能推证位值本身可信。","时间冗余边界、瞬态与永久故障"
"Z101","单选","故障注入","核心","某金融 POS 安全芯片检测到持续异常后进入安全失败状态。以下哪种“安全失败”的实现是正确的？","清零易失密钥、置锁定标志并拒绝敏感服务，仅保留非敏感状态指示，恢复需经物理复位与重新认证流程","停止一切对外输出，但将密钥保留在 RAM 中以便运维远程恢复后快速续用","自动重启并跳过上电自检以缩短停机时间，重启完成后恢复全部服务","切换到降级模式：关闭高速外设，继续通过低速接口提供签名等敏感服务","输出包含电压采样值、状态机步骤与密钥校验值的详细错误包，便于远程诊断定位","","","A","A正确：清零、锁定、拒绝服务并仅保留非敏感指示，配合受控恢复流程，构成完整的 fail-closed。B密钥滞留 RAM 使设备在“失败”状态下仍持有关键资产；C跳过自检的重启等于绕过检测线直接恢复服务；D降级后仍提供敏感服务，攻击面只是收窄而非关闭；E错误包中的状态细节会向攻击者提供反馈信息，异常时输出调试信息是明确的反模式。","fail-closed、安全失败状态"
"Z102","多选","故障注入","核心","项目威胁模型明确“攻击者可反复注入且可组合多故障”。由此出发，以下设计推论成立的有？","防护组合抬升的是攻击成本与门槛而非使注入不可能，渗透评估仍不可省略","仅在上电时执行一次的自检足以覆盖全生命周期，无需运行期持续检测","传感器、冗余、协议自检、fail-closed 四线功能重叠，部署其中任意两条即可获得等效防护","不能以“单次注入下防护有效”作为验收依据，验证需覆盖反复注入与多故障组合场景","攻击者既可无限次尝试，任何组合终将被攻破，纵深防御因此没有工程价值","需评估防线被逐一压制的系统行为，例如先压制报警线再攻击计算逻辑的组合路径","","ACF","A、C、F正确：组合防线的定位是抬高攻击成本到不可接受，渗透评估用于验证这一定位；四线分别作用于物理感知、计算校验、输出校验与状态反应，职责不同；逐一压制防线的组合路径是多故障假设下的现实攻击形态，系统应能识别并走向安全侧。B错误，运行期注入恰恰发生在上电自检之后；E纵深防御的工程目标是把攻击成本抬到不可接受，不构成放弃防线的理由；D（选项顺序）错误在于“不能以单次注入为验收依据”恰是正确推论——该说法对应的选项为正确项。","多故障假设、纵深防御、验收口径"
"Z103","多选","故障注入","核心","某检测实验室规划建设故障注入前处理工位，方案评审中提出以下设计考虑，哪些是合理的？","对塑料封装样品采用化学腐蚀方式开封，以暴露芯片表面供激光故障注入使用","对多层金属布线的先进工艺芯片，必要时通过机械研磨去层以到达深层目标区域","开封前保留未处理的备份样品，以应对开封过程损坏样品导致实验中断","样品开封后可通过重新塑封完全恢复原始状态，便于后续退回委托方","无论开展电压毛刺、时钟毛刺还是激光注入，都必须先开封芯片才能安排实验","前处理与实验区域配备温控环境，以减少温度波动对注入结果一致性的影响","","ABCF","A、B、C、F正确：化学腐蚀开封是激光注入的典型前处理；深层目标必要时去层；开封属破坏性操作、备份样品是标准做法；温控保障实验条件稳定。D开封不可逆，重新塑封无法恢复原始状态；E电压/时钟毛刺与电磁注入通常可在封装外实施，并非所有实验都需开封。","样品前处理、开封、去层"
"Z104","单选","故障注入","核心","某研究生团队拟以低成本方案搭建电压毛刺注入实验用于预研，方案评审时应认可下列哪项？","电压毛刺实验必须采购专用毛刺发生器，自制电路与开发板方案无法产生有效毛刺","任意波形发生器无法生成毛刺类波形，只能输出稳态信号","利用 MOSFET 开关电路在电源轨上制造短暂压降或过冲，配合触发信号即可构成可用的电压毛刺源","改制电源只能用于常规供电，不能作为电压毛刺源使用","预研也必须使用与正式评估完全一致的商用成套平台，否则数据无参考价值","","","C","C正确：MOSFET 电路是电压毛刺源的典型低成本实现，与改制电源、开发板方案同属可接受途径。A改制电源、开发板、MOSFET 电路均可构建毛刺源，“必须专用设备”是常见误区；B AWG 恰恰可以生成复杂毛刺波形；D改制电源是电压毛刺源的实现方式之一；E开源与自建平台用于预研正当且数据有参考价值。","电压毛刺源、低成本平台"
"Z105","多选","故障注入","核心","评审一份故障注入评估报告的实验数据部分，以下哪些发现应要求作者整改？","报告给出了各参数点的尝试次数与成功次数，并据此计算成功率","报告未说明目标固件版本，仅以“最新版”一笔带过","报告仅罗列成功触发异常的参数点，未报告总体尝试次数","报告附有可复现实验的脚本与参数扫描数据摘要","报告以口头沟通中的“能打成功”作为唯一成功判据，无量化记录","报告说明实验期间更换过固件版本，但将不同版本的结果合并统计、未加区分","","BCEF","B、C、E、F应整改：固件版本缺失使结论不可追溯；只报成功点会系统性夸大成功率；口头结论不构成证据；更换固件后的结果不可直接比较，合并统计会扭曲成功率。A给出尝试/成功次数与成功率是规范做法；D附脚本与数据摘要是可复现性的加分项，不是问题。","评估报告、成功率与样本量、可复现性"
"Z106","单选","故障注入","核心","团队承接某安全芯片的故障注入评估，制定实验计划时正确的起点是？","直接对加密运算核心开展大规模参数扫描，以尽快产出成功率数据","先统计注入实验执行到的代码行覆盖率，达到阈值即视为评估完成","对芯片全部引脚按固定步长均匀施加毛刺，实现无差别的全覆盖","先假定产品已完成防护设计，仅执行功能性测试予以确认","依据威胁模型梳理认证、密钥使用、权限检查等关键安全决策点，针对每个点设计注入实验","","","E","E正确：方法论要求从威胁模型出发锁定关键安全决策点，再逐点设计实验，这是评估流程的第一步。A“只测加密核心”是典型误区，认证与权限检查同样是攻击面；C覆盖率指关键路径覆盖而非代码行覆盖；D无差别引脚扫描缺乏威胁模型支撑且不能保证关键点被覆盖；B以“假定已防护”为前提会系统性漏掉未防护路径。","评估方法论、威胁模型、关键决策点"
"Z107","单选","故障注入","核心","某车型防盗依赖 ECU 内保存的配对密钥。盗版者从旧件市场购入同型号 ECU，读出其内部 Flash 与 EEPROM 中的标定数据和配对密钥，整体写入另一只 ECU，使后者通过整车防盗认证，完成“ECU 克隆”。该攻击能够成立的关键前提是？","整车防盗密钥由车厂服务器在线下发，攻击者截获了下发报文并实施重放","两只 ECU 的外观和接口型号完全一致，整车防盗系统仅凭外观型号识别 ECU","防盗认证依赖的密钥与配对数据以可读出形式存于普通存储器中，未绑定到不可迁移的硬件根，因此可整体转储并在另一颗芯片上等效生效","攻击者破解了防盗算法本身，能够自行推算出任意 ECU 的配对密钥","车钥匙内的安全芯片存在公开漏洞，攻击者借此入侵了车厂云端数据库","","","E","E正确：克隆成立要求安全数据可被完整读出且可迁移生效，根源是密钥未与芯片硬件根绑定。B“仅复制外观”是常见误解，克隆必须复制内部存储的密钥与配对数据；C本例数据来自旧件 ECU 本体，不涉及在线下发与重放；D攻击者迁移的是现成密钥，并未破解算法；E（第二处）本例是离线的部件级操作，不涉及钥匙芯片漏洞或云端入侵。","ECU克隆、密钥绑定硬件根"
"Z108","多选","故障注入","核心","某攻击者在同一实验条件下对目标芯片实施 500 次注入，成功 4 次，随后宣称“已实现稳定可控的攻击”；其日志中另有大量未做记录的尝试。依据实验规范，下列判断正确的有？","现有数据不支持“稳定可控”的结论，应如实给出成功率与样本量后再行评估","只要出现过一次成功注入，即可对外宣称稳定攻击，成功率只是辅助信息","未记录的尝试使实验不可追溯，成功与失败都应纳入完整记录","失败尝试对攻击能力评估没有价值，无需写入实验记录","对该攻击能力的描述可以不附条件说明，直接推广到其他固件版本与板卡环境","对外描述该攻击时应绑定前提条件，注明所用的芯片版本与板级环境","","ACF","A、C、F正确：4/500 的成功率与“稳定可控”明显不符，结论必须以如实统计为前提；未记录尝试破坏可追溯性；攻击能力与具体版本、板级条件绑定，不得脱离条件推广。B单次成功无法支撑稳定结论；D失败尝试同样是刻画攻击能力与条件边界的信息来源；E结论必须与实验条件一同给出。","实验规范、成功率统计、条件绑定"
"Z109","单选","故障注入","核心","某芯片在安全评估中对各敏感环节逐项进行了单次注入测试，均未发现可利用的失效；量产后被证实遭多点组合故障攻击破解。对评估结论与产品表现之间的落差，最恰当的解释是？","说明单次注入测试方法存在原理性错误，此类测试结果一概不可采信","单故障条件下成立的防护不能自动推广到多故障场景，设计假设与安全评估都应纳入多故障注入","说明单故障防护的检测窗口只要再扩大数倍，即可等价覆盖多故障场景","说明多点组合注入的成本超出攻击者承受能力，评估中不予考虑是合理的","说明该芯片的防护措施在单故障场景下其实也已被攻破，此前结论有误","","","B","B正确：多故障可绕过按单故障假设设计的防护（如两路冗余同打、检查本身被打掉），评估口径必须与攻击者真实能力对齐。A单故障测试仍是有效的评估层级，问题在于覆盖面不足；C多故障与单故障是威胁模型差异，无法靠检测窗口线性放大来等同；D案例已证明现实攻击者能够实施组合注入；E此前单故障结论在其前提内可能成立，落差来自威胁假设而非数据错误。","单故障与多故障、威胁模型"
"Z110","多选","硬件可信根","核心","评审会上有工程师提出：“芯片里已有真随机数发生器（TRNG），直接用它生成设备身份即可，不必再设计 PUF。”关于 PUF 与 TRNG 的区别，下列说法正确的有？","PUF 的响应与具体芯片的物理特性绑定，同一芯片在纠错辅助下可重复得到相同结果，而 TRNG 两次输出相互独立","TRNG 输出不可预测但不具可复现性，重新上电无法再得到与上次相同的结果，因此不能承担“从物理特性复现身份”的功能","同一批芯片的 TRNG 由相同的掩膜工艺制造，因此会输出相同的随机序列","PUF 与 TRNG 功能等价，密钥应用场景下可以不经改造直接互换","PUF 的价值在于密钥/ID 可由物理特性现算得到而不落入存储，这是“TRNG 生成后存入 NVM”的方案不具备的属性","PUF 响应每次上电都不同且不可预测，因此只能当作噪声源使用","","ABE","A、B、E正确：器件绑定性与可重复性是 PUF 区别于 TRNG 的根本特征；TRNG 缺少可复现性，无法支撑上电重新导出同一身份；现算不落存储是 PUF 的特有属性。C错误，TRNG 输出源于物理随机熵源，同批芯片输出各不相同；D二者在可复现性与存储依赖上的差异决定不能直接互换；F PUF 响应在器件内可重复（抖动经纠错消除），并非纯噪声源。","PUF、TRNG、可重复性"
"Z111","单选","硬件可信根","核心","产线反馈：某批次部分芯片 eFuse 烧写校验失败，操作员计划对失败芯片调高烧写电压并反复重试，直至校验通过。从安全与工艺角度，对该做法的恰当评估是？","eFuse 写入与读取使用相同电平，重试不会改变任何存储内容，多次尝试没有安全影响","只要最终校验读回值正确，烧写过程使用何种电压与时序无需任何管控","调高电压反复重烧是应对烧写失败的推荐工艺手段，安全评估无需关注","烧写依赖受控的高压与时序，私自调压重试可能误烧相邻的安全熔丝位（如生命周期位），重复尝试在缺乏管控时也存在被滥用为状态变更的空间","烧写失败后可将该组 eFuse 电擦除复位，重新按标准流程烧写即可消除影响","","","D","D正确：脱离受控条件的加压重试既可能误伤相邻安全熔丝位，也可能在缺乏管控时被利用来对安全位状态做不良变更。A eFuse 写入依赖高于读取的编程电平且写入不可逆；C仅看最终校验值无法发现误烧的相邻安全位；B加压重试偏离受控写入规范，恰恰是安全评估需要覆盖的风险点；E eFuse 熔断不可电擦除，不存在“复位重烧”的补救路径。","eFuse、产线受控写入、误烧"
"Z112","单选","硬件可信根","核心","某新团队首次规划产品安全架构，评审会上讨论“硬件可信根（RoT）在系统中的定位”。下列说法正确的是？","RoT 是上电后由 bootloader 加载的固件镜像，可随版本升级持续替换更新","RoT 是运行富应用的安全执行环境，与主操作系统并行工作，为敏感代码提供隔离运行空间","RoT 是一款可单独采购部署的安全软件，安装后即可替代防火墙与杀毒软件承担主机防护","RoT 是整条信任链的起点，系统对它的信任是无条件的，其自身可信不依赖系统中任何其他组件","RoT 是操作系统内核中的特权安全模块，负责加载驱动并执行访问控制","","","D","D正确：RoT 是系统中无条件被信任的最低层硬件基元，是整条信任链的起点。A可随版本升级替换的固件镜像不具备作为信任起点的资格；B描述的是 TEE 这类隔离执行环境，与 RoT 概念不同；C把 RoT 误当成应用层安全产品，防火墙与杀毒软件恰恰属于被保护对象；E内核模块位于信任链下游且本身需要被验证。","RoT定义、信任链起点"
"Z113","多选","硬件可信根","核心","某智能电表厂商在安全架构评审中列举其 RoT 模块在产品全生命周期中承担的功能。下列哪些属于 RoT 的典型功能？","固件升级时校验新版本签名，并拒绝安装版本号更低的固件","识别并拦截针对电表通信协议的畸形报文攻击","依据平台当前度量值对历史计量数据进行加密绑定，环境被篡改后数据无法解密","定期扫描应用进程内存，发现异常行为后终止进程","量产阶段锁定调试接口，重新开启需持有专属授权凭证","为本地交费显示界面提供防截屏水印","","ACE","A、C、E正确：升级验签与防回滚、密封存储、调试口管控都在 RoT 功能清单内。B通信协议报文过滤属网络与协议层防护，不是 RoT 职能；D进程内存扫描与行为终止属 EDR 类检测响应能力，超出 RoT 范围；F防截屏水印属应用或 DRM 层能力。","RoT功能清单、防回滚、密封存储、调试口管控"
"Z114","单选","硬件可信根","核心","某 SoC 的 Boot ROM 被安全研究者披露存在 USB 处理逻辑漏洞，攻击者可借其绕过第一级 bootloader 的签名校验。关于该漏洞的处置，下列说法正确的是？","存在漏洞的 Boot ROM 已不可信任，应改为由第一级 bootloader 校验自身签名后再启动，重建信任起点","厂商必须全量召回并更换主控芯片，否则设备信任链永久失效、完全无法继续使用","Boot ROM 属于可在线升级的固件模块，厂商发布补丁包推送给用户即可完成修复","该漏洞不影响信任链有效性，因为信任链真正起点是操作系统内核，内核未被修改即整链可信","Boot ROM 固化在芯片内不可改写，无法通过升级修复，只能限制利用面（如精简 USB 解析逻辑）并对存量设备做风险缓解","","","E","E正确：Boot ROM 固化在芯片内不可改写，无法通过升级修复，工程上只能压缩利用面并对存量设备做风险缓解。C OTA 补丁的前提不成立——Boot ROM 是掩膜固化代码而非可更新固件；A第一级 bootloader 本身是被验证对象，“自己校验自己”存在循环信任；D信任链起点正是 Boot ROM，起点被绕过下游验证全部失去根基；B漏洞仅影响启动验证的强制性，未受攻击设备仍可正常使用，全量召回过度悲观。","BootROM、不可修补、漏洞处置"
"Z115","多选","硬件可信根","核心","某 SoC 团队规划内置安全岛，评审时总结 Intel CSME、AMD PSP、Microsoft Pluton、Apple SEP 等业界方案的共同设计特征。下列哪些属于这类安全岛的典型共同点？","拥有独立于主 CPU 的处理器小核，与主系统隔离运行","直接映射主 CPU 的全部物理内存并共享所有资源，以保证调用性能","具备专用存储资源，最高敏感数据不依赖主系统内存的可用性与完整性","安全岛固件由主操作系统在启动后加载，并可根据需要随时重写","拥有自己独立的安全启动链，不依赖主操作系统的引导成立","内置防拆与环境异常传感器，检测到探针等物理攻击迹象时擦除敏感状态","","ACEF","A、C、E、F正确：独立小核、专用存储、独立启动链、防拆传感器是各家安全岛的共同形态。B错误，安全岛与主 CPU 之间必须有隔离机制，共享全部物理内存违背隔离设计；D错误，安全岛固件由自身独立启动链验证加载，主操作系统无权随时加载重写。","安全岛、CSME/PSP/Pluton/SEP"
"Z116","单选","硬件可信根","核心","某设备安全启动流程为：Boot ROM 读取固件镜像头部携带的公钥，先核对其哈希与 eFuse 中固化值一致，再用该公钥验证镜像签名。攻击者重写外置 Flash，在镜像头部放入自己生成的公钥，并用对应私钥为镜像重新签名。关于该攻击能否绕过安全启动，正确的判断是？","攻击成功：验签只能证明签名与镜像数据数学一致，无法判断签名者身份","攻击失败：自带公钥的哈希与 eFuse 固化值不一致，ROM 在密钥核对环节即拒绝，不会进入验签","攻击失败：签名验证机制本身能发现公钥与签名不配对，无需哈希核对介入","攻击失败：eFuse 中固化的哈希用于加密公钥，攻击者拿不到解密密钥","攻击成功：攻击者可批量生成密钥对，直至公钥哈希与固化值发生碰撞","","","B","B正确：替换后的公钥哈希无法匹配固化值，锚定比对在验签之前完成拦截。A密钥核对先于验签执行，签名数学有效不等于能通过锚定比对；C攻击者的公私钥自洽，签名验证必然通过，验签本身感知不到密钥被替换；D固化哈希用于完整性锚定而非加密；E找到与 256 位哈希匹配的另一公钥在计算上不可行。","信任锚、哈希锚定、防公钥替换"
"Z117","多选","硬件可信根","核心","某设备现行固件 V4，历史版本 V3 存在已公开漏洞。攻击者无法伪造签名，但可向设备 Flash 写入任意历史镜像。关于防回滚，下列分析正确的有哪些？","若把最低版本基准改存于普通 Flash，攻击者将其改小后防回滚即告失效","仅靠签名验证无法阻止该攻击：V3 的签名与现行验签密钥完全匹配，验签必然通过","若升级 V4 时已把 eFuse 最低版本提升到 4，启动时 V3 的版本号低于基准将被拒绝","该防护成立的前提是镜像携带受签名保护的单调递增版本号，且比较基准存于不可回退的存储","给 V3 的签名证书设置较短有效期，到期后验签自动失败，即可阻止 V3 运行","在发行说明中将 V3 标记为“已淘汰、禁止使用”，即可阻止设备加载 V3","","ABCD","A、B、C、D正确：普通 Flash 中的基准可被改回旧值使机制失效；旧镜像签名真实有效，验签必然放行，降级攻击利用的正是这一盲区；基准提升后版本号不足的镜像被拒；受签名保护的版本号与不可回退基准是防回滚的两个前提。E错误，嵌入式设备通常没有可信时钟，旧签名实际长期有效；F发行说明对设备启动判定无任何约束力。","防回滚、降级攻击、版本基准"
"Z118","单选","硬件可信根","核心","某通信设备厂商的存量产品大量使用某系列 FPGA，该系列被披露存在 Starbleed 类缺陷：比特流加密在芯片固化的 BootROM 中被破解。安全团队评估影响与处置方案，下列哪项判断最准确？","供应商发布新版开发固件库即可修复缺陷，存量设备完成库升级后风险消除","只要比特流文件不外泄，攻击者便无从利用该缺陷，存量设备无需额外措施","影响仅限于启用比特流加密功能的新设计，存量设备可以暂不纳入评估范围","缺陷波及该系列全部存量芯片且无法远程修复，已部署设备只能通过设计规避（如调整比特流认证方案）与运行管控缓解风险","缺陷源于加密算法强度不足，等供应商更换新算法并推送补丁后即可远程消除","","","D","D正确：缺陷波及全部存量芯片且无法远程修复，只能靠设计规避与运营缓解，这是该类案例的核心工程结论。A固件库更新无法触及 BootROM；B比特流可在配置过程中被提取或观测，依赖文件保密不构成防线；A（第二处）缺陷位于固化 BootROM，与是否启用加密、批次无关；E算法固化在 BootROM 中不可远程更换，问题出在实现与使用方式而非强度。","Starbleed、固化信任根、存量处置"
"Z119","多选","硬件可信根","核心","关于安全启动失败策略的设计原则，下列说法正确的有哪些？","失败策略只影响可用性与维修成本，不改变设备的安全属性，安全评估无需覆盖该部分","为简化设计，验证失败时可直接从 RAM 中重启上一次运行过的镜像副本，省去重复验证","无论选择哪种失败策略，验证失败后都不应继续执行未通过验证的镜像，这是各策略共同的安全底线","回退行为应受约束：只允许回退到历史验证通过的版本，回退事件应有记录并受策略限制","可对连续验证失败设置递进的安全响应（如增加启动延迟、要求授权解锁），但不应永久锁死全部维修通道","失败策略应结合产品形态选择：高安全设备可接受 halt 的可用性代价，消费类产品更依赖回退与恢复通道","","CDEF","C、D、E、F正确：拒绝执行未验证镜像是所有失败策略的公共底线；回退应只允许回退到验证通过的历史版本并记录；递进安全响应提高滥用失败路径的成本同时保留维修途径；失败策略应按产品对安全与可用的权衡差异化配置。A错误，失败策略决定攻击者在验证失败状态下能获得的能力与入口，直接影响安全属性；B错误，RAM 副本可能正是损坏或被篡改的数据，绕过验证执行等于放弃完整性检查。","安全启动失败策略、恢复模式"
"Z120","多选","硬件可信根","核心","安全架构评审会上，有工程师建议“让 TPM 开放 PCR 的直接写入接口，以便管理员在度量出错时人工修正数值”。评审组需要依据 PCR 的扩展机制说明其安全属性。下列说法正确的有哪些？","每次扩展都把旧 PCR 值并入哈希输入，PCR 当前值可视为自清零以来全部度量事件的累积摘要","度量顺序不同则扩展路径不同，最终 PCR 值也不同，顺序信息因此得以保留","扩展基于单向哈希，无法从 PCR 终值反推出各次度量的原始值","TPM 厂商预留了 PCR 的直接写入命令，授权开启后即可把 PCR 修正为指定值","管理员可通过调整 TPM 授权策略，把指定 PCR 临时切换为可随意赋值的模式","同一 PCR 库内所有索引共享一个值，度量任一组件都会同时改变全部 PCR","","ABC","A、B、C正确：扩展的链式输入使当前值携带全部度量信息；中间值不同导致终值可区分，顺序信息被保留；哈希单向性决定只能正向累积。D错误，TPM 命令集中不存在 PCR 直接写入命令；E错误，授权策略只约束既有命令的访问权限，不能改变 PCR 只能扩展的语义；F错误，各 PCR 索引相互独立。","PCR、扩展机制、安全属性"
"Z121","单选","硬件可信根","核心","客户在验收时质疑：“CRTM 自己没有被任何组件度量，凭什么被信任？”厂商工程师的回应中，正确的说法是？","CRTM 是体系默认信任的起点，其可信性建立在固化于平台且自身不可变的隐式假设上，正因为它不可被度量，才要求它必须不可变","CRTM 每次启动时把自身代码的哈希上报远程认证服务器，服务器放行后才允许启动继续，以此完成对起点的验证","TPM 在出厂时已把 CRTM 的基准哈希保存在内部，启动时先校验 CRTM 再开始度量链","操作系统启动完成后会对 CRTM 进行完整性复核，作为对起点的闭环验证","只要 CRTM 代码携带厂商数字签名且验签通过，就可以放宽对其不可变的物理要求","","","A","A正确：起点不可被度量，故只能以不可变性作为信任依据，这是信任自举的基本逻辑。B起点的信任不能依赖度量链之外的在线环节，该服务器本身又成为新的未验证信任根；C若由 TPM 保存基准先行校验，该校验机制本身成了真正的起点，与 CRTM 定义冲突；D度量链在固件阶段已经展开，操作系统的后置复核无法替代对起点的不可变要求；E验签逻辑同样需要运行在可信代码上，签名不能替代不可变性。","CRTM、信任自举"
"Z122","单选","硬件可信根","核心","企业已在终端部署度量启动与定期远程证明。一次事件调查发现：某终端曾加载并执行了一个恶意驱动，度量记录中留有该驱动的度量值。团队讨论中出现以下判断，正确的是？","正确做法是把度量记录直接下发为终端的实时拦截规则，下次即可自动阻断同类驱动","恶意驱动被执行恰好说明度量机制在正常履职——其职责是如实记录实际运行的内容，记录到了恶意组件正说明记录链路有效，短板在于缺少事前拦截手段","该事件证明度量启动失效，因为度量启动的设计目标就包含阻止恶意组件执行","该事件证明度量与验证两种机制互斥，同平台部署必然冲突，应拆除其一","度量记录中留有恶意组件的度量值，说明 TPM 当时应当拦截而未拦截，属于芯片缺陷","","","B","B正确：度量启动只记录不拦截，记录到恶意组件是机制正常工作的表现，弥补拦截缺口应引入安全启动等事前机制。A度量记录是事后证据，不能直接充当实时拦截规则；C度量启动的设计目标不含拦截，谈不上因未拦截而“失效”；D度量与验证可组合部署，并不互斥；E度量启动模型中 TPM 不承担拦截职责，不存在“应当拦截而未拦截”。","度量与拦截、事件归因"
"Z123","多选","硬件可信根","核心","关于安全启动失败策略的设计原则，下列说法正确的有哪些？（度量日志与证明闭环场景）安全团队复盘某起终端入侵事件后，评估“日志重放校验＋白名单基线”这套证明闭环中各环节的贡献。下列分析正确的有哪些？","只要日志重放与 PCR 一致，即可判定该次启动安全，无需再进行基线比对","攻击者只篡改外部日志而不动 PCR，会被“重放终值与 Quote 中 PCR 值不一致”直接检出","若攻击者能同时控制度量过程与日志记录（例如篡改固件），日志与 PCR 可能自洽但对应恶意组件，此时要依靠白名单基线比对才能发现异常","白名单基线比对的判定对象是组件度量值本身，而不是仅核验组件签名是否有效","既然 PCR 在 TPM 内部难以篡改，日志校验环节可以省略，以简化证明流程","攻击者篡改日志后，可通过对篡改后日志再次执行扩展运算，把 PCR 调整为与其一致","","BCD","B、C、D正确：日志在外部可被篡改而 PCR 在 TPM 内部难以同步篡改，重放比对能有效检出日志篡改；自洽但恶意的启动要靠基线比对识别；基线判定以度量值为对象，签名核验不能替代。A错误，一致只说明记录真实，不代表启动内容符合基线；E错误，省略日志校验将使外部明细完全脱离监督；F错误，PCR 只能扩展不能赋值，攻击者无法把寄存器调整为指定目标值。","度量日志、重放校验、白名单基线"
"Z124","多选","硬件可信根","核心","某企业为上万台配备 TPM 的终端开通设备管理平台接入，接入流程需基于 TPM 建立设备身份并保护后续下发的业务密钥。关于 TPM 三类根密钥的分工，下列说法正确的有？","为简化流程，可让 EK 直接对各类业务报文进行日常签名，从而省去 AK 证书的申请","三类根密钥的角色可以互换，例如让 SRK 承担 Quote 签名、由 AK 充当密钥层次的根","EK 在出厂时固化于 TPM 并配有厂商签发的证书，可作为设备唯一身份凭证用于接入注册环节的身份核验","SRK 是 TPM 内部密钥层次的信任根，负责保护其余密钥，业务密钥可挂载其下受其保护","AK 专门用于对远程证明的 Quote 报文签名，与 EK 存在关联但不会在验证过程中直接暴露设备身份","EK 由用户在首次开机时自行生成，其私钥可导出备份，便于在多台设备间迁移复用","","CDE","C、D、E正确：EK 出厂固化并配证书，是接入注册身份核验的依据；SRK 作为存储根承担保护其余密钥的职责；AK 专为 Quote 签名设计，不直接暴露设备身份。A错误，EK 的定位是建立设备身份，不承担日常业务签名；B错误，三类根密钥职责互异不可互换；F错误，EK 出厂固化且私钥不出 TPM，不可导出迁移。","EK/SRK/AK、根密钥分工"
"Z125","单选","硬件可信根","核心","某云厂商在数据中心上架一批新服务器，需要远程确认各机内置 TPM 确为指定厂商的正品芯片。下列做法正确的是？","由运维人员在设备上重新生成密钥并自签证书，替换出厂证书以便纳入统一管理","抽检设备能否正常完成 Quote 计算，能完成即可认定其未被入侵","将各机 EK 私钥备份至平台密钥库，防止芯片损坏后设备身份丢失","要求设备导出 EK 公私钥对供平台比对，以确认芯片来源","平台读取设备出示的 EK 证书并验证厂商 CA 的签名，据此确认该 TPM 获得该厂商的正品背书","","","E","E正确：EK 证书由厂商 CA 背书 EK 公钥，验证签名链即可确认正品出厂身份。C EK 出厂生成，用户自行生成替换无法获得厂商背书；D能否计算 Quote 只说明功能可用，与“未被入侵”无关；A EK 私钥不出 TPM，导出既不可行也破坏身份根安全；B EK 私钥不出 TPM，无法也不应备份。","EK证书、设备身份验证"
"Z126","单选","硬件可信根","核心","某服务器在高并发握手时系统熵池吃紧，运维评估引入 TPM 缓解。下列评估结论正确的是？","可让 TPM 承担系统全部随机数供给，不必另行评估其响应吞吐","TPM 属于被动存储部件，本身不具备产生随机数的电路","TPM 内置 RNG，外部程序可经 TPM2_GetRandom 取数，并将输出混入系统熵池作为补充来源","TPM 生成内部密钥时为提高速度，直接采用主机操作系统注入的随机种子","TPM 随机数输出具有可预测性，作为熵源补充反而会降低系统安全性","","","C","C正确：TPM 内置 RNG 且开放取数命令，作为系统熵池的补充来源是合理定位。D TPM 吞吐有限，接管全部随机数供给前必须评估吞吐与延迟；E TPM 内置随机数发生电路，并非被动存储部件；B TPM 内部密钥生成使用自身 RNG，不依赖主机注入种子；A TPM RNG 不存在“输出可预测”的设计前提。","TPM RNG、熵源补充"
"Z127","多选","硬件可信根","核心","某团队为数据安全网关做容量规划，讨论 TPM 在其中的定位。下列讨论结论正确的有？","由 TPM 托管密钥、由专用加密引擎承担数据面加解密，是合理的性能分工","不应把全盘数据加解密的吞吐需求寄托在 TPM 上，其运算能力有限","评估 TPM 失守的影响时，应把范围限定在其保护的密钥与状态，而非推定整机数据全部泄露","TPM 可替代终端防火墙，执行网络层访问控制策略","TPM 内置 RNG 的输出速率足以支撑全盘加密的实时数据流","TPM 的单调计数器支持自动退回旧值，便于系统回滚后读取历史版本数据","","ABE","A、B、E正确：密钥由 TPM 托管、数据面由专用引擎处理兼顾安全与吞吐；TPM 运算很慢，全盘加解密吞吐不应寄托其上；失守影响应限定于 TPM 保护的密钥与状态。D访问控制是防火墙职能；C TPM 不承担大规模数据流加解密，其 RNG 速率也支撑不了全盘加密需求；A（第二处）单调计数器只能递增不可回退，“自动退回旧值”与单调性矛盾。","TPM性能边界、能力指派"
"Z128","单选","硬件可信根","核心","安全架构师为一款无人值守的户外联网终端选型：SoC 已内置固件 TPM（PTT），且设备存在被长期物理接触与拆解的风险。下列选型分析最合理的是？","直接采用 PTT 即可，其固件实现与离散芯片在任何攻击面下强度都完全一致","必须弃用 PTT，因为固件 TPM 缺少 TPM 2.0 规定的密钥与度量功能","一般可信功能可先用 PTT 支撑，但针对高物理接触风险的关键密钥，宜采用具备专职防篡改加固的离散 TPM 承载","另加一颗通用加密芯片后即可不必考虑物理防护，因为密钥在任何硬件中都无法被读取","保留 PTT，同时把关键密钥明文导出备份到运维服务器，以弥补物理防护不足","","","C","C正确：按风险分层选型——常规功能用 fTPM、关键密钥面对高物理风险时改用加固离散芯片，是工程上常见的权衡。A固件实现强度受所在 TEE 约束，不能视为与离散芯片全攻击面等强；B PTT 具备完整 TPM 2.0 功能，弃用理由不成立；D物理攻击可经封装、总线、侧信道等途径威胁密钥；E明文导出密钥破坏了可信根“密钥不出模块”的基本前提。","fTPM与离散TPM、选型权衡"
"Z129","多选","硬件可信根","核心","关于 DICE 中 CDI（复合设备标识符）的产生与使用，下列说法正确的有？","CDI 的派生只需哈希/密钥派生类简单运算，适合在能力有限的硬件上实现","CDI 无需持久化保存，断电重启后可由硬件唯一秘密与逐层度量重新计算","CDI 的取值只由硬件唯一秘密决定，与启动固件的代码和配置无关","实践中应由 CDI 派生出具体用途的密钥，而不是把 CDI 本身直接当私钥使用","进入派生链的输入不止代码，本层的配置数据同样可以作为度量对象","CDI 在首次启动生成后即永久固定，后续固件升级不会改变它","","ABDE","A、B、D、E正确：哈希/派生运算门槛低契合受限硬件定位；CDI 是易失的中间秘密，每次启动重新计算；CDI 应作为派生源而非长期私钥直接使用；代码与配置都可纳入度量输入。C错误，度量值是 CDI 的派生输入，固件内容直接决定 CDI 取值；F错误，固件变化引起度量变化，CDI 随之改变。","DICE、CDI、轻量级身份"
"Z130","多选","硬件可信根","核心","在某次国产化改造培训中，讲师请学员判断以下关于 TCM 的说法。正确的有？","TCM 是我国可信计算标准体系中定义的可信密码模块，相关标准如 GM/T 0012","TCM 的密码服务以 SM2/SM3/SM4 等国产商用密码算法为基础","TCM 必须采用 RSA、SHA-256 等国际算法，否则无法完成度量与证明运算","TCM 只是运行在操作系统中的应用软件库，卸载后不影响平台可信根","TCM 的功能覆盖度量、密钥管理与完整性证明，与 TPM 的角色大体对应","TCM 由国际 TCG 组织发布，与我国自主的可信计算标准体系无关","","ABE","A、B、E正确：TCM 属于我国自主可信计算标准体系（GM/T 0012），以 SM2/SM3/SM4 为基础，职能与 TPM 大体对应。C错误，SM 系列算法完全可以支撑度量与证明；D错误，TCM 是以硬件形态承载的平台可信根，不是可随意卸载的软件库；F错误，TCM 是我国标准，并非 TCG 发布。","TCM、国密、可信计算"
"Z131","单选","硬件可信根","核心","某项目文档称“本平台基于 TPCM 构建可信计算 3.0 防护框架”。对文档中“双体系”一词，正确的理解是？","指可信程序与普通程序分区存放，并由防火墙实施网络隔离","指平台上并行安装两套操作系统，主系统故障时切换到备份系统","指同时部署两颗 TPCM 芯片，实现硬件冗余热备","指计算部件只负责运算，安全防护完全交由外部审计系统事后完成","指计算体系与防护体系并行运行，防护体系可对计算体系实施主动度量与管控","","","E","E正确：双体系即计算体系与防护体系并行，防护侧对计算资源实施主动度量与管控，这是可信计算 3.0 的核心架构。B这是把双体系误读为双操作系统热备；C双体系与芯片冗余无关；D防护是内建并行的主动防护，不是外部事后审计；A双体系不是程序分区或网络隔离方案。","TPCM、可信计算3.0、双体系"
"Z132","多选","硬件可信根","核心","某单位起草 HSM 招标技术规范，对以下条款进行合规性审查。其中属于合理条款的有哪些？","现有国际算法业务系统沿用 PKCS#11 对接，要求投标设备支持该接口","将“支持 SDF 接口”在规范中表述为“支持国际标准接口 SDF”，以提升规范权威性","面向国密业务的标段，要求设备提供符合 GM/T 0018 的 SDF 接口","要求所有投标设备的安全强度按所支持的接口协议判定，接口越新强度越高","云上业务标段允许选用云 HSM 服务，并在服务协议中明确密钥管理责任","要求设备只提供独立整机形态，明确排除 PCIe 密码卡与 USB HSM，因其不属于 HSM","","ACE","A、C、E正确：按存量业务生态要求接口支持是合理条款；国密标段要求 SDF 符合其标准出处（GM/T 0018）；云 HSM 是合法采购形态，约定密钥管理责任是审慎做法。B错误，SDF 是国内行业标准，标注为“国际标准”属于标准属性错误；D错误，安全强度由硬件设计与认证决定，与接口新旧无关；F错误，密码卡与 USB 形态均属 HSM 形态，排除属于形态认知错误。","HSM形态、SDF与PKCS#11、招标条款"
"Z133","单选","硬件可信根","核心","新员工培训后围绕 HSM 用途展开讨论，下列说法正确的是？","同事甲：HSM 与防火墙同属网络安全设备，都应部署在网络边界处","同事乙：HSM 的价值在于让根 CA 私钥、代码签名私钥这类高价值密钥全生命周期不出安全模块","同事丙：HSM 主要用来给普通业务 HTTPS 提速，性能是选型的首要卖点","同事丁：HSM 可以替代终端 SIM 卡完成用户身份认证","同事戊：只要传输通道加密强度足够，HSM 内的密钥必要时也可明文导出使用","","","B","B正确：高价值密钥全程不出模块正是 HSM 的核心价值与典型用途。A HSM 是密码设备而非边界防护设备；C加速只是附带能力，作为主要定位是误区；D终端身份认证属于终端侧机制，HSM 不能替代 SIM；E明文导出本身违背核心属性，通道加密无法替代密钥不出模块的要求。","HSM应用定位、密钥不出模块"
"Z134","多选","硬件可信根","核心","某单位 HSM 发生密钥被内部人员批量导出的安全事件，复盘下列既有做法，属于风险成因的有哪些？","敏感操作实行双人到场授权，并留存双方签字记录","全部管理权限集中于一名管理员，其可独立完成密钥导出","每季度开展密钥备份恢复演练并留存演练报告","操作日志存放于该管理员可覆盖的本地文件中","备份密钥以明文存放在运维个人网盘中，便于随时恢复","因业务繁忙，分权与双人授权机制长期被豁免执行","","BDEF","B、D、E、F是风险成因：单一管理员可独立导出全部密钥缺乏制衡；日志可被当事人覆盖导致操作痕迹不可信；明文备份使密钥保护在备份环节失守；长期豁免分权使控制形同虚设。A双人授权加签字留痕是有效控制措施；C定期恢复演练是应落实的要求，均不属于风险成因。","HSM运维、权限集中、审计日志"
"Z135","单选","硬件可信根","核心","团队新同事对 SSM 提出以下理解，其中正确的是？","SSM 即 HSM 的国际认证版本，通过国际认证的 HSM 就是 SSM","SSM 与终端身份认证芯片属同类设备，均面向终端侧提供保护","SSM 的服务接口与算法可由厂商私有定义，无需对齐国密标准","SSM 的分层密钥体系指各层密钥可统一明文导出，由根密钥随意迁移","SSM 是国内商密体系的服务端密码设备（GM/T 0030），不应理解为 HSM 的国际认证版本","","","E","E正确：SSM 有自己的国密标准体系（GM/T 0030），定位是服务端密码设备，与国际认证版本是两个概念。A这是对 SSM 与 HSM 关系的典型混淆；B SSM 是服务端设备，与终端侧认证芯片定位不同；C SSM 须遵循国密算法及相关标准；D分层密钥体系的核心是逐层保护与受控使用，明文导出违背其设计原则。","SSM、GM/T 0030、密评"
"Z136","单选","硬件可信根","核心","某物联网模组厂商在投标文件中写明其 SE“达到 CC EAL6+ 水平”，并解释为公司内部安全团队已按 CC 标准完成自评估、结论等同于认证。采购方对该说法的认定，正确的是？","可先以自评结论参与评标，中标后再补办认证并使等级追溯生效","厂商对自评结论有信心，即可在产品与宣传材料上直接标注 CC EAL6+ 认证标志","EAL 认证须由独立第三方评估机构实施评估并颁发证书，厂商自评结论不能等同于 EAL6+ 认证","只要自评估使用的检查单与 CC 标准文本一致，自评结论即可在合同中等同于第三方认证","厂商自评仅适用于 EAL4 以下等级，EAL5 及以上才强制引入第三方机构","","","C","C正确：CC 认证由独立评估机构按评估方法实施并由认证机构发证，自评不能替代。B认证标志的使用以获得正式认证为前提；A认证等级无法事后补办或追溯生效；D检查单一致不等于评估实施与担保效力等同；E各 EAL 等级均须经第三方评估，不存在低等级自评通道。","CC EAL、第三方认证、厂商自评"
"Z137","多选","硬件可信根","核心","采购评审中，某厂商宣传其 FIPS 140-3 L4 认证模块：“等级最高，算法因此更强；L4 与低等级的差别主要在文档数量；若暂未达标可先出货再补办升级。”对该宣传逐条核查，下列判断正确的有？","等级反映物理与环境防护强度递增，与模块所承载算法的强度无关","L4 相比 L3 的增量是环境失配防护，例如温压传感器检测到异常即清零密钥","L4 与 L1 的实质差别确实主要在文档数量，物理机制并无不同","部署在物理访问受控的机房时，L2/L3 模块通常也能满足防护需求，等级选型应与攻击面和成本匹配","量产上市后补交文档，可将已发证的 L1 结果追溯提升为 L3","既然等级与算法强度无关，那么 L1 与 L4 模块在物理攻击下的密钥防护也没有差别","","ABD","A、B、D正确：等级度量的是防护强度而非算法强度；L4 的特有增量是环境失配防护；等级选型应与部署攻击面和成本匹配。C错误，L1 至 L4 的物理防护机制逐级增强，并非只差文档；E错误，认证等级须经对应等级评估获得，不能事后补办追溯；F错误，等级虽与算法无关，物理防护逐级增强使 L1 与 L4 的密钥防护差别显著。","FIPS 140-3、安全等级、选型"
"Z138","多选","硬件可信根","核心","某终端安全架构评审会上，工程师们对 SE/TEE/TPM/HSM 的定位发表看法。其中正确的有？","TEE 因运行独立隔离 OS，其抗物理攻击能力为四类中最强","TPM 内置密码引擎且位于主板受整机保护，适合直接承载企业 CA 根私钥","SE 以 SIM/eSIM/inSE 等芯片形态出现，抗物理攻击能力在四类中最强，适合承载支付与身份类密钥","TEE 是 SoC 内与富 OS 隔离的执行环境，价值主要在于隔离执行，物理防护弱于 SE","TPM/TCM 以板级模组或 fTPM 形态存在，核心定位是平台度量、远程证明与密封","HSM 以板卡、独立设备或云服务形态提供，目标是服务端高价值密钥在模块内使用、不导出","","CDEF","C、D、E、F正确：SE 芯片形态抗物理攻击最强，承载支付身份密钥；TEE 主打隔离执行、物理防护弱；TPM/TCM 核心是度量证明密封；HSM 定位是高价值密钥不出模块。A错误，隔离 OS 不等于物理防护强，四类中抗物理攻击最强的是 SE；F错误（第二处），企业 CA 根私钥属最高价值资产，惯例由 HSM 承载而非 TPM。","SE/TEE/TPM/HSM对比、定位"
"Z139","单选","硬件可信根","核心","某公司同步建设四项业务：①手机 NFC 支付（支付密钥）；②服务器平台合规（完整性度量与远程证明）；③支付平台 CA 根私钥；④视频 App 的 DRM 内容解密。下列模块分配方案最符合业界惯例的是？","①SE，②SE，③HSM，④TPM","①SE（inSE/eSE），②TPM，③HSM，④TEE 且 DRM 根密钥由 SE 管理","①TEE，②TPM，③HSM，④SE","①TPM，②TEE，③HSM，④TEE","①SE，②TPM，③TPM，④TEE","","","B","B正确：支付密钥归 SE、度量证明归 TPM、CA 根钥归 HSM、DRM 执行归 TEE 且根密钥入 SE，符合“资产价值×攻击面×成本”的匹配逻辑。A错误，支付密钥放 TEE 削弱防护，DRM 解密执行也不在 SE；C错误，TPM 不承载支付密钥，TEE 也不承担平台度量证明的惯例角色；D错误，CA 根私钥应放 HSM 而非 TPM；E错误，服务器度量证明不应放 SE，DRM 解密也不是 TPM 的定位。","场景-模块匹配、SE/TEE/TPM/HSM"
"Z140","多选","TEE","核心","某手机基于 TrustZone 架构实现指纹支付：Android 侧部署支付 App，TEE 内部署负责指纹比对与密钥运算的可信应用。关于该体系的运行方式，下列说法正确的有？","经共享内存传递给 TA 的数据在未完成 TEE 侧校验前，都应视为不可信输入","指纹比对算法应实现在 CA 中，TA 只负责接收比对结果，以减轻 TEE 负担","即使 REE 内核被 Root 并植入恶意程序，TA 的执行与安全存储仍与 REE 相互隔离","支付 App 作为 CA，通过 TEE 客户端 API 与 TA 建立会话并发送命令","CA 运行在 TEE 内，由 TA 调度其启动与消息收发","共享内存映射完成后，TA 即可信任其中任意时刻的内容，无需重复校验","","ACD","A、C、D正确：共享内存可被 REE 侧改写，校验前不能作为可信输入；REE 被攻陷不影响 TEE 侧隔离执行与安全存储，这正是 TEE 的防御价值；CA 经客户端 API 发起会话是标准交互方式。B错误，指纹比对属敏感运算应放在 TEE 内的 TA 中；E错误，方向颠倒，CA 运行在 REE；F错误，共享内存内容随时可能被 REE 修改，每次使用前均需校验。","CA与TA、共享内存、TEE隔离"
"Z141","单选","TEE","核心","某运营商集采文件要求“终端 TEE 符合 GlobalPlatform 标准”。厂商投标材料中的下列表述，正确的是？","“符合 GP 标准”指实现遵循 GP 定义的 TEE 系统架构与相关 API 规范，GP 安全认证则是独立开展的安全评估活动","产品取得 GP 认证后，后续版本代码改动无需再评估对认证结论的影响","GP 标准与 GP 安全认证是同一体系的两个名称，取得其一即自动获得另一项","符合 GP 标准即等同于满足金融行业对支付终端的准入要求","GP 标准仅约束 SoC 的硬件电路设计，与 TEE 软件实现无关","","","A","A正确：清晰区分了“标准符合性”与“安全认证”两个不同层面的要求。B认证结论与受评估版本绑定，后续改动通常需重新评估；C标准是技术规范文本，认证是第三方安全评估活动，二者相互独立；D金融行业准入有自身的规范与检测体系，符合 GP 不等于自动满足；E GP 的 TEE 规范重点正是系统架构与 API，属系统与软件层面。","GlobalPlatform、标准与认证"
"Z142","多选","TEE","核心","测试团队为搭载 TEE 的终端制定安全评估范围，下列评估项的设置符合 TEE 能力边界认知的有？","验证 REE 内核被提权后无法篡改 TA 的运算结果与安全存储数据","审计 TA 代码的内存安全与输入校验逻辑","将“TEE 可抵抗探针读取芯片内部总线”列为测试通过标准","评估缓存时序等微架构侧信道对 TA 内密钥运算的影响","论证 TEE 可替代 SE 承担支付根密钥的物理防护职责","测试 CA 与 TA 交互协议对重放、超长消息等异常输入的处理","","ABDF","A、B、D、F正确：防御被攻陷的 REE 内核属于 TEE 的能力范围，应验证其有效性；TA 本质是软件、可能存在漏洞，代码审计是必要评估项；TEE 不能免疫微架构侧信道，相关风险应纳入评估；跨环境交互协议是真实攻击面，异常输入处理应在评估范围内。C错误，抗物理探针超出 TEE 防御边界，不应作为其测试通过标准；E错误，TEE 物理防护弱，不能替代 SE 承载根密钥的物理防护。","TEE能力边界、安全测试范围"
"Z143","单选","TEE","核心","某手机的指纹支付方案中，支付根密钥由 inSE 保管，指纹比对在 TEE 内完成。下列对这种分工的理解，正确的是？","TEE 与 SE 的安全能力等价，可按开发便利互换承担根密钥保管与指纹比对","将指纹模板存储与比对迁回 REE，比对通过后由 inSE 签发授权令牌，可达到等效的安全性","指纹比对应改在 SE 内完成，因为 SE 物理防护最强，能更好地保护指纹模板","TEE 与 SE 是相互竞争的方案，终端按成本选定其一即可满足全部安全需求","inSE 凭强物理防护承担根密钥的生成与保管，TEE 凭较强算力完成指纹比对等敏感运算，二者按能力互补分工","","","E","E正确：SE 提供强物理防护下的密钥保管，TEE 提供算力与隔离执行，互补分工是手机方案的典型形态。A SE 物理防护强但算力弱，难以承载比对算法；B模板与比对过程已暴露在 REE 中，事后签发令牌无法弥补前置的泄露与篡改风险；C二者能力特点不同，不可简单互换；D二者职责互补而非竞争，高安全方案通常同时部署。","TEE与SE、互补分工"
"Z144","单选","TEE","核心","攻防演示中，普通世界的恶意应用构造地址试图读取安全世界专属 DRAM 区域中的密钥数据，访问最终被硬件拒绝。从硬件机制看，这一隔离是在哪个环节由什么保证的？","处理器发出的总线事务携带 NS 位，该标记沿总线传播到内存控制器，由其判定并拒绝非安全访问","Secure Monitor 对每次跨世界访存做白名单审查，隔离由监控代码逐笔把关保证","该区域经内存加密后密钥与普通世界不匹配，隔离由加密引擎的密钥比对保证","普通世界页表中不存在该地址映射，隔离由 MMU 查表失败保证","系统调用入口的地址检查拦截了该请求，隔离由内核软件校验保证","","","A","A正确：NS 位附加在总线事务上传播到内存控制器，由硬件按安全属性判定，是 TrustZone 隔离的核心路径。D页表映射属于软件机制，即便建立映射，硬件层面的 NS 判定仍会拒绝访问；B Secure Monitor 只在世界切换等异常进入时介入，不会逐笔审查数据访问；E内存加密是附加防护，访问拒绝发生在 NS 属性判定环节；C软件校验可被绕过且请求已穿过系统调用层。","NS位、TrustZone、硬件强制隔离"
"Z145","多选","TEE","核心","安全团队发现普通世界恶意应用读出了本应仅存于安全世界的密钥数据，排查焦点集中在硬件隔离组件的配置上。以下哪些配置错误可能直接解释该泄露？","GIC 将本应属于安全组的中断误配置到非安全组，普通世界代码得以处理含敏感数据的中断","TZPC 将全部外设都配置为仅安全访问，迫使普通世界驱动改用旁路手段访问","GIC 为安全组中断配置了目标核却漏配了优先级，中断被丢弃导致密钥残留在共享缓冲区","TZASC 将密钥所在的 DRAM 区间误配置为非安全世界也可访问","TZPC 将存放密钥数据的外设访问权限误开放给非安全世界","TZASC 将所有 DRAM 区域都配置为仅安全世界可访问，普通世界因此绕过检查直接读取","","ADE","A、D、E正确：安全内存区间被 TZASC 误标为非安全可访问时普通世界可直接读取；外设权限误开放后密钥外设中的数据可被非安全世界读走；安全中断误分组后由普通世界处理，敏感数据随之暴露。B配置过严只会收紧访问，“因此绕过检查直接读取”的因果不成立；C漏配优先级属于功能故障，与密钥被读出没有直接因果；F（原序）配置过严不会催生可用的旁路手段。","TZASC/TZPC/GIC、配置错误"
"Z146","单选","TEE","核心","某安全服务被高频调用，性能测试显示每次 SMC 调用都伴随相对固定的微秒级开销，成为整个方案的瓶颈。该开销的主要来源是？","每次调用都要从普通世界文件系统重新加载对应的可信应用镜像到安全内存","每次调用都会造成处理器核心的缓存与 TLB 全量失效，后续所有访问只能从主存重新填充","每次调用都会触发安全内存区域的整体重新加密，加解密耗时主导了切换延迟","每次调用返回后普通世界的全部页表都宣告失效，内核必须重建页表才能继续运行","每次调用都发生世界切换，Secure Monitor 需要保存当前世界并恢复目标世界的上下文，返回时还需逆向执行一遍","","","E","E正确：世界切换的上下文保存与恢复是 SMC 调用的固有开销，返回时还需再次恢复现场。C安全内存并无“每次调用整体重加密”的机制；D页表不会因世界切换而全部失效；A可信应用镜像在会话建立阶段加载，并非每次调用都重新加载；B切换涉及的缓存维护是有限范围操作，“全量失效”夸大到不符合实际。","SMC、世界切换开销"
"Z147","多选","TEE","核心","安全团队评审一套 TEE 可信应用的设计文档，需要挑出其中存在错误认知或安全隐患、必须退回修改的条目。以下哪些条目应当被退回？","“所有来自 REE 的输入先经过共享内存范围与长度校验，再进入业务处理”","“REE 侧内核会保证传入指针合法，TEE 内可省去指针校验步骤以简化代码”","“针对跨 TEE 平台的发布计划，为不同 TEE OS 分别完成可信应用的适配验证”","“参数解析直接使用 REE 传入的长度做内存拷贝，无需再设长度上限检查”","“调用接口设计为每处理一个数据块就发起一次 SMC 调用，预期调用频率为每秒数万次”","“鉴于 SMC 存在切换开销，将多个小请求合并为一次调用以降低整体延迟”","","BDE","B、D、E应退回：REE 属于不可信一方，其“保证”不能作为 TEE 省略校验的依据；不设上限的长度直接用于拷贝会造成越界访问；每秒数万次 SMC 意味着海量世界切换开销，说明设计者把 SMC 当成了无成本的函数调用。A先校验归属与长度再处理是正确做法；C合并请求正是应对切换开销的合理优化；F不同 TEE OS 之间不兼容，分别适配符合生态现实。","SMC参数校验、调用开销、生态适配"
"Z148","多选","TEE","核心","在一套典型的 ARM TrustZone + TEE 系统中，关于各软件组件与其运行异常级的对应关系，下列描述正确的有哪些？","可信应用（TA）运行在 S-EL0，通过系统调用等方式请求 S-EL1 上 TEE OS 的服务","OP-TEE、iTrustee 等 TEE OS 运行在 S-EL1，负责管理安全世界的内存、中断与 TA 生命周期","Secure Monitor 固件（如 TF-A）运行在 EL3，是整个系统中特权最高的软件实体","普通世界的 Android 应用与安全世界的 TA 都运行在第 0 级，因此二者可以互相直接访问对方的内存","TEE OS 运行在 S-EL1，因此它可以不经过 EL3 直接完成安全世界与非安全世界之间的切换","普通世界 Linux 内核运行在 EL1，与 TEE OS 所在的 S-EL1 数值相同，但分属两个世界、互不统属","","ABCF","A、B、C、F正确：TA 处于安全世界用户态；TEE OS 位于安全内核级；EL3 为最高特权级驻留 Secure Monitor；EL1 与 S-EL1 是两个世界各自独立的内核级。D错误，二者虽同为第 0 级但分属不同世界，安全隔离使其无法直接互访内存；E错误，世界切换必须由 EL3 的 Secure Monitor 完成。","异常级映射、组件归属"
"Z149","单选","TEE","核心","某团队为快速上线新功能，提出“由 REE 侧应用在运行时下载代码并加载到 EL3 执行”。从 TEE 架构角度，对该方案最准确的评价是？","不可取：EL3 特权太低，注入的代码容易在执行过程中被 S-EL1 的 TEE OS 篡改","可行：EL3 只是普通的一个异常级，向其加载代码与在内核加载模块没有本质区别","可行但需谨慎：只要下载代码通过数字签名校验，REE 就可以随时热替换 Secure Monitor，无需重启","不可取：EL3 是信任根，若允许 REE 动态注入最高特权代码，等于把系统安全边界交由不可信世界掌控","可行：EL3 天然面向两个世界开放，REE 应用本就有权直接在 EL3 上部署自己的服务","","","D","D正确：EL3 代码属于 TCB 根部分，必须以固件形式固化并最小化，不能由不可信世界动态注入。B EL3 特权最高且构成信任根，与普通内核模块加载的风险量级完全不同；C REE 不具备写 EL3 的任何通路，“运行时热替换信任根”本身即破坏信任链；A特权排序相反，EL3 高于 S-EL1，不存在被 TEE OS 篡改的通道；E“面向两个世界开放”指可响应两世界的请求，不等于可在其中部署任意代码。","EL3、信任根、TCB最小化"
"Z150","多选","TEE","核心","面试中候选人被要求澄清“两个 EL2”的区别。下列说法正确的有哪些？","S-EL2 出现后，普通世界 hypervisor 的职责整体迁移到 S-EL2，KVM 不再需要运行在 EL2","在未实现 S-EL2 的 ARMv8.0–v8.3 芯片上，安全世界内部不具备硬件虚拟化支持","普通 EL2 供 KVM、Xen 等 hypervisor 管理普通世界虚拟机；S-EL2 供 Hafnium 等安全虚拟机监控器管理安全世界分区","两个 EL2 特权数值相同，但分属不同世界，各自维护独立的虚拟化控制与地址翻译机制","S-EL2 与 EL2 共享同一组虚拟化寄存器，两侧的配置会相互覆盖","S-EL2 像普通 EL2 隔离普通虚机一样，通过第二阶段地址翻译隔离安全虚机的内存","","BCDE","B、C、D、E正确：S-EL2 自 ARMv8.4 起引入，此前芯片安全世界没有硬件虚拟化等级；普通 EL2 与 S-EL2 分属两个世界各管各的虚机；数值相同不等于同一实体；第二阶段地址翻译是安全虚机内存隔离的核心手段。A错误，普通世界虚拟化仍由普通 EL2 承担；F错误，两个 EL2 的虚拟化状态相互独立，配置不会互相覆盖。","S-EL2、两个EL2、Hafnium"
"Z151","单选","TEE","核心","某 TEE 方案的安全世界采用三层部署：管理组件在 S-EL2、TEE OS 在 S-EL1、TA 在 S-EL0。新成员提问：“TEE OS 为什么放在 S-EL1，而不是放到 S-EL0 或更高的 S-EL2？”最合理的解释是？","S-EL1 属于普通世界的等级，分配给 TEE OS 可以借用 Linux 的驱动与调度能力","S-EL0 的特权其实高于 S-EL1，放在 S-EL1 是为了让 TEE OS 获得更小的权限以便审计","分层的目的在于让 REE 也能复用这些组件，从而降低跨世界开发的成本","分层主要是出于性能考虑：异常级越高执行速度越快，把关键组件放在高层可以获得加速","TEE OS 需要执行管理安全内存、处理安全中断、创建销毁 TA 等特权操作，S-EL1 的内核级特权恰好匹配；放 S-EL0 会丧失特权能力，放 S-EL2 则无必要地抬高其特权","","","E","E正确：特权与职责匹配是分层的基本原则，内核级操作要求内核级特权，同时不应无谓占用更高层。B特权排序被颠倒，S-EL1 高于 S-EL0；C S-EL1 是安全世界的内核级，与普通世界 EL1 是两个实体，无法借用 Linux 能力；D分层服务于特权治理与攻击面隔离，加速属于虚构动机；A被攻破的 TEE OS 无法依赖更低特权层完成自愈。","S-EL1、特权职责匹配、分层设计"
"Z152","单选","TEE","核心","红队已完全控制一台运行 SGX 密钥服务的宿主机内核。以下哪一项是该攻击者无法做到的？","强行终止进程，使密钥服务对外不可用","通过频繁触发换页放大 enclave 的性能抖动，干扰其正常运行","读出 enclave 内私钥的明文，包括通过直接扫描物理内存获取","决定密钥服务进程何时被调度，或完全不给予调度","将 enclave 的 EPC 页面换出到普通内存，或拒绝 enclave 初始化启动","","","C","C正确：DRAM 中的 EPC 内容经 MEE 加密并受完整性保护，明文只在处理器核心内出现，OS 读到的只是密文。B换页节奏由 OS 掌握，可借此制造性能干扰，但触及不到明文；D进程终止是 OS 特权操作，SGX 不防御拒绝服务；A调度权在 OS，SGX 不保证可用性；E EPC 换页与资源分配本就由不可信的系统软件负责。","SGX信任边界、EPC加密、可用性边界"
"Z153","多选","TEE","核心","安全评审会审查一份“基于 SGX 的密钥管理系统”设计方案，以下评审意见成立的有哪些？","为最大化安全，应把尽可能多的业务代码搬进 enclave，enclave 越大越安全且没有额外代价","采用 sealing 落盘可行，但必须设计平台更换或硬件报废后的密钥恢复与重新导入机制，sealed 文件不能作为跨机灾备手段","将口令校验等非敏感逻辑留在普通代码中、仅把密钥运算纳入 enclave，符合最小化 enclave 的通行实践","方案中“部署 SGX 后服务可用性由硬件保证”的表述不成立：OS 拒绝调度即可造成服务中断，仍需另行做高可用设计","远程证明报告可以作为“该服务业务逻辑不存在安全漏洞”的审计结论","sealing 密钥是编译期写死在 enclave 二进制里的常量，备份二进制文件即可在任意机器恢复数据","","BCD","B、C、D正确：sealing 绑定本机平台，跨机迁移必然解封失败，恢复设计是必须项；缩减 enclave 只保护核心秘密可减小攻击面；SGX 保护机密性与完整性，不保护可用性。A错误，enclave 膨胀会扩大 TCB 与攻击面；E错误，证明只表明运行的代码度量与预期一致，不等于代码无漏洞；F错误，sealing 密钥由 CPU 硬件派生，不是软件常量。","Sealing、最小enclave、可用性边界"
"Z154","单选","TEE","核心","架构评审会上讨论 Intel 机密计算路线，出现了多种表述，其中准确的是？","TDX 本质上是对 SGX 的软件封装，虚拟机仍运行在一个大 enclave 之上","TDX 把隔离粒度进一步细化到函数级，粒度越细安全性越高","TDX 以虚拟机为隔离粒度（Trust Domain），接棒服务器机密计算路线，与 SGX 以 enclave 为单位、面向进程级保护的定位不同","TDX 是 SGX 的进程级延续，隔离粒度与 SGX enclave 保持一致","SGX 已在所有平台移除，TDX 是与其毫无演进关系的全新替代技术","","","A","A正确：演进主线是“进程粒度 enclave 到虚机粒度 Trust Domain”，TDX 定位在服务器虚机粒度。D TDX 的粒度是虚拟机，不是进程级 enclave 的延续；C粒度演进方向是放大到虚机而非细化到函数；D（第二处）TDX 是硬件层面的虚机粒度机制；E SGX 在服务器保留，TDX 承接其后的机密计算路线。","TDX、SGX、隔离粒度演进"
"Z155","多选","TEE","核心","安全团队按“攻击手段类别”为 SGX 历史攻击建立分类档案，以下归档正确的有哪些？","上述攻击可统一归因于 SGX 的报告签名算法被数学破解","Plundervolt 与 Foreshadow 手段相同，都属于缓存时序的被动侧信道观测","MEE 为 EPC 提供加密与完整性保护，因此上述攻击都无法真正读取 enclave 明文","Foreshadow、SGAxe 均利用微架构层面的瞬态执行/数据采样手段获取 enclave 秘密","Plundervolt 属于主动故障注入：借助软件可控的电压调节诱导计算出错，区别于被动观测","ÆPIC Leak、Downfall 的出现说明瞬态执行被缓解后，跨飞地泄漏仍存在架构级/指令级等新攻击面","","DEF","D、E、F正确：Foreshadow 走 L1 瞬态执行、SGAxe 基于 MDS 采样，同属微架构类；Plundervolt 主动注入电压故障，与被动观测性质不同；ÆPIC Leak 与 Downfall 表明缓解瞬态执行不等于闭环，新攻击面持续出现。A错误，这些攻击均未破解任何 SGX 密码算法；B错误，Plundervolt 是主动故障注入，与 Foreshadow 手段不同类；C错误，多起攻击已实际读出明文秘密，MEE 的保护范围不覆盖这些途径。","SGX攻击谱系、Plundervolt、ÆPIC Leak"
"Z156","单选","TEE","核心","某金融客户计划把虚机迁入提供 AMD 安全特性的公有云，核心合规关切是“云管理员不得借助 hypervisor 读取虚机内存”。售前方案评审中，下列说法正确的是？","满足该关切的关键在于选用更长的 AES 密钥并定期轮换，与是否支持 SEV 无关","该关切属于侧信道范畴，SME 与 SEV 均不针对此类场景提供防护","开启 SME 即可满足该关切，因为 SME 会为每台虚机分配独立的内存加密密钥","SME 与 SEV 只是同一功能的两个市场名称，方案书中无需加以区分","SME 以整机单一密钥加密内存、定位是缓解内存总线物理嗅探，该关切需要由为每台虚机分配独立密钥的 SEV 来满足","","","E","E正确：SME 的单一密钥定位是防内存总线物理嗅探，“防宿主读取”需要 SEV 的按虚机独立密钥。A密钥强度与按虚机隔离是两回事，hypervisor 的读取路径不受密钥长度影响；B宿主读内存正是 SEV 的直接防护目标而非侧信道；C把 SEV 的能力误安在 SME 上；D“同一功能两个名字”是典型误区，两者定位并不同。","SME与SEV、按虚机密钥、防宿主读取"
"Z157","多选","TEE","核心","安全团队把 SEV 家族要应对的三类威胁列为：①宿主观察虚机退出时的寄存器现场；②宿主读取虚机内存明文；③宿主调换虚机内存页而不被察觉。下列“威胁→缓解机制”的对应正确的有？","威胁①由 SEV-ES 的退出时寄存器状态加密针对性缓解","威胁③在 SEV-ES 中已通过寄存器加密间接解决","威胁①由 SEV-SNP 的 RMP 针对性缓解","威胁②由 SEV 的每虚机独立内存加密针对性缓解","威胁②由 SEV-ES 缓解，因为它加密了虚机退出时的全部状态","威胁③由 SEV-SNP 的内存完整性机制针对性缓解","","ADF","A、D、F正确：寄存器现场保护正是 SEV-ES 的设计目标；独立密钥加密内存是 SEV 针对威胁②的基础能力；页调换属完整性问题，对应 SNP 的增量能力。B错误，寄存器加密不覆盖内存页完整性；C错误，RMP 校验的是内存页归属与状态，与寄存器现场无关；E错误，寄存器状态加密不能替代内存加密。","SEV家族演进、威胁映射"
"Z158","多选","TEE","核心","评审会上有同事提出：“虚机内存已经加密，hypervisor 不可能篡改内容而不被发现。”讲解 SEV-SNP 设计时，可用来说明该观点不成立的论据有？","加密只保证攻击者读不到明文，把整页密文替换成另一页密文这类操作，加密本身无法发现","判断“这页密文是否属于这台虚机的这个位置”需要额外的完整性元数据，SNP 用由安全固件维护的 RMP 承担该职责","若加密本身就等于完整性保护，SNP 便没有必要再引入 RMP 与内存完整性校验","被替换的密文解密后可能成为垃圾数据，这类完整性破坏需要硬件校验机制来系统性拦截","加密算法自带的校验和可以检测任何密文替换，因此该观点在早期 SEV 上同样成立","hypervisor 篡改内存页的行为会被 AES 加密自动记录在密文头部，虚机可据此察觉","","ACE","A、C、E正确：机密性与完整性是两种属性，整页密文替换是加密发现不了的；完整性需要独立的元数据与校验，SNP 用安全固件维护的 RMP 承担；从 SNP 增设 RMP 的设计事实也可反推“加密不等于完整性”。B所用加密方案并未提供检测任意替换的校验和；D AES 加密不存在“自动记录在密文头部”的机制。","SEV-SNP、RMP、加密不等于完整性"
"Z159","单选","TEE","核心","安全团队要在年度报告中概括两起标志性攻击：SEVered（早期 SEV 上跨虚机页重映射泄露）与 TEE.Fail（向 DDR 总线注入降速信号绕过完整性校验）。下列概括正确的是？","SEVered 已被 SEV-ES 的寄存器加密封堵，TEE.Fail 已被 RMP 的页校验封堵，两类风险均已清零","SEVered 暴露的是密钥强度不足，TEE.Fail 表明侧信道嗅探仍可窃取 TEE 内数据","SEVered 属于物理探针攻击，TEE.Fail 属于 hypervisor 逻辑攻击，二者共同说明内存加密形同虚设","两者都是 guest 软件栈漏洞，随版本升级即可彻底消除，与 TEE 架构无关","SEVered 暴露的是早期 SEV 缺少内存完整性的缺口，TEE.Fail 表明物理层主动注入可绕过包括 SNP 在内的最新 TEE 校验","","","E","E正确：分别点明完整性缺口与物理层注入绕过校验这两类不同层面的风险。B SEVered 与密钥强度无关，TEE.Fail 是主动注入而非嗅探；C两者的攻击层面判断完全颠倒；A寄存器加密不解决页重映射，RMP 也不针对总线注入；D两者均源于平台与物理层机制，并非 guest 软件栈漏洞。","SEVered、TEE.Fail、攻击归因"
"Z160","多选","TEE","核心","某团队首次在公有云上线承载敏感业务的机密虚机，正在制定上线前的准入验证流程。下列哪些做法符合准入验证要求？","控制台状态页显示“机密虚机运行正常”，即可视为已通过安全准入验证","证明报告不含业务机密数据，向平台内全体租户公开不会带来任何安全影响","核对所选实例类型是否实际支持并启用机密计算硬件特性，而不是仅依据控制台的“机密虚机”标签判断","将证明报告中的度量值与预先计算的预期镜像度量基线逐项比对","确认证明报告绑定的实例标识与本次部署的目标实例一一对应","证明报告由云侧生成，其真实性由云厂商负责，租户无需自行核验","","CDE","C、D、E正确：实例类型决定是否真有 TEE 硬件能力，标签只是展示信息；度量比对是确认“实例上运行的就是预期镜像”的核心手段；证明必须绑定具体实例，防止冒充。A“机密”标识只表明实例类型属性，不等于已完成安全验证；B报告绑定实例与镜像信息，向全体租户公开会暴露部署细节；F报告的价值恰恰在于租户独立验证，托付厂商等于放弃验证。","机密虚机准入、度量基线、标签不等于验证"
"Z161","单选","TEE","核心","某工程师提议：“证明报告里已包含生成时间戳，验证服务只需比较报告时间与当前时间即可防止重放，无需引入 nonce。”评审时该提议被否决，最主要的理由是？","各厂商报告的时间戳字符串格式不统一，解析失败率高","时间戳会增大报告体积，影响高频验证场景的传输效率","报告时间来自设备侧时钟，该时钟不可信且可被伪造，时间比对无法排除攻击者提供的旧报告","时间戳由 TEE 本地生成不可信，改用云端时间戳服务签发后写入报告，该提议稍加改造即可成立","时间比对依赖网络时间同步协议，离线部署环境下无法实施该方案","","","C","C正确：新鲜性判断不能建立在攻击者可影响或伪造的时钟之上，这是时间戳方案无法修复的本质缺陷。A格式问题可以通过统一约定解决，不是根本缺陷；B体积开销与安全性无关；D即使时间由云端签发，近期截获的报告在窗口内重放仍可通过，会话绑定缺失的问题依旧；E时间同步可离线近似实现，且同样没有解决时钟不可信问题。","证明新鲜度、nonce、时间戳不可信"
"Z162","单选","TEE","核心","某应用的敏感数据以 TEE 密封存储保存在本地磁盘。设备主板损坏后，运维将整机磁盘镜像原样复制到一台同型号新设备上，新设备 TEE 中解封失败。对失败原因最准确的解释是？","新设备的 TEE 首次启动时执行一次密钥继承初始化脚本，即可接管原设备的密封密钥完成解封","同型号设备密封格式兼容，失败缘于新旧设备固件版本不一致，统一固件版本后即可解封","迁移前应将密封数据解密为明文再复制，可从根本上避免解封失败","磁盘镜像复制过程中部分数据块损坏，解封时校验失败，应改用带块级校验的克隆工具重新复制","密封数据的解封依赖原设备 TEE 硬件信任根派生的密钥，新设备密钥不同，原密封数据在新设备上无法解封","","","E","E正确：密封将数据绑定到原设备的安全根，这是设计特性而非故障。D数据块损坏属于完整性问题，同镜像在原设备上仍可解封；B固件版本只影响密封策略的一部分，根密钥不同才是根本原因；C TEE 硬件信任根不可跨设备转移；A明文迁移等于放弃密封保护，用降低安全性来回避运维约束。","密封存储、设备绑定、迁移恢复"
"Z163","多选","处理器微架构","核心","某课程在微架构安全专题中将 MDS（ZombieLoad/RIDL/Fallout）与 Spectre、Meltdown、Rowhammer 作对比，下列对比结论正确的有？","缓解上与 Meltdown 完全相同，部署 KPTI 内核页表隔离后即无需再做微码与超线程相关处置","攻击面上只有启用超线程的平台才存在内部缓冲区，单线程平台无需任何 MDS 缓解","MDS 能跨上下文泄露，是因为行填充缓冲、存储缓冲等内部缓冲区被不同上下文复用，残留数据未及清除即可被瞬态执行采样","攻击前提通常需要攻击者能在目标平台上运行可控代码（如租户虚机、容器或沙箱内），再借助瞬态执行采样","与 Rowhammer 同属内存类问题，以部署 ECC 内存为主要缓解手段即可","影响上仅造成信息泄露，不会像 Rowhammer 那样翻转内存位或造成持久性数据损坏","","ACE","A、C、E正确：缓冲区跨上下文硬件复用正是 MDS 采样他人残留的原因；一般要求目标机器上存在攻击者可控的执行流；MDS 只读取残留数据副本，不改变内存内容。B KPTI 针对 Meltdown 的越权访存路径，对缓冲区采样无效；D Rowhammer 是物理故障且 ECC 也非其充分缓解；F内部缓冲区在单线程平台上同样存在，仍可经上下文切换等路径泄露。","MDS、缓冲区采样、跨漏洞对比"
"Z164","单选","处理器微架构","核心","代码审计发现：某函数一条很少成立的分支的路径上有一条读取内部数组的语句，该路径从未被架构提交，程序输出与内存内容均与顺序执行完全一致。开发者据此主张“该路径从未真正执行，不可能泄露任何信息”。作为审计方，正确的反驳依据是？","被丢弃路径的访存会改变缓存这一微架构状态，并行攻击者可通过时序测量间接感知其发生过","缓存状态本就属于程序可见的架构状态，输出一致即可证明缓存也未受影响","架构状态回滚时会顺带清空缓存，开发者的结论在共享环境下同样成立","路径从未提交说明处理器从未启动对它的执行，缓存不会发生任何变化","只要程序输出不变，任何并行运行的外部进程都不可能观察到差异","","","A","A正确：瞬态访存留下的缓存时间差可被并行进程测量，程序语义不变与信息泄露可以并存。E输出与内存不变不代表微架构状态不变，时序信道正是绕过这一层的观察手段；B缓存是微架构状态而非架构状态；A（第二处）回滚不清空缓存，该说法把误区当成了依据；D推测执行确实提前启动了该路径的指令，只是结果未提交。","回滚语义、瞬态执行、程序语义与泄露"
"Z165","多选","处理器微架构","核心","同一处理器的两个核心上分别运行攻击者与受害者的进程，二者不共享任何内存页。攻击者希望探测受害者的缓存活动。下列说法正确的有？","该类时序探测能把结论精确到受害者某条指令读取的寄存器数值","clflush 可作用于任意物理地址，因此 Flush+Reload 天然不依赖内存共享","攻击者可先用自己的数据填满目标缓存组，待受害者运行后重访该组，以时间变长判断组内行被替换","该方法探测的是缓存组这一微架构资源的占用状态，不要求与受害者共享内存页","缓存访问的耗时对所有地址基本相同，跨核探测只能依靠统计噪声","若能与受害者共享某个二进制库的物理页，则可改用“清行—等待—重载测时”监视其对相应代码行的执行","","BCF","B、C、F正确：先填充后重访测时的 Prime+Probe 流程正确；探测的是共享缓存组的占用状态，无需共享内存页且可跨核；共享页时可按 Flush+Reload 监视共享代码的执行。A命中与未命中周期数差异显著，“耗时恒定”不成立；D clflush 只能作用于自己有映射的行，Flush+Reload 依赖共享页；E探测粒度是缓存组/行级别的访问行为，读不出寄存器内容。","Prime+Probe、Flush+Reload、探测粒度"
"Z166","单选","处理器微架构","核心","某网络服务按包解析索引，代码为 `if (idx < len) { v = data[idx]; }`，初读之下 v 之后未被使用。攻击者传入越界 idx 后，仍恢复了 data 越界区域的字节。审计补全攻击链时，下列哪项是使该结果成立所必需的环节？","推测路径上需存在把 v 用作下标访问另一个可探测数组的代码，使 v 的取值被编码进缓存，再以测时遍历恢复","攻击者必须先取得该服务的调试接口权限，才能直接读出推测执行访问过的地址","只要边界检查语句存在且写法正确，推测执行就不可能读取越界数据","攻击者必须让 v 在架构层面写回某个输出缓冲区，再把内容随响应带回","泄露必须先逐出整个缓存才能建立信道，常规的逐行测时不足以恢复字节","","","A","A正确：必须有把秘密值编码进缓存的下游访问（gadget），测时遍历才能逐字节恢复，这是 v1 泄露成立的必要环节。C检查写法正确仍可能被预测器“抢先判定通过”，推测越界读照常发生；B推测执行的内容无法被调试接口直接读取；D瞬态结果不会架构性写回任何缓冲区，泄露走的是微架构信道；E信道只需逐行清出与重载的局部时间差，不要求逐出整个缓存。","Spectre v1、泄露gadget、编码进缓存"
"Z167","多选","处理器微架构","核心","安全培训材料需要一组对 Spectre v2 的准确描述作为判例。下列各项中，表述正确的有？","retpoline 属于 CPU 微码功能，开启只需设置特定的模型特定寄存器位","v2 要求攻击者先向内核注入持久化代码（如加载恶意模块）来安放 gadget，否则无法布置跳转落点","v2 的注入对象是间接跳转/间接调用的目标预测，与 v1 利用的条件分支方向预测属于不同对象","gadget 通常取自受害者自身代码中现成的序列（例如间接跳转之后紧邻的泄露片段），推测执行按受害者上下文的地址翻译进行","v2 与 Meltdown 的共同点是都借瞬态执行留下的缓存痕迹恢复数据，差异在于 v2 不绕过硬件权限检查","v2 得以成立的结构性原因之一，是分支预测状态跨上下文、跨权限态共享，且不受页表等架构隔离机制的约束","","ACDF","A、C、D、F正确：v2 注入目标地址、v1 训练方向预测，被利用对象不同；gadget 常复用受害者代码中的现成片段；两者同以缓存痕迹为泄露出口，但 v2 不绕过权限检查；预测状态跨上下文共享且在架构隔离之外，是注入得以生效的结构原因。B错误，复用现成片段即可，注入持久化内核代码不是前提；E错误，retpoline 是软件改造，微码接口属于 IBRS 一系。","Spectre v2、BTB注入、gadget"
"Z168","多选","处理器微架构","核心","整改复盘会上，团队为 Spectre v4（SSB，CVE-2018-3639）建立技术档案，供后续变体评估复用。以下哪些表述可以写入档案？","v4 的触发依赖分支预测错误，分支预测准确率越高的平台风险越低","load 在相关 store 尚未提交时被推测放行、读到旧值，旧值经依赖计算影响缓存状态，构成泄漏路径","v4 与 v2 出自同一硬件机制，二者的缓解手段可以互换部署","为构成可提取的泄漏，瞬态读到的旧值需经依赖操作（如作为访存索引）编码进缓存","v4 泄漏的是跨特权级的内核映射内容，KPTI 是其针对性缓解","store 最终提交后程序架构状态与未发生推测时一致，因此功能正确性测试难以发现此类泄漏","","BDF","B、D、F正确：store-to-load 依赖被推测旁路读到旧值是核心机制；旧值需经依赖访存编码进缓存才可被提取；推测不改变架构结果，功能测试对微架构残留不敏感。A错在 v4 的触发点是 store-to-load 的推测放行而非分支预测错误；C混淆了 v2（分支目标注入）与 v4（存储绕过），缓解互不通用；E把 Meltdown 类跨特权读取与 v4 混为一谈。","Spectre v4、SSB、SSBD"
"Z169","单选","处理器微架构","核心","为多租户云平台梳理瞬态执行缓解清单，下列哪个场景对“返回栈缓冲（RSB）方向”的缓解需求最直接？","频繁发生宿主与客户机世界切换的虚拟化监控器，其 RSB 在 VM 退出时被清空、切换边界需填充保护","承载大量短生命周期 store 后紧接 load 的对象池分配器","调用深度固定、不接触不可信输入的内核页回收守护线程","以查表计算为主、调用图扁平且不处理跨特权数据的核心数值库","经手工改写、以间接跳转完成分派且不含 call/ret 的调度热路径","","","E","E正确：世界切换边界正是 RSB 被清空后推测失控的典型触发点，填充保护需求最直接。B store-load 密集特征对应 SSB 类风险而非返回预测；C间接跳转对应 BTB 方向问题（v2）；D调用深度固定且无不可信输入，被操纵 RSB 的前提不足；A调用图扁平且无跨特权数据，RSB 方向暴露面很小。","SpectreRSB、RSB填充、场景映射"
"Z170","多选","处理器微架构","核心","某 SGX 签名服务的 LVI 整改方案评审中，以下意见成立的有哪些？","在飞地入口增加输入格式校验，即可拦住被注入的错误值","方案应同步确认宿主侧 MDS 类注入通道的缓解状态","升级工具链并重编译飞地代码及其依赖的运行时库，在敏感 load 后插入屏障","改用更大的 enclave 页尺寸即可在硬件层消除 LVI","屏障有性能代价，应对飞地内高频路径做评估并预留性能预算","将飞地内的秘密全部改为密文存储，即可阻断 LVI，无需重编译","","BCE","B、C、E正确：注入通道与宿主侧 MDS 类风险状态相关，需一并核查；LVI 缓解需重编译飞地代码加屏障，且覆盖第三方运行时；屏障开销需要性能评估与预算。A注入发生在微架构缓冲层面，输入校验无法感知和拦截；D把无关的页尺寸当成硬件开关；F签名计算中秘密必然以明文参与瞬态运算，静态加密不阻断注入。","LVI、重编译缓解、性能预算"
"Z171","单选","处理器微架构","核心","某新瞬态执行变体披露后，安全运营需要决定响应动作。以下处置最符合此类风险的治理定位？","等待厂商给出完整修复声明后再启动评估，期间不采取任何临时降噪措施","该变体的 PoC 尚未公开，不构成现实风险，无需进入响应流程","核对既有硬件特性、微码与软件屏障对该变体的覆盖情况，按暴露面重估风险、部署补充缓解并更新台账","沿用上一轮“微码已全量部署”的结论直接关闭工单，不再核对该变体的覆盖","只对监管通报过的变体启动响应，未通报的暂缓处理，风险治理以合规清单为准","","","C","C正确：符合“每次新变体披露需重新评估覆盖”的治理定位，按暴露面分级处置。D把历史结论套用到新变体上，覆盖情况必须逐变体重新核对；E以合规通报替代技术评估，会漏掉未纳入清单的真实风险；A被动等待放弃了可先期部署的临时消减手段；B以 PoC 公开与否界定风险，与可利用性判断脱节。","瞬态执行治理、新变体响应、缓解分层"
"Z172","单选","处理器微架构","核心","某系统调用密集型服务在开启 KPTI 后吞吐明显下降。整改复盘需向业务方解释开销来源，下列解释正确的是？","内核代码不再常驻 LLC，每次系统调用都要从内存重新取指，取指延迟成为主要开销","KPTI 使系统调用改经 hypervisor 的中断虚拟化路径转发，每次调用附加一次 VM 退出开销","每次进出内核都要切换页表（CR3），无 PCID 支持时切换伴随 TLB 大面积刷新，地址翻译开销显著上升","KPTI 在系统调用入口对内核数据页做加解密，加解密指令挤占了业务可用的流水线资源","开启 KPTI 后处理器进入保守运行模式，乱序执行与推测执行被整体关闭，IPC 明显下降","","","C","C正确：KPTI 的开销主体即页表切换及其引发的 TLB 失效。A缓存与取指只有次要影响，根因在页表切换与 TLB 刷新；B KPTI 没有任何加解密动作；D KPTI 不改变处理器的乱序与推测执行能力；E KPTI 是操作系统层机制，全程不涉及虚拟化退出路径。","KPTI、页表隔离、性能开销"
"Z173","多选","处理器微架构","核心","对一批混合 x86 与 ARM 的服务器做 Meltdown 排查。下列操作或结论合理的有？","读取每台主机的处理器型号，对照公开受影响微架构清单逐型号判定","对清单未覆盖的新微架构，按厂商安全公告补充核对，而非沿用既有豁免规则","以是否启用 KPTI 为主要判据，未启用 KPTI 的主机直接判定为受影响","同厂商同代产品线可统一判定，因为同代处理器的微架构实现彼此一致","对 AMD 主机标注“基于微架构实现基本免疫”，同时保留复核入口以跟进后续研究","以发行版公告中“已修复”的版本号为判据，已修复版本所在的主机直接豁免","","ABE","A、B、E正确：按型号对照公开清单是影响面排查的标准做法；清单外新实现需补充核对；标注免疫并保留复核入口既符合当前结论又可跟进研究演进。C KPTI 启用状态属于缓解与暴露维度，不能作为硬件易感性判据；D同代不同产品线的微架构实现可能不同；F“已修复”描述软件缓解状态，与硬件是否受影响是两个维度。","Meltdown影响面、资产排查"
"Z174","单选","处理器微架构","核心","运维平台向全部主机推送含安全微码的固件并重启后，安全组要求确认各主机的 KPTI 缓解状态。下列认识正确的是？","微码中带有 KPTI 启用位，固件重启后 KPTI 已默认开启，内核只需继承该状态","在受 Meltdown 影响的平台上，固件会强制内核启用 KPTI，无需操作系统自行决策","只要微码与内核版本都更新到位，即可认为 KPTI 已默认启用，无需核对运行时缓解状态","KPTI 的启用状态由引导加载程序写入处理器的模式寄存器决定，与内核配置无关","KPTI 属操作系统层缓解，是否启用由内核配置与启动参数决定，微码更新不会自动开启它","","","E","E正确：KPTI 的启停是操作系统职责，微码与固件不代劳，需在内核侧确认。A不存在“微码启用位”，KPTI 不由微码控制；B启用决策在内核而非固件；C版本到位不等于状态到位，评审要求逐机核对运行时缓解状态；D KPTI 不是通过 bootloader 写模式寄存器实现的。","缓解分层、KPTI启用责任"
"Z175","多选","处理器微架构","核心","某平台已启用 eIBRS 并在关键组件中部署了 retpoline。针对中断注入攻击对这套防御的威胁，下列说法正确的有？","retpoline 的推测陷阱结构本身能吸收误注入的中断，部署了 retpoline 的组件对该攻击天然免疫","该攻击说明缓解机制自身也可能成为攻击面，“已部署缓解”不等于对针对缓解时序的攻击免疫","eIBRS 收紧的是分支目标预测的来源，而中断注入作用于缓解机制的执行时序，二者不属同一攻击轴，启用 eIBRS 不构成完全免疫","已部署 eIBRS 的平台完全免疫，该攻击只对仍依赖软件屏障的旧平台有效","软件屏障类缓解存在关键生效窗口，攻击恰在窗口内注入中断，使推测执行绕过已部署的 v2 防御","该攻击的波及范围仅限中断处理程序内部的敏感数据，其他执行路径的瞬态窗口不受影响","","BCE","B、C、E正确：缓解机制本身可成为攻击面是核心启示；eIBRS 的作用点与该攻击的攻击点不同，不构成免疫；软件屏障的关键生效窗口正是被针对的对象。D“完全免疫”是典型误区；A材料表明中断注入恰能使推测执行绕过既有 v2 防御，retpoline 不构成天然豁免；F攻击针对缓解机制的时序衔接，不是只波及中断处理程序。","中断注入、缓解时序、eIBRS"
"Z176","单选","供应链安全","核心","逆向分析报告对某硬件木马的描述如下：“片内一段比较逻辑持续将密钥寄存器的取值与一个 32 位常数比对；当取值一致时，向一条在正常功能中恒为 0 的冗余使能线注入脉冲，使密钥最低位出现在该信号线上。”关于该木马结构的分析，正确的是？","比较逻辑与泄露电路必须布置在版图上相邻的位置并处于同一时钟域，否则激活脉冲无法送达","既然比较逻辑与密钥寄存器直接相连，说明木马在任意密钥取值下都会输出密钥位，属于始终活跃的类型","触发与泄露共用同一条冗余信号线，说明该木马没有独立的触发器结构","该木马体现了触发器与载荷的分工：比较逻辑负责监视特定条件，冗余信号线上的泄露动作是载荷在条件满足后才执行的恶意功能","载荷要构成真实威胁必须具备完整的密钥读取与发送电路，该木马仅泄露一个比特，不构成实际威胁","","","D","D正确：触发器只负责条件监视、载荷在条件满足后执行恶意动作，二者功能独立，正是 Trigger+Payload 结构模型的体现。B载荷可以非常小，泄露一个密钥位已足以支撑密钥被逐位恢复；C激活信号可跨区域传递，木马常刻意把触发部分布置在远离载荷的位置；D（第二处）比较逻辑只在密钥等于特定常数时动作，“条件触发”不等于“持续工作”；E冗余信号线是载荷的输出通道，触发器是那套比较逻辑，二者并未共用。","硬件木马、Trigger与Payload"
"Z177","多选","供应链安全","核心","在安全课程的设计评审中，同学们围绕“为什么组合逻辑触发被视为硬件木马隐蔽性的核心来源”展开讨论，下列发言正确的有？","触发条件对应内部信号的一组特定取值，这组取值在正常工作与常规验证中可能从未自然出现，功能验证自然覆盖不到","相关内部信号位数较多时组合空间呈指数规模，靠增加验证用例无法做到系统性覆盖","只要验证平台支持对内部信号强制赋值，就可以依次尝试全部组合，从而保证覆盖任意触发条件","组合触发器在条件满足时会向测试接口送出专门的报警信号，因此只要条件出现过一次就一定能被发现","木马是否激活由其内部监视的那组取值决定，测试人员无法从外部引脚直接观察该组合此刻是否已被满足","组合触发的隐蔽性来自对精确时序的依赖，功能验证使用的时钟频率达不到触发所需的频率条件","","ABE","A、B、E正确：罕见取值组合几乎不会自然出现，功能验证覆盖不到；指数级组合空间使“加用例”这类线性手段失效；内部信号的当前取值对外没有直接可观测性。C强制赋值解决的是“能否设置”而非“能否试完”，指数规模无法逐一尝试；D组合触发不存在面向测试接口的报警机制；F组合触发取决于取值组合而非时序频率。","组合逻辑触发、隐蔽性来源"
"Z178","单选","供应链安全","核心","为第三方芯片制定硬件木马检测流程时，团队讨论应遵循的基本假设。下列做法中，与“触发条件不可穷举”这一假设最一致的是？","读取芯片内部的配置与状态寄存器，核对其中的取值是否包含可疑的触发条件记录","把功能测试时长设为芯片预期寿命的若干倍，用测试时间的累积换取触发条件的覆盖","以侧信道指纹（如功耗轨迹）与已知良品参考比对，并结合网表、版图的结构对比，识别电路实现层面的异常，而不依赖等待木马激活","施加覆盖规格书所列全部工作模式的激励，确认各模式下输出无异常后，判定芯片不含木马","施加高温加速应力促使木马尽快激活，通过观测激活后的异常输出完成筛查","","","C","C正确：侧信道指纹与结构对比针对的是木马电路在物理与结构层面的存在性，不需要触发条件被满足，与该假设一致。A木马不会把触发条件写入可读寄存器；E仍寄希望于用时间穷举触发条件，恰恰违背该假设；A（第二处）规格书模式只是设计行为空间的子集，覆盖它推不出覆盖触发条件；B高温应力不会使逻辑型触发条件被满足，仍依赖“激活且暴露”。","木马检测、触发不可穷举、非功能检测"
"Z179","多选","供应链安全","核心","某团队在分析疑似带模拟（物理）触发机制的样品时形成下列观点，其中正确的有？","温度、电压与密钥特定取值三个条件同时满足才激活——属于时序触发","芯片累计工作时长达到设定阈值后激活——属于时序触发","“密钥寄存器呈现某个特定 128 位取值时激活”属于时序触发","接收到特定频段的窄带射频信号时激活——属于模拟（物理）触发","芯片温度超过设定阈值且供电电压同时跌出额定范围时激活——属于模拟（物理）触发","在实验室维持额定温度与电压的条件下，模拟触发木马在测试中就一定不会被激活","","ABDE","A、B、D、E正确：时长/次数等待属于时序触发；射频信号属模拟（物理）触发；温度电压等物理量组合属模拟（物理）触发。C错误，密钥特定取值是内部信号组合条件，属组合逻辑触发；F“一定不会”过于绝对，射频等其他物理触发条件以及混合条件不受实验室温压约束。","触发类型、时序触发、模拟触发"
"Z180","多选","供应链安全","核心","某款已量产的安全芯片被第三方团队证实存在硬件木马，其行为包括：在内部状态机进入某个罕见状态时篡改 RSA 签名运算的中间结果；把私钥逐位调制到芯片的功耗轨迹上；同时让封装内金属屏蔽层的入侵报警传感器恒定输出“正常”。关于该木马载荷的判断，正确的有？","篡改签名中间结果属于改功能类载荷，它直接破坏了运算输出的正确性","把私钥调制到功耗轨迹属于泄密类载荷，其泄露通道是功耗旁路，不经过正常数据接口","让屏蔽层报警传感器失效属于拆防护类载荷，它为后续物理攻击与逆向扫清障碍","“进入罕见状态”是该木马的触发条件，触发条件与载荷是两个概念，不应混为一谈","该木马从未通过任何数据接口向外发送私钥，因此功耗轨迹中不携带密钥信息","屏蔽层传感器不参与业务功能与数据处理，使其失效不能算作恶意载荷行为","","ABCD","A、B、C、D正确：篡改中间结果属改功能；密钥调制到功耗属侧信道式泄密；使防护机制失效属拆防护；“罕见状态”是触发条件，与载荷应区分。E这是“泄密必须走正常输出接口”的误区，旁路调制本身就是隐蔽泄密通道；F这是“拆防护不算载荷”的误区，使防护失效本身就是恶意效果。","木马载荷、改功能、泄密、拆防护"
"Z181","单选","供应链安全","核心","安全团队要为两条产线分别制定硬件威胁检测方案：甲产线接收本厂设计、第三方代工的晶圆；乙产线接收外购成品芯片，且其物流环节曾发生过货物被拦截改装的事件。下列检测策略中，最恰当的是？","两条产线统一以 X-Ray 为主——X-Ray 对版图内部的硬件木马同样具有很高的检出能力","两条产线统一以功能测试为主——功能测试全部通过即可放行","甲产线以侧信道指纹与形式化比对筛查版图级木马，乙产线以来料 X-Ray 抽查与抽样拆解筛查物理植入","甲产线以逆向抽样完全替代侧信道指纹——版图级木马只有逆向这一条检出途径","乙产线只需复核芯片厂商的出厂测试报告——到货后无需再做额外检验","","","C","C正确：版图级木马产生于设计/制造阶段，适用侧信道指纹与形式化比对；流片后物理植入发生在流通环节，适用 X-Ray 与拆解，手段与威胁属性匹配。B X-Ray 只能透视封装与实体结构，对版图内部逻辑级木马基本无能为力；C（第二处）功能测试受触发条件制约，通过不等于无木马；D逆向是高成本确认手段，侧信道指纹与形式化都可作为先行筛查；E出厂报告不能覆盖出厂后物流环节的拦截改装风险。","木马与植入、检测手段匹配"
"Z182","单选","供应链安全","核心","某公司对一款已量产的通信芯片做木马排查。团队运行了完整的功能测试集，覆盖率报告显示语句覆盖率 100%，全部测试通过。项目组据此得出“该芯片不存在硬件木马”的结论。对该结论的评价，最准确的是？","成立——100% 语句覆盖率意味着所有可执行语句都被执行过，隐藏电路必然随之暴露","成立——功能测试通过率与木马检出率之间存在必然联系，全部通过即可排除木马","不成立——应把测试向量规模再扩大若干数量级并延长测试时间，覆盖率问题即可解决，届时结论成立","不成立——应补充翻转覆盖率并做到 100%，届时即可确认芯片中不存在硬件木马","不成立——语句覆盖率与测试通过只说明已知功能在已测条件下的正确性，处于超罕见触发条件下的木马行为未必被激活","","","E","E正确：触发条件可能是内部信号的超罕见组合，向量空间指数爆炸，功能通过与语句覆盖都无法保证触发路径被激活。B语句被执行不等于在木马触发条件下被验证；D Trust-Hub 基准研究表明逻辑测试覆盖率与木马检出率之间没有必然联系；C触发组合随内部信号位数指数增长，靠延长测试无法穷举；E（第二处）更换覆盖率类型并做满仍不等于检出全部木马。","功能测试覆盖困境、覆盖率与检出率"
"Z183","多选","供应链安全","核心","评审会上两位工程师讨论形式化验证检测硬件木马的问题。工程师甲说：“形式化验证就是让工具自动生成大量随机激励去跑仿真，跑得足够多就能穷尽所有行为。”工程师乙说：“形式化验证是用数学方法证明电路在所有可能行为下是否满足给定属性，例如可以证明设计中不存在不可达逻辑。”对两人观点及该方法的评价，正确的有？","即使形式化证明了某个模块无多余逻辑，也不能据此宣称整颗 SoC 无木马，因为复杂 SoC 上通常只能对关键模块实施","状态空间爆炸只是工具效率问题，随着算力增长，形式化验证最终可以对整颗复杂 SoC 直接建模穷尽","甲混淆了形式化验证与仿真：仿真只能覆盖所给激励对应的样本行为，形式化验证的结论覆盖全部可能行为","乙对形式化验证的描述准确，“证明不存在不可达逻辑/无未使用状态”正是暴露多余电路的形式化手段之一","对属性检查中发现的“多余逻辑”，最终仍需对照可信金标准，才能区分它是木马还是设计者有意保留的冗余","甲的方法在激励规模足够大时可以达到与形式化验证相同的完备性，届时仿真可完全替代形式化","","ACE","A、C、E正确：模块级属性证明不能外推为整颗 SoC 的结论；仿真执行的是激励样本、形式化证明的是全空间性质；金标准是把“多余”定性为“恶意”的必要比对基准。B乙的表述符合形式化验证的定义，并非错误；D无论如何加大激励规模，仿真始终是抽样，无法达到数学证明的完备性；F状态爆炸源于状态数量的组合增长，不是单纯算力问题。","形式化验证、金标准、状态爆炸"
"Z184","多选","供应链安全","核心","检测机构在先进工艺节点的一批送检 SoC 上开展侧信道指纹检测，发现同批次可信芯片的个体功耗差异与疑似木马活动的预期贡献量级相当。下列做法或判断中，正确的有？","工艺偏差是完全随机、无法建模的效应，统计分析无助于分离木马信号","工艺偏差只影响时序路径，对功耗侧信道曲线没有实质影响","用多颗同批次可信芯片建立功耗分布的统计基线，判断待检芯片是否显著偏离该分布","固定激励与电压、温度、频率等工作条件，先控制非工艺因素引入的差异","将判定阈值上调到虚警消失为止，即可消除工艺偏差对结果的影响","挑选对工艺偏差不敏感的统计特征进行比对，例如基于多次测量的相关性或残差分析","","CDF","C、D、F正确：建立统计基线是判断偏离的标准做法；先固定激励与工作条件可剔除环境因素；选用对工艺偏差不敏感的特征与残差分析有助于分离木马信号。A工艺偏差具有可建模的统计规律，正是统计方法的用武之地；E一味上调阈值以漏检为代价，并未真正分离信号；B工艺偏差同样会改变晶体管电流特性，对功耗曲线有实质影响。","侧信道指纹、工艺偏差、统计分离"
"Z185","单选","供应链安全","核心","某批一万颗高价值加密芯片中随机抽取 5 颗做逐层逆向与结构比对，均未见异常。对该结果的解读，正确的是？","逆向具有破坏性且成本高昂，只能抽样实施；本次结果仅表明被抽样本未发现异常，不能推定其余芯片无木马","抽样全部通过说明批次质量稳定，可以推定整批芯片均不含木马","抽样比例过低导致结论无效，应改为对整批芯片全部实施逆向分析","本次抽检结论可以长期代表该型号后续批次的安全性，后续无需再安排抽检","逆向抽检成本高又只能覆盖极少数样本，应取消该环节，靠出厂功能测试保障供应链安全","","","D","D正确：破坏性与高成本决定只能抽样，结论也仅限于被抽样本。A抽样通过只反映样本情况，不能外推为整批无木马；C全量逆向的样本损耗与成本不可接受；D（第二处）后续批次的工艺与供应链条件可能变化，一次抽检不能长期代表；E功能测试对罕见条件触发木马的检出能力有限，不足以成为取消逆向抽检的理由。","逐层逆向、抽样检测、结论外推"
"Z186","多选","供应链安全","核心","某检测算法在 Trust-Hub 全部基准电路上检出率达到 100%，团队据此宣传“该算法可应对真实供应链中的任意硬件木马”。评估组审查该宣传，下列意见正确的有？","基准评测的主要价值在于算法之间的横向比较，反映的是对已知木马样式的能力","基准电路等同于真实威胁样本，基准上表现好即可认定实战有效","基准集已涵盖现存全部木马类型，因此 100% 检出结果具有普遍意义","基准电路是公开构造的代表性样本，与真实供应链中未知木马的触发与载荷设计存在差距，结论外推需谨慎","面对尚未公开的新构造木马，该算法的检出率必然维持不变","真实检测还受工艺偏差、测量噪声等条件影响，而基准实验常对这些因素做了简化","","BDF","B、D、F正确：公开基准的核心价值是算法间横向比较；基准样本与真实未知木马存在设计差距，100% 检出不能直接外推到实战；真实环境的工艺偏差与测量噪声常在基准实验中被简化。A把基准电路等同于真实威胁样本正是该宣传的错误根源；C基准集并未也不可能涵盖全部现存木马类型；E面对新构造木马时检出率是否保持无从保证。","Trust-Hub、基准与真实威胁、结论外推"
"Z187","单选","供应链安全","核心","某系统在网设备部署了基于性能计数器与功耗、温度监测的运行时监控，连续运行半年未产生任何安全告警。运维组讨论该结果能说明什么，正确的是？","连续半年无告警，可以证明系统不含硬件木马","运行时监控对休眠木马与已激活木马的检出能力相同，无告警说明两者都不存在","运行时监控只能发现已激活并产生异常行为的电路，未触发的休眠木马可能长期不告警，无告警不等于无木马","无告警说明该监控系统已经失效，应停用以节省运行开销","只要把监控时间延长到一年以上，即可保证覆盖休眠木马的触发条件","","","A","A正确：运行时监控依赖木马被激活后产生异常，无告警只能说明观测期内未出现可检出的异常行为，不能证明无木马。B两者检出能力并不相同，休眠木马灵敏度受限；D无告警可能只是木马未被触发，不代表监控失效；E延长监控时间并不能保证覆盖特定休眠木马的触发条件；B（第二处）运行时监控的检出依赖激活，两类木马能力并不相同。","运行时监控、休眠木马、告警解读"
"Z188","单选","调试接口安全","核心","设备破解复盘会上，攻击者描述了对某设备 PCB 上一处未丝印 4 针排针的测量结果：针脚1 恒为 3.3V；针脚2 空闲时稳定为 3.3V、开机瞬间出现不规则跳变；针脚3 平时接近 0V；针脚4 与电源地导通。下列判断正确的是？","针脚3 平时读数接近 0V，据此可判定其为 GND 而非信号针","针脚1 恒为 3.3V，正是 TX 空闲高电平的表现，应将其接入转换模块的 RX","针脚2 空闲为高电平，符合 JTAG TMS 上拉特征，应按 JTAG 时序采样进一步验证","针脚2 启动结束后恢复恒定高电平，说明串口仅在启动阶段单向打印日志","针脚2 为 TX（空闲保持高电平、启动期间随数据跳变），应与 USB 转串口模块的 RX 相连","","","E","E正确：空闲保持高、随启动数据跳变是 UART TX 的典型特征，与转换模块 RX 交叉相连符合接线规则。D空闲高电平只是无数据传输时的正常状态，输入侧仍可交互；A RX 空闲电平本就接近 0V，GND 应以与电源地导通判定，针脚4 才是地线；C TMS 空闲电平不是接口类型判定依据，且该构成缺少 JTAG 必需的时钟线；B恒定 3.3V 且无跳变的是电源引脚 VCC。","UART识别、引脚电气特征"
"Z189","多选","调试接口安全","核心","某次复盘中，攻击者读取 UART 启动日志获取内核打印的内存布局后，结合运行期一个内存破坏漏洞完成了稳定提权。评审讨论启动日志在该链条中的作用，下列说法正确的有？","攻击者总能通过其他渠道获取地址信息，因此抑制启动日志对防护没有价值","日志泄漏的影响仅限于启动过程，运行期漏洞利用无法从中获益","启动阶段打印的地址就是当轮运行的运行时地址，读取日志后关键地址完全可预测，随机化防护被瓦解","日志中的 bootloader 与内核版本号可用于匹配已知漏洞，与内存布局同属该链条中的侦察信息","该案例表明日志侦察与运行期漏洞利用可以衔接，抑制日志应作为量产加固项纳入评估","内核地址随机化每次启动都会重新生成，因此启动阶段打印的地址对运行期利用没有参考价值","","CDE","C、D、E正确：启动阶段打印的地址即本轮运行地址，读取后利用完全可按打印值定位；版本号可关联已知漏洞，与内存布局共同构成侦察输入；侦察与利用的衔接关系成立，抑制日志应纳入量产加固。A即使存在其他渠道，抑制日志仍会显著提高攻击成本；B日志泄漏的影响延续到运行期；F每轮重新随机化恰恰意味着打印出的地址就是当轮运行地址。","启动日志泄漏、KASLR、侦察与利用"
"Z190","多选","调试接口安全","核心","评审发现某量产产品仅实施了“关闭内核串口登录 shell”一项措施。关于其余启动阶段的暴露面，下列判断正确的有？","内核阶段不存在 shell，即表明整个启动流程已无无认证交互入口","U-Boot 的 autoboot 倒计时阶段仍可经串口打断进入命令行，属于未治理的交互入口","U-Boot 阶段打断 autoboot 需要先输入内核 root 口令，攻击者没有内核口令就无法介入","bootloader 命令集未经裁剪时，打断 autoboot 取得的命令可查看环境变量甚至篡改启动参数","启动镜像带签名校验即可替代串口治理，bootloader 交互入口无需另行处理","内核打印未抑制时，启动阶段仍会经串口泄漏版本与内存布局等侦察信息","","BDF","B、D、F正确：倒计时窗口可经串口打断进入命令行，是残留的交互入口；未裁剪的命令集在打断后即可查看环境变量、篡改启动参数；打印未抑制时侦察信息仍会输出。A启动流程分为 bootloader 与内核等多阶段，仅内核无 shell 不代表全流程无入口；C U-Boot 先于内核运行，内核口令在该阶段尚未生效；E镜像签名解决引导内容可信，与是否暴露无认证交互入口是两类问题。","量产串口治理、启动阶段暴露面"
"Z191","单选","调试接口安全","核心","某量产方案用与系统 root 相同的统一口令保护全部设备的 U-Boot 命令行。评审对该设计的以下评价，正确的是？","口令一旦从任一台设备或固件镜像中泄露即可作用于同型号全部设备，应按设备唯一化设置","U-Boot 口令校验发生在启动早期，利用该口令需要物理接触设备，风险可以接受","用设备序列号作为每台唯一的 U-Boot 口令并印在外壳标签上，兼顾唯一化与售后查询","U-Boot 与内核运行在同一芯片内，口令共用不增加额外风险，且便于统一管理","只要口令足够复杂即可统一设置，泄露渠道仅限厂商内部流程","","","A","A正确：统一口令使单点泄露升级为同型号批量失守，按设备唯一化是阻断批量复用的关键。D U-Boot 与内核是两个攻击面，口令共用意味着一点被破解同时失守两道防线；E固件镜像与实物设备都可能被攻击者获取并离线提取口令，“仅限厂商内部”不成立；B物理接触正是调试接口威胁模型的默认前提，不构成风险可接受的理由；C印在标签上的序列号等同公开信息，以其为口令使唯一化形同虚设。","U-Boot口令、设备唯一化"
"Z192","多选","调试接口安全","核心","安全团队复盘一款被破解的家庭网关：拆机照片显示攻击者仅通过飞线连接 SoC 调试测试点，即完成提权并刷入第三方固件。关于未受控调试口在这类攻击中的能力，下列判断正确的有？","调试口访问需以存在可利用的系统软件漏洞为前提，两者必须组合才能构成完整攻击链","攻击者可绕过板载 bootloader 的正常启动流程，直接将自定义系统加载进 RAM 执行，从而跳过其签名校验环节","攻击者可停核后遍历读写全地址空间内存，即使密钥仅存在于运行时内存中也可被提取","攻击者可改写内存中的代码与数据（如 patch 校验函数的返回值），无需重刷 Flash 即可在当前会话内完成提权","若产品使用的是 SWD 两线接口，因信号线数量少、扫描带宽低，上述攻击在实际中不可行","攻击者无需任何软件漏洞配合，调试控制器本身即可提供上述访问与控制能力","","BCEF","B、C、E、F正确：经调试口可绕过 bootloader 直接加载执行，使其签名校验形同虚设；停核后具备全内存读写能力；改写内存代码可做到会话内提权；调试控制器是芯片内置的硬件访问通路，与软件漏洞无关。A是“需系统漏洞配合”的误区；D是“SWD 引脚少无风险”的误区，两线接口同样能完成停核与内存读写。","JTAG/SWD、未锁调试口、攻击能力"
"Z193","单选","调试接口安全","核心","某智能音箱进入量产导入阶段，制造工程部提出多种 JTAG 熔断工位安排方案以平衡节拍与安全。下列关于熔断时机的安排，符合安全与量产双重要求的是？","在上电测试通过后立即熔断，后续校准与老化测试改经其他产线接口完成，以尽早锁定安全状态","熔断与首件测试并行执行，若测试发现不良，通过软件命令复位熔丝后重新开放调试口返修","在全部量产测试（含校准、老化与功能测试）完成且维修需求评估通过后，再执行调试口熔断","熔断时机只影响产线工时，安全性由固件签名校验兜底，可在成品阶段抽检后决定是否熔断","先小批量熔断验证工装，其余批次留待市场反馈后统一熔断，避免影响售后调试便利性","","","D","D正确：先完成全部量产测试并评估维修需求，再熔断，是安全与可制造性的标准顺序。A违反“熔断前必须完成全部量产测试”的要求，校准与老化往往还需要调试或测试通路；B熔丝不可经软件命令复位，返修通路已被堵死；C固件签名校验不能替代调试口关闭，量产设备必须全数熔断；E留置未熔断设备流入市场即保留完整攻击面。","JTAG熔断、量产时机"
"Z194","单选","调试接口安全","核心","安全测评机构对某关机状态下的手持终端实施 chip-off 评测：将 eMMC 拆片后装入读卡器，成功读出用户分区原始数据。厂商对该结果的质疑之一是“设备已关机，chip-off 不可能读出数据”。对该质疑的正确回应是？","该质疑成立：eMMC 掉电后控制器即锁死 NAND 阵列，必须先让设备开机进入系统，拆片读取才能获得有效数据","该质疑部分成立：量产机已将 BOOT 引脚锁定，chip-off 拆片后读出的用户分区是全零数据","该质疑不成立，有效对策是将 BOOT 引脚强制接地，控制器检测到该电平后会拒绝外部读卡器访问用户分区","该质疑不成立，有效对策是选用带一次性可编程位的 eMMC，出厂禁止非本机主控访问存储阵列，该机制无法被物理手段绕过","该质疑不成立：chip-off 是离线物理读取手段，不依赖设备开机或系统运行，拆片后用外部读卡器即可读出内容；有效对策是存储加密，使读出的原始数据不可解读","","","E","E正确：chip-off 本质是离线物理提取，不依赖设备开机；对应防线是存储加密保证机密性。A是“chip-off 需要开机”误区，离线供电的读卡器即可读出 NAND 内容；C BOOT 引脚锁定控制的是启动模式采样，与拆片读取结果无关；D BOOT 引脚电平决定上电进入的模式，不能禁止读卡器访问用户分区；D（第二处）“无法被物理绕过”不成立，物理防护不存在绝对不可绕过的机制。","chip-off、eMMC、存储加密"
"Z195","多选","调试接口安全","核心","某手机厂商安全架构评审中，与会者对“认证调试”与“完全熔断”两种量产策略提出如下判断，需逐条确认。下列关于认证调试机制的表述，正确的有？","认证调试等同于给调试口设置万能口令，知道口令的任何人都能随时获得全功能调试","认证调试可以替代固件安全启动：调试口受认证保护后，固件签名校验环节可以省略","认证调试的授权粒度只能整机全开或全关，无法按调试功能子集进行限制","认证调试保留了调试硬件通路，其安全性不再依赖“物理上不存在可用调试口”，而依赖凭据体系与认证协议不可绕过","引入认证调试后，调试口在未完成认证时仍应处于受限或关闭状态，而不是始终开放","相比完全熔断，认证调试的主要收益是保留诊断与维修能力，代价是必须持续维护密钥与授权管理体系","","DEF","D、E、F正确：安全性从“物理消除”转向凭据体系与认证协议是其本质变化；未认证时端口应保持受限或关闭；灵活性与运维负担的取舍是其相对熔断的真实定位。A是“万能口令”误区，认证调试基于设备唯一凭据与分级授权；D（第二处）授权可分级（全功能/受限）；F调试口保护与固件完整性校验属于不同防护层面，不能相互替代。","认证调试、与完全熔断对比"
"Z196","多选","处理器微架构","核心","攻击者在受限执行环境中仅能读写自身分配的内存，试图借助 Rowhammer 实现提权或窃密。关于该攻击可能达成的效果，下列说法正确的有？","不经过任何故障效应，按常规加载语义像瞬态执行漏洞那样直接读取当前特权级无权访问的内存","修改处理器微码，或直接篡改 CPU 内部寄存器中的瞬时值","通过高频反复激活攻击者可访问的物理行，使相邻行中的数据位发生非授权翻转","把只读区域中的关键数据（如安全标志、函数指针）翻转成对攻击者有利的值，绕过只读约束","翻转页表项，使攻击者获得对原本不可访问内存区域的访问能力","以位翻转为感知手段，侧信道式地推断相邻内存中存放的密钥等敏感数据","","CDEF","C、D、E、F正确：高频激活致相邻行位翻转是基本效应；改写只读数据与翻转页表项是典型提权路径；RAMBLEED 即侧信道式利用。A直接按加载语义越权读取属于 Meltdown 类瞬态执行，不是 Rowhammer 的作用方式；B Rowhammer 只能改变 DRAM 内容，微码与寄存器不在其能力范围内。","Rowhammer、位翻转、RAMBLEED"
"Z197","单选","处理器微架构","核心","采购评审中供应商声称“采用 DDR5 就从根本上解决了 Rowhammer”。评审人员应依据的最准确结论是？","TRR 只能防御瞬态执行类攻击，对故障类攻击天然无效","TRRespass 只适用于 DDR4，同类绕过思路在 DDR5 上不存在任何可行空间","TRR 的跟踪与邻居刷新全部在芯片内部完成，不占用任何刷新时间预算","DDR5 的 ACT-RH 激活计数器属于提高攻击门槛的缓解机制，不能等同于彻底解决方案","DDR5 开机训练会把所有缺陷行重映射，缺陷已不存在故无从翻转","","","D","D正确：ACT-RH 计数器是提高门槛的缓解手段，与“彻底解决”是两回事。B材料明确 DDR5“彻底解决”是误区，“不存在任何空间”是无依据的担保；C邻居刷新要占用刷新时间预算，并非零开销；A TRR 针对的就是 Rowhammer 这类故障效应；B（第二处）计数器统计的恰是物理行激活次数，与缓存行混淆使其不成立。","DDR5、ACT-RH、TRRespass"
"Z198","单选","处理器微架构","核心","安全评审认为某 x86 机密计算方案“仅靠 SMAP/SMEP 保护内存”并不充分。该结论背后最准确的依据是？","SMAP/SMEP 已被 MPK 取代，现代平台不再需要考虑它们的保护范围","SMAP/SMEP 只阻止特权代码对用户态页面的意外访问，不提供抵御物理读取类威胁的机密性保护","SMAP/SMEP 只在用户态生效，系统进入内核后所有内存保护自动失效","SMAP/SMEP 以整个地址空间为粒度生效，无法按页设置属性","SMAP/SMEP 是 SGX 的子功能，未启用 SGX 时二者无法生效","","","B","B正确：SMAP/SMEP 只防特权误访问用户页，不防物理读取，不能承担机密计算的机密性。E MPK 解决的是用户态页权限管理，与 SMAP/SMEP 定位不同且未被取代；C二者恰恰是在内核态限制对用户页的访问，“只在用户态生效”说反了；D其属性按页表项的每页用户/管理位设置，并非整地址空间一刀切；A它们是独立的处理器特性，与 SGX 无启用依赖。","SMAP/SMEP、能力边界、机密计算"
"Z199","单选","处理器微架构","核心","安全架构文档要把各硬件特性归入“控制流完整性”或“内存安全检测”两类。下列归类正确的是？","ARM 的 BTI 归入内存安全检测，用于发现堆上的越界写","x86 的影子栈归入内存安全检测，用于捕捉释放后使用","RISC-V 的 Zicfilp（间接跳转目标约束）归入内存安全检测，用于检测越界访问","CHERI 已成为三大架构现行的统一标准，替代了各自的 CFI 扩展","RISC-V 的 Zicfiss（影子栈）归入控制流完整性，ARM 的 MTE 归入内存安全检测","","","E","E正确：Zicfiss 是影子栈属控制流完整性，MTE 检测越界/UAF 属内存安全检测，归类正确。B BTI 约束分支目标，是前向边 CFI 机制而非内存安全检测；C影子栈校验返回地址，属控制流完整性；D Zicfilp 约束间接跳转/调用目标，属于 CFI 而非内存安全检测；A CHERI 是能力型架构的演进方向，并非现行统一标准。","CFI、MTE、Zicfilp/Zicfiss、CHERI"
"Z200","多选","调试接口安全","核心","关于借助扫描链与测试逻辑发起的攻击，下列说法正确的有？","扫描逻辑只服务于设计验证阶段，量产芯片中不存在可被利用的扫描链","扫描链攻击通过干扰内部运算制造错误结果，属于故障注入攻击","芯片一旦离开测试模式，扫描单元内的数据就会自动清零","EXTEST、INTEST 等测试模式可以把触发器的状态移位输出到芯片之外","移位读出的状态可能包含正在参与运算的密钥等敏感中间值","只要测试态与产品态未严格隔离，扫描链就构成现实的攻击面","","DEF","D、E、F正确：测试模式下扫描链移位读出触发器状态是扫描链攻击的基本原理；触发器中可能暂存运算中的密钥；测试态与产品态隔离缺失即构成现实风险。A量产芯片仍保留扫描逻辑，“不存在”是误区；B扫描链攻击是读出观察而非制造故障，归类为故障注入错误；C扫描单元不会自动清零，“产品无风险”的推论不成立。","扫描链攻击、测试态隔离、EXTEST/INTEST"
"Y001","单选","密码算法","扩展","某云归档用数字信封保护 10GB 备份：随机生成的数据加密密钥加密数据，接收方公钥封装该密钥。现需将这份从未被任何一方解密过的归档的解密权限由原接收方移交新接收方，并尽量减少重复加密开销。符合分层密钥工程实践的方案是？","必须重新生成数据加密密钥并完整重加密 10GB 数据，否则原接收方仍可解密","在原信封上追加新接收方的封装头并保留原封装，由系统按接收方身份选择解密头","将信封中标注的接收方证书序列号改为新接收方，使原接收方的私钥与信封不再匹配","吊销原接收方的证书，使其私钥无法再解密既有信封，数据与信封无需改动","用新接收方的公钥重新封装同一数据加密密钥，替换信封头，10GB 数据密文保持不变","","","E","E正确：数据密文只依赖数据加密密钥，仅需对小体积的封装头重新生成即可完成移交，这正是分层密钥设计的工程价值。A全量重加密开销巨大且不必要，未持有会话密钥的原接收方本就无法解密；B保留原封装意味着原接收方仍可解密，只完成了授权而未完成撤销；C信封的密码学绑定由实际封装运算决定，仅修改标注字段不会改变解密结果；D证书吊销不影响私钥本身的运算能力，历史信封仍可被该私钥解开。","数字信封、分层密钥、权限移交"
"Y002","多选","密码算法","扩展","代码评审发现某模块用同一 RSA 密钥对既做 TLS 身份认证，又直接加密业务数据。开发者认为“一把密钥强度更高、管理更简单”。评审意见中正确的有？","该做法违背职责分离原则，认证与数据保护在安全目标、生命周期与泄漏处置上都应分开管理","长期密钥直接加密业务数据会放大泄漏后果：私钥一旦泄漏，身份体系与被加密的业务数据同时失守","业务数据的安全性将长期依赖同一把私钥的保密性，与“数据保护采用短生命周期会话密钥”的工程实践相悖","只要该密钥的模长足够长（如 3072 位），混用在安全上完全可以接受","将认证与数据加密分离为不同密钥后，即使某次会话密钥泄漏也不致波及用户身份","混用的主要缺陷是签名运算速度慢，改用对称算法完成签名即可解决","","ABCE","A、B、C、E正确：职责分离原则禁止两类用途混用；长期密钥泄漏波及身份，叠加数据加密职责后后果成倍扩大；用长期密钥保护业务数据使暴露面随密钥生命周期累积；分离后单次会话密钥泄漏不触及身份体系。D密钥长度只决定穷举难度，不能替代用途分离的安全边界；F签名速度并非主要问题，且对称算法不能提供非否认意义上的签名。","职责分离、长期密钥与会话密钥"
"Y003","单选","密码算法","扩展","某企业为满足内部审计要求，在员工终端部署安全代理，将 TLS 会话协商出的会话密钥导出并留存于审计服务器。关于该做法与前向保密的关系，正确的说法是？","该做法把前向保密的保护能力延伸到了端点被入侵的场景，整体安全性增强","该做法不影响前向保密，因为会话密钥仍由 ECDHE 临时协商产生","该做法只影响身份认证环节，与应用数据的机密性无关","该做法使前向保密对留存流量失效：会话密钥被记录后，即使长期私钥不泄漏，历史流量也可被解密","只要审计服务器对留存密钥启用加密存储，前向保密就不会被削弱","","","D","D正确：前向保密的前提是会话密钥随会话销毁，集中留存密钥等于为回溯解密预备了材料，这是前向保密的失效边界。B协商方式虽未变化，但“事后无私钥不可解”的前提已被密钥留存破坏；C会话密钥正是应用数据机密性的根基，留存行为直接影响数据保密；A端点被入侵本就是前向保密不覆盖的场景，留存密钥反而扩大暴露面；A（第二处）加密存储只是把风险转移到另一把存储密钥上，其失陷同样导致历史流量可解。","前向保密、会话密钥留存、PFS边界"
"Y004","单选","密码算法","扩展","某公司确认攻击者同时窃取了用密钥 K 加密的数据库备份及密钥 K 本身，明文大概率已被还原。团队随即用新密钥 K' 对该备份重新加密。关于该处置的正确认识是？","K' 可阻断攻击者利用 K 解密新密文，但无法挽回已发生的明文泄露，仍需按数据泄露事件另行处置","完成 K' 轮换即表明事件已闭环，明文是否被还原属于业务问题，与密钥管理无关","密文与密钥已被同时窃取，重新加密已无意义，后续可不再依赖加密防护","用 K' 重新加密后，被窃取的原密文将自动失效，无需再评估其扩散范围","只要 K' 的长度大于 K，已被还原的明文泄露风险即可完全消除","","","A","A正确：轮换只能保护轮换之后的数据，无法挽回已发生的明文泄露，两者属于不同的处置线。B轮换不构成事件闭环，明文泄露的评估与通报不因换钥而免除；C加密仍是后续防护的基础，因一次失陷而放弃加密不符合工程实践；D已被窃取的原密文仍可被 K 解密，“自动失效”不成立，扩散范围仍须评估；E密钥长度只影响破解难度，对已经完成的明文还原没有任何补救作用。","密钥轮换、轮换能力边界、事件处置"
"Y005","单选","密码算法","扩展","渗透测试中，测试人员翻转某 AEAD 消息密文最后一块中的一位，网关返回“tag 校验失败”。开发认为这证明了 CTR 模式自身的抗篡改能力。评审应给出的正确归因是？","归因部分正确：仅当翻转发生在末块时才会被发现，翻转中间块不会被任何校验捕获","归因错误：CTR 对位翻转没有任何检测能力，失败来自 GHASH 以被改动的密文为输入算出了与标签不匹配的认证值","归因正确：CTR 的计数器链式传递使任一位翻转都会传导到后续块并触发完整性检查","归因正确：AES 解密的轮变换会把非法位扩散并产生可检测的异常模式","归因错误但另有原因：位翻转破坏了分组边界，解密端按 PKCS 规则检测到填充异常而报错","","","B","B正确：CTR 本身无检测能力，失败源于密文作为 GHASH 输入导致认证值失配。C错在 CTR 各计数器彼此独立、无链式传导，这是与 CBC 的混淆；D错在解密扩散是正常行为而非报错机制；E错在 GCM 无填充概念，报错原因是标签不匹配；A错在全部密文块都进入 GHASH，任何位置的翻转都会被发现。","AEAD、CTR与GHASH、抗篡改归因"
"Y006","多选","密码算法","扩展","某安全通信协议的消息包含：协议版本号与密钥 ID（中间设备需据此路由与选钥）、序列号（接收端用于防重放）、用户手机号（敏感信息）、业务数据（保密内容），整体用 AEAD 保护。关于各字段放入 AAD 还是密文，下列说法正确的有哪些？","用户手机号放入 AAD，既节省一次加密开销，内容也不会泄露","协议版本号与密钥 ID 放入 AAD，既让中间设备可直接读取，又防止被篡改","序列号放入 AAD，接收端无需解密即可读取并执行防重放检查","进入 AAD 的字段会被一并加密，因此头部内容同样保密","头部字段进入 AAD 后，攻击者对其任何改动都会导致 tag 校验失败","为简化实现，应把全部字段都放入 AAD，安全性不受影响","","BCE","B、C、E正确：需中间设备读取的字段放 AAD 可同时获得可读性与完整性；序列号进 AAD 后防篡改且解密前即可用于防重放判断；AAD 与密文共同决定标签，改动头部必然校验失败。A错误，AAD 只认证不加密，手机号在链路上可直接读出；D错误，AAD 不参与加密，不提供任何机密性；F错误，全部塞入 AAD 会使敏感字段失去机密性保护。","AAD、字段划分、认证不加密"
"Y007","单选","密码算法","扩展","某支付网关对业务消息做 AEAD 解密。一条消息 tag 校验失败，开发为便于排障，把已解密出的明文前缀片段与“失败发生在第几个块”一并返回给内部调用方。作为安全评审，最准确的判断是？","可以接受：调用方是内部系统而非攻击者，片段与块编号不构成泄露面","违反解密纪律：认证失败后不得输出任何明文片段，失败位置等细节也不应区分返回，失败响应应当统一","可以接受：只要没有输出 tag 本身，攻击者就无法利用这些信息","建议改进为仅返回解密片段、去掉块编号，即可消除风险","建议仅在测试环境保留该行为、生产环境关闭即可，无需改动接口语义","","","B","B正确给出完整纪律——丢弃、不输出片段、不区分细节、统一响应。A“内部调用方”不构成豁免，片段与块编号经日志、代理等路径外泄即成为攻击者的探测信号；C明文片段与失败位置本身就是可利用的解密预言，与 tag 是否输出无关；D只去块编号仍输出未认证片段，风险未消除；E环境开关会让问题代码原样上线，不能替代接口纪律。","AEAD、tag校验纪律、解密预言"
"Y008","单选","密码算法","扩展","团队为 nonce 管理较弱的自组网终端选择 ChaCha20-Poly1305，理由是“即使偶发 nonce 重用，后果也比 GCM 温和”。支撑这一理由的真实机制是？","Poly1305 的认证密钥按每条消息从密钥流派生，重用的破坏被局限在对应消息上；而 GCM 的 GHASH 密钥 H 在整个密钥周期固定，一旦经 nonce 重用泄露，该密钥下的认证体系整体失效","ChaCha20-Poly1305 的 nonce 为 192 位，随机生成的碰撞概率远低于 96 位 nonce 的 GCM","ChaCha20-Poly1305 不使用 nonce，消息序号直接充当计数器，因此不存在重用问题","Poly1305 标签固定 128 位且内建重放保护，而 GCM 标签在多数协议中只有 96 位","nonce 重用只会削弱两种算法的机密性，Poly1305 的认证在密钥流重复时仍可依赖","","","A","A正确给出每消息派生认证密钥缩小重用波及范围、GCM 固定 H 泄露则整体崩塌的机制对比。B错误，其标准 nonce 同为 96 位，192 位属于 XChaCha 等变体；C错误，ChaCha20-Poly1305 同样以 96 位 nonce 为必要输入；D错误，两者标签默认同为 128 位，AEAD 均不内建重放保护；E错误，重用对机密性与可认证性同时造成损害，“温和”不等于无代价。","ChaCha20-Poly1305、GCM、nonce重用容错"
"Y009","多选","密码算法","扩展","某团队为两款设备选择消息加密的 nonce 方案：设备 A 为智能网关，具备可靠的掉电保持存储，可周期性持久化关键状态，生命周期总量约 10^9 条消息；设备 B 为一次性传感标签，无法维护任何跨掉电状态，全生命周期消息总量不超过 10^6 条。关于选型，下列说法正确的有？","设备 B 若采用计数器 nonce，每次上电从 0 重新计数，只要各条报文内容不同即可保证安全","设备 A 可采用持久化计数器 nonce，每次发送后更新并保存计数值，即可保证同一密钥下 nonce 不重复","设备 B 可采用随机 nonce，其全生命周期 10^6 条远低于 96 位随机方案约 2^32 条的建议上限，碰撞风险可忽略","设备 A 采用随机 nonce 与计数器 nonce 的安全性完全等价，无需评估其生命周期消息总量","无论选择哪种方案，“同一密钥下 nonce 不重复”都是必须满足的安全前提","设备 A 消息总量大，更应改用随机 nonce 以彻底免除状态持久化的工程负担","","BCE","B、C、E正确：设备 A 具备持久化能力且可维持严格递增，是计数器 nonce 的典型场景；10^6 条远低于 96 位随机 nonce 约 2^32 条的生日界建议值；“nonce 不重复”是两方案共同的安全前提。A计数器回卷会使重启前后的报文在同一密钥下使用相同 nonce，与报文内容是否相同无关；D随机方案受生日界约束，消息总量必须纳入评估；F消息总量大时随机方案更快逼近生日界，随机化不能免除持久化责任。","nonce方案选型、生日界、持久化"
"Y010","单选","密码算法","扩展","代码审计在两个模块中发现同类缺陷：模块 X（AES-CTR）与模块 Y（AES-GCM）在报文重传时都会以相同密钥、相同 nonce 重新加密同一报文。出具风险报告时，对两处缺陷严重度的比较，最恰当的结论是？","两处同级：CTR 与 GCM 的 nonce 重用后果都是密钥流重复，处置级别应当一致","模块 X 更严重：CTR 没有认证层保护，重用后攻击者可直接解密该密钥加密的全部流量","模块 Y 更严重：GCM 重用除泄漏明文异或外还会暴露认证子密钥 H，攻击者可伪造通过认证的新密文，机密性与认证同时失效","严重度取决于重传报文的数量与字节数，两模块重传规模相近时风险即等同","两处缺陷均等同于密钥本身泄漏，应一律按密钥完全泄露的最高级别处置","","","C","C正确：GCM 在密钥流重复之外使攻击者得以求解认证子密钥 H，进而伪造任意可通过校验的密文，机密性与认证同时失效，重于 CTR 重用。A两种模式的重用后果并不相同，不能按同级处理；B CTR 重用只泄漏被重用 nonce 覆盖的消息间异或，不能解密全部流量；D严重度差异源于失败模式不同，规模相近不能抹平差距；E nonce 重用不会使密钥本身被恢复，按“密钥完全泄露”处置属于过度定性。","CTR与GCM、nonce重用、严重度分级"
"Y011","单选","密码算法","扩展","某消息网关为每个用户会话分配独立密钥，采用 96 位随机 nonce 的 AES-GCM 加密。运营预估单会话生命周期内峰值消息量约 10^10 条。对该设计最准确的判断是？","超过建议值后碰撞概率仅小幅上升，可继续使用并依靠告警监测，再决定是否换钥","将换钥周期设为固定时长即可自然约束消息量，无需单独规定每密钥消息数上限","96 位 nonce 提供约 2^96 个取值，10^10 条远未用尽空间，无需设置单密钥消息量上限","消息量上限取决于网关的存储与查询能力，只要能查证历史 nonce 未重复即可按需扩容","10^10 条约合 2^33，已超过 96 位随机 nonce 约 2^32 条的建议上限，应通过更换密钥或缩短会话周期加以控制","","","E","E正确：10^10≈2^33 已越过 96 位随机 nonce 约 2^32 条的生日界建议值，应以换钥或压缩会话周期把单密钥消息量压回限内。A超限后碰撞概率快速攀升，GCM 下碰撞更意味着认证体系被攻破；E（第二处）固定时长换钥无法约束突发流量，消息量上限必须以条数显式规定；C取值空间大小不等于安全消息数上限，随机方案的上限由可接受的碰撞概率经生日界反推；B在 10^10 规模下保存并逐一比对历史 nonce 不具可行性。","生日界、nonce空间、消息数上限"
"Y012","单选","密码算法","扩展","某私有协议在会话恢复（resumption）时沿用此前协商的密钥材料继续加密应用数据。关于恢复场景中 nonce 状态的处理，最准确的要求是？","恢复后 nonce 可从任意计数器值重新开始，密钥材料未变，取值差异不影响安全性","恢复时应把历史 nonce 列表随应用数据传给对端，逐条校验通过后再继续通信","nonce 状态的同步由可靠传输层自动完成，协议层无需为恢复场景单独作出规定","恢复后的 nonce 由双端各自独立随机生成即可，无需跨会话的状态约定","恢复前必须持久化并同步双端的 nonce 状态（如各方向计数器值），使恢复后的 nonce 延续先前的单调序列而不发生重用","","","E","E正确：恢复沿用原密钥时唯一安全做法是让 nonce 延续单调序列，前提是恢复前双端计数器状态已持久化并同步。A密钥未变而从任意值重启计数，会与恢复前用过的 nonce 区间重叠，直接构成同密钥重用；B传输并逐条校验历史 nonce 列表在规模上不可行；C各自随机生成会引入生日界约束，且违背协议对 nonce 构造的统一约定；D传输层的可靠投递与 nonce 状态的持久化同步是两个层面的问题。","会话恢复、nonce状态同步"
"Y013","单选","密码算法","扩展","某在线服务使用 CBC 模式加密会话令牌，攻击者计划对其发起 Padding Oracle 攻击。攻击得以实施必须同时具备的前提条件是？","服务端使用 CBC 模式、攻击者事先掌握解密密钥、解密接口可被反复调用","服务端使用 CBC 模式、解密端对所有错误返回统一提示、攻击者可离线重放完成计算","服务端使用 CBC 模式、攻击者已获得服务器执行权限、错误处理路径存在时序差异","服务端使用 CBC 模式、密钥长度不低于 256 位、解密端可区分两类错误","明文采用带填充的分组模式、解密端对填充错误与校验错误给出可区分响应、攻击者能反复提交构造密文并观察响应","","","E","E恰好对应填充模式、可区分响应、可提交观察三要素，三者缺一不可。A掌握密钥并非必要条件，该攻击从不依赖恢复密钥；C统一提示会使攻击失去判定依据，且离线计算与需在线交互的事实相悖；D服务器执行权限远超攻击所需，攻击只要求提交密文并观察响应；B密钥长度与本攻击无关，混入了非前提项。","Padding Oracle、攻击前提"
"Y014","多选","密码算法","扩展","审计发现：某协议发送端对整个密文计算 MAC 并随密文发送；接收端先解密，再校验 MAC，校验失败时作废明文并返回统一错误提示。下列判断正确的有？","对密文计算 MAC 这一点符合 EtM 的做法，问题出在校验时机位于解密之后","即使错误提示已统一，解密阶段的填充处理仍可能通过时序等侧信道泄露信息","该实现属于标准 EtM，安全性满足要求，无需整改","将 MAC 校验提前到解密之前，未通过校验的密文直接拒绝，即符合 EtM 的处理原则","该问题应通过更换更长的加密密钥来解决","先解密再校验能更早发现数据损坏，属于更稳健的实现顺序","","ABD","A、B、D正确：MAC 作用于密文正是 EtM 的要求，缺陷在于未按“先验证后解密”处理；解密先于校验时填充等中间步骤的执行差异仍可能被测量；调整为验证通过才解密后，伪造密文不进入解密流程。C EtM 不仅要求 MAC 作用于密文，还要求先验证后解密，该实现不满足后者；E密钥长度与顺序缺陷无关；F“更早发现损坏”不能抵偿先解密带来的攻击面。","EtM、先验证后解密"
"Y015","单选","密码算法","扩展","某存储系统需对 512 字节的磁盘扇区整体加密，要求密文严格保持 512 字节以便原位覆写。从安全与约束兼顾的角度，下列做法中最合适的是？","采用 GCM 模式，将认证标签与密文一同存入扇区","采用 CBC 模式的 CTS（密文窃取）变体并追加 HMAC 标签，以弥补 CTS 不提供认证的不足","采用 CBC 模式的 CTS（密文窃取）变体","采用 ECB 模式，密文长度与明文自然一致","采用 CBC 模式并使用 PKCS#7 填充","","","C","C正确：CTS 通过密文窃取使密文与明文严格等长且无需填充，正对准不能膨胀的场景。A认证标签使存储长度超出扇区容量；B追加标签后总长度超出扇区容量，等长约束被破坏，认证需求需在扇区方案层面另行设计；D ECB 虽保持长度，但相同明文分组产生相同密文，会泄漏数据模式；A（第二处）512 字节恰为分组整数倍，PKCS#7 会追加整个填充块使密文变为 528 字节。","CTS、密文等长、模式选型"
"Y016","单选","密码算法","扩展","系统中存在大量历史 CBC 密文数据。关于迁移到 AEAD 期间对存量数据的处理方案，正确的是？","将历史 CBC 密文直接交给 AEAD 接口解密，由新算法自动向前兼容","解密时先尝试 AEAD、失败后回退 CBC，从而无需在数据中记录算法版本标识","存量数据保持原样即可，迁移只需覆盖新增数据的加密写入","设置双读期：新数据以 AEAD 加解密，存量数据继续用旧模式解密，并制定重加密计划逐步收敛","保留旧模式解密路径读取存量，同时新数据也暂缓切换，待存量全部过期后一次性替换","","","D","D正确：双读期配合重加密计划，既保证存量可读，又让新增数据率先获得 AEAD 保护。A存量数据的读取路径仍依赖旧模式，游离于迁移方案之外会形成长期隐患；B算法与数据格式不同，CBC 密文无法被 AEAD 接口直接解出；E新数据继续使用旧模式意味着迁移目标未达成；C试错式解密对 CBC 密文常无法可靠判错，缺少版本标识也会使后续格式演进失去依据。","模式迁移、双读期、存量数据"
"Y017","多选","密码算法","扩展","某云厂商计划三年内把线上 TLS 与数据加密从传统算法平滑迁移到后量子算法。架构评审中，以下哪些设计属于“密码敏捷性”的实现要点？","将算法名与密钥长度写为业务代码中的编译期常量，以保证调用路径最短","在握手协商中保留算法套件标识字段，使双方可声明并选定算法","将加解密调用收敛到统一的密码接口层，底层以 Provider 方式挂接不同算法实现","敏捷性实现后系统安全强度会自动提升，无需再评估算法本身","每条密文记录头部存储算法标识与密钥长度参数，解密时按记录头部选择算法","算法可配置意味着可随时接入任意来源的算法实现，无需安全审查与一致性校验","","BCE","B、C、E正确：协商字段是算法可替换的协议层基础；抽象接口层使算法替换不波及业务代码；算法参数随数据记录存储才能保证算法更替后历史数据仍可解密。A属硬编码，恰是敏捷性要消除的反模式；D混淆了“可替换能力”与“算法强度”；F敏捷性要求协商受控，任意接入未经审查的实现会引入一致性与供应链风险。","密码敏捷性、PQC迁移"
"Y018","单选","密码算法","扩展","某厂商存量物联网终端在固件中写死了仅支持一种弱加密套件。服务端加固时禁用该弱算法后，大量旧终端直接断连。该案例暴露的主要问题是？","服务器性能不足导致握手失败，与算法硬编码无关","只需为新终端更换更强算法，存量终端的兼容问题不构成安全工程问题","硬编码提升了终端计算的确定性，断连是性能优化的必然代价","算法选择写死在终端固件中，终端与服务端无法协商迁移，形成版本碎片化僵局","禁用弱算法的决策本身有误，服务端应永久保留全部历史算法以保证兼容","","","D","D正确：算法写死使双方丧失协商与迁移能力，旧终端成为无法统一下线的碎片版本，是案例的核心教训。B存量设备长期运行弱算法恰是硬编码危害的体现；C确定性与断连无因果关系；A断连源于服务端禁用而终端无替代算法，根因在硬编码而非性能；A（第二处）为兼容而永久保留弱算法会把风险固化，正确方向是升级终端并设置迁移窗口。","算法硬编码、版本碎片化"
"Y019","多选","密码算法","扩展","某自研协议历史上不校验协商过程，安全团队计划参照 TLS 思路加入“协商纳入 Finished 校验”的降级保护。以下哪些设计要素是该机制的组成部分？","Finished 校验仅覆盖应用数据，握手期的协商报文属于控制面，无需覆盖","将包含算法套件与参数的完整握手消息序列摘要纳入 Finished 校验值的计算","校验值采用导出级强度的算法生成，以便兼容老旧部署","双方各自基于自己收到的完整握手消息独立计算校验值并相互比对","校验失败时自动降级到无校验模式重试握手，便于排障","校验不一致时立即终止握手，而不是带着疑似被篡改的协商结果继续通信","","BDF","B、D、F正确：协商报文恰是降级攻击的目标，覆盖范围包含协商内容才能使“改协商”必然改变校验值；双方独立重算并比对是相互确认的标准做法；校验失败即终止使篡改尝试转化为可观测的连接失败。A协商报文不覆盖则机制失效；C用弱算法实现保护机制与防御目标自相矛盾；E校验失败自动绕过等于给中间人提供了关闭防御的开关。","降级攻击、Finished校验、协商完整性"
"Y020","单选","密码算法","扩展","某核心系统因供应商停止维护，无法在 12 个月迁移窗口内完成旧算法替换，向安全部门申请延期。批准例外时，下列哪项组合是必不可少的？","允许该系统永久沿用旧算法，只需在年度报告中登记说明","明确例外到期时间，并部署补偿控制（如收缩暴露面、加强监测），到期自动阻断","批准例外但不设期限，等系统重构时一并解决，避免重复审批","将风险写入备案文档即可，技术上维持原状不做任何调整","拒绝例外并立即切断该系统对外服务，风险清零优先于业务连续性","","","B","B正确：到期时间与补偿控制是例外成立的两要素，到期阻断保证例外不会固化为永久豁免。A永久登记使旧算法长期绕过管控，违背例外“限时限场景”的定位；C仅文档备案而无期限与补偿控制，弃用退化为纸面声明；D忽视迁移窗口与例外机制的本意，恰是规范流程要避免的突变事故；E无限期例外等同于放弃弃用目标，使风险随时间累积。","算法弃用、例外审批、补偿控制"
"Y021","单选","密码算法","扩展","2026 年，某保险公司评估其健康核保档案系统：档案需保密 12 年，完成抗量子迁移（算法替换、系统改造与全量部署验证）预计需 4 年；专家对具备破译能力的量子计算机到来时间 z 的估计介于 10 年至 20 年之间。依据 Mosca 不等式，正确的迁移决策是？","取乐观值 z=20 测算，12+4=16<20，可待 z 估计收敛后再启动","取中位值 z=15 测算，16 仅超出门槛 1 年，可维持现状每年复核","12>10 表明档案必将在保密期内被破译，迁移已无意义，应改用物理隔离替代密码防护","取悲观值 z=10 测算，16>10，必须立即启动迁移","4<10 表明迁移可以在量子计算机到来前完成，x 的取值不影响决策","","","D","D正确：按最不利估计 16>10 成立，Mosca 不等式给出“立即迁移”的定量结论。A只要存在 z<x+y 的合理可能，按乐观值观望就构成“先采集后破译”的暴露；B不等式已被触发却以“超出不多”搁置，是把临界裕度误当作安全裕度；C物理隔离不能替代对已加密存档的防护，破译风险存在恰说明更应立即迁移；E y<z 只保证“现在开始能赶完”，不比较 x 就无法判断存量档案在保密期内是否已被击穿。","Mosca不等式、迁移时机"
"Y022","多选","密码算法","扩展","2026 年，某大型企业启动抗量子迁移，成立盘点小组摸清密码资产家底。下列做法属于有效盘点且直接影响迁移优先级的有哪些？","只汇总对外网站的 TLS 服务器证书，内部系统待量子计算机出现后再行排查","梳理各业务数据流的保密期要求，标注长期保密数据的流向与存储位置","排查固件签名、代码签名、VPN、文档签名等非 Web 场景的公钥密码使用点","评估现有协议与算法的可替换性，识别所有无法平滑升级而需提前改造的环节","将全部 AES 对称密钥登记为 Shor 威胁清单的最高优先级对象","盘点报告经评审归档后即告完成，后续新系统上线不再更新台账","","BCD","B、C、D正确：保密期决定数据在“先采集后破译”下的暴露时长；公钥使用点远不止 Web 证书；可替换性差的环节改造周期长，需最早启动。A把盘点窄化为服务器证书清单，会遗漏内部系统与签名、VPN 等高风险资产；E Shor 不威胁对称密钥，对称资产不属于 Shor 威胁清单；F系统持续上线与变更，台账必须动态维护。","密码资产盘点、Shor威胁清单"
"Y023","单选","密码算法","扩展","有工程师提出：“X25519MLKEM768 把两种算法并联，安全强度等于两者相加，因此未来可以用更短的 ML-KEM 参数换取同等安全。”对该观点的评价与理由，正确的是？","会话密钥由 X25519 共享秘密与 ML-KEM 封装结果共同派生，攻击者必须同时攻破两个算法才能恢复会话密钥","混合连接的安全性由较弱的一方决定，ML-KEM 一旦曝出缺陷则整体立即失效","混合模式的安全性等于两种算法强度之和，因此可将双方参数各降一档以节省带宽","该性质由 TLS 1.3 的 Finished 消息校验保证，与密钥派生方式无关","该性质意味着密钥交换已提供足够保障，可以省略证书签名验证以缩短握手","","","A","A正确：两部分密钥材料同时进入密钥调度，缺一不可还原会话密钥，这正是并联结构的安全含义。B并联结构恰恰相反——只要仍有一个算法未被攻破会话密钥就安全；C安全强度不可加法合成，降档参数会同时削弱两条防线；D Finished 校验的是握手转录完整性，“单边被破仍安全”来自双密钥材料共同派生，二者机制不同；E密钥交换安全与身份认证是两回事，省略证书验证会打开中间人通道。","混合密钥交换、并联安全、密钥派生"
"Y024","多选","密码算法","扩展","某厂商计划在基于 Cortex-M 级微控制器的物联网终端上用 ML-DSA 替换 ECDSA 进行固件签名验证。工程评估中应当列入的现实约束有哪些？","约 2.4KB 的签名与相应公钥会明显挤占本就紧张的闪存空间","无硬件加速时多项式乘法验证耗时显著，可能拉长设备安全启动时间","出厂公钥固化在 ROM 的存量设备无法自行更换信任锚，需设计兼容的升级路径","每个升级包因签名变大而增加的传输量，会加重 NB-IoT 等窄带链路的通信开销","可将 ML-DSA 验证密钥直接登记为对称密钥用于 AES 加密，以复用现有密管系统","PQC 只涉及服务器侧改造，终端可在量子计算机实用化后再统一处理","","ABCD","A、B、C、D正确：KB 量级签名与公钥对闪存紧张的 MCU 是直接冲击；无加速器时 PQC 验证明显慢于 ECDSA；信任锚固化的设备改造路径受限；窄带链路对签名膨胀敏感。E公钥与对称密钥是两类密钥资产，不能互相替代登记；F终端承担签名验证与安全启动，受 PQC 影响直接且改造周期长，恰恰需要提前处理。","PQC嵌入式约束、ML-DSA、签名尺寸"
"Y025","多选","密码算法","扩展","2026 年，某设备厂商为物联网产品线选择固件镜像的后量子签名算法，固件需经窄带通道分发至海量存量设备，团队在 SLH-DSA 与 FN-DSA 之间权衡。下列分析正确的有？","SLH-DSA 的最小参数集签名已小于 FN-DSA，尺寸敏感场景反而应优先 SLH-DSA","若带宽与设备端存储是首要约束，FN-DSA 约 0.6KB 的签名相比 SLH-DSA 约 7-49KB 具有明显优势","若更看重安全假设的保守性，SLH-DSA 仅依赖哈希函数的安全性，是比基于格难题的 FN-DSA 更保守的选择","FN-DSA 的实现涉及浮点运算，工程复杂度高于 SLH-DSA，引入前应评估实现与验证成本","FN-DSA 已正式发布 FIPS 标准，合规风险低于 SLH-DSA","两者签名尺寸处于同一量级，选型主要由验证速度差异决定","","BCD","B、C、D正确：紧凑签名是 FN-DSA 的核心优势；仅依赖哈希假设使 SLH-DSA 在“格难题被攻破”情景下更保守；浮点运算是 FN-DSA 实现复杂的主要来源。A说反了，SLH-DSA 最小也在约 7KB 量级，远大于 FN-DSA 的约 0.6KB；E 2026 年 FN-DSA（FIPS 206）仍处草案阶段；F两者尺寸相差一个数量级以上，尺寸正是核心权衡维度。","SLH-DSA与FN-DSA、签名尺寸、安全假设"
"Y026","单选","密码算法","扩展","某芯片厂商为安全启动固件签名选型，候选方案为 LMS 与常规公钥签名算法（如 ECDSA 类）。固件每年发布数次，单条签名需长期有效。下列关于选型与使用的说法，正确的是？","LMS 的安全假设最少（仅依赖哈希函数），固件签名频率低，契合其“每个私钥可签次数有限”的特性","LMS 每次签名消耗一个一次性密钥元素，因此适合承担平台高频在线签名业务","LMS 私钥的可签次数可随业务量动态扩展，无需在初始化时规划树容量","固件更新频率低，可让多个团队共用同一 LMS 私钥并各自独立签名，便于管理","LMS 的状态只影响性能，即使状态丢失也可从公钥重新推导恢复","","","A","A正确：低频签名加保守假设，正是 LMS 在固件安全启动这类场景的价值所在。B高频业务会迅速耗尽有限的一次性密钥元素并放大状态管理风险；C树容量在密钥生成时即固定，决定可签总数上限，不能动态扩展；D各团队独立推进状态会造成状态失控与元素重用；E状态数据无法由公钥推导，丢失或回退属于安全事件而非性能问题。","LMS、有状态签名、固件签名"
"Y027","多选","密码算法","扩展","2026 年某企业的后量子密码采购评审会上，多家供应商陈述了对算法路线的理解。其中说法正确的有？","甲：“我们同时支持 ML-KEM 与 HQC，两者分属格与纠错码路线，可组成主备组合”","乙：“HQC 与 ML-KEM 基于同一数学难题，主备组合便于统一升级维护”","丙：“HQC 已有正式 FIPS 标准，选择它没有任何合规障碍”","丁：“双路线的价值在于数学难题相互独立，一条路线遇袭时另一条大概率无恙”","戊：“SIKE 与 Rainbow 先后被攻破，印证了不能把安全押注在单一数学路线上”","己：“SIKE 被攻破说明 NIST 的多路线策略已经失效，备用路线没有价值”","","ABE","A、D、E正确：两种算法路线归属与主备组合方式描述正确；路线独立性正是备份价值的来源；两个候选算法被破的教训支持多路线备份的必要性。B两者的数学难题不同，同难题的备用不具备独立对冲能力；C截至 2026 年 HQC 仍处标准草案阶段，尚未发布正式 FIPS 标准；F结论相反，候选方案在评估中被淘汰恰说明分阶段、多路线的遴选机制在发挥作用。","HQC、路线多样性、备用KEM"
"Y028","单选","密码算法","扩展","某团队在内部培训材料中写道：“我们已全面使用国密算法 SM2/SM3/SM4/SM9，因此在量子计算时代无需再做算法迁移。”对该观点的评价，正确的是？","观点正确，国密算法在设计时已内置抗量子能力","观点部分正确，仅需将 SM2 更换为 SM9 即完成抗量子迁移","观点正确与否取决于业务量，交易量小的系统可暂不考虑量子威胁","观点错误，应立即全面采用 NIST 的 ML-KEM/ML-DSA 完成替换，无需等待国内新算法","观点错误，现用国密公钥算法面临与经典国际算法类似的量子威胁，国内已启动要求抗量子性的新一代算法征集，应规划迁移","","","E","E正确：现用国密公钥算法同样基于经典数学难题，国内已启动要求抗量子性的新一代商密算法征集，迁移规划应做。A前提不成立，现有国密算法并非按抗量子设计；B现有 SM 系列均基于经典数学难题，SM9 也不例外；C量子威胁的应对取决于数据保密期限与迁移周期，与业务量无关；D结论方向对但路径错误，国内迁移路线独立，直接套用 NIST 算法不等于完成国内合规。","国密算法、抗量子迁移、中国进展"
"Y029","多选","密码算法","扩展","某安全芯片团队评审自研 TRNG 的设计方案，纪要中记录了以下设计决策，其中符合 TRNG 通行架构要求的有哪些？","采用环形振荡器的时钟抖动作为物理噪声源","对噪声源的模拟信号进行采样数字化，得到原始比特流","原始熵经 DRBG 扩展后再输出，而非把原始比特直接交付应用","在噪声源之外并联一路由系统时间戳驱动的软件 PRNG，作为熵源失效时的备用熵源","在线健康测试失败时仅记录日志，输出通道保持开放","健康测试仅在芯片上电自检时执行一次，运行期间关闭","","ABC","A、B、C正确：环形振荡器抖动是典型物理噪声源；采样数字化是数字化层的职责；原始熵经 DRBG 扩展后输出是通行架构。D时间戳驱动的 PRNG 不引入任何物理熵，无法充当备用熵源；E健康测试失败必须阻断输出并告警，仅记日志会让质量未知的比特继续外供；F健康测试是在线机制，须随输出持续执行，仅上电做一次发现不了运行中的噪声源劣化。","TRNG、熵源、DRBG扩展"
"Y030","单选","密码算法","扩展","某安全芯片为通过 FIPS 140-3 认证，准备其环形振荡器 TRNG 的 SP 800-90B 评估文档。关于其中熵估计环节，下列说法正确的是？","可按长时间采样数据的平均信息熵口径报告，数值更高也更公平","熵值可由数据手册标称抖动参数理论推导直接给出，无需实测数据支撑","应按最坏工作条件下每样本的最小熵口径报告熵估计结果","熵估计可仅针对片内 DRBG 算法的安全性作数学论证，不必涉及噪声源","熵估计只需在常温典型工况测一轮，无需覆盖设备的最坏工作条件","","","C","C正确：最坏条件下的每样本最小熵给出安全下界，正是 90B 规定的报告口径。A 90B 以最坏情况为口径，平均信息熵会系统性高估可用的安全熵；B熵估计必须建立在实验室实测数据之上；D评估对象是噪声源连同健康测试的熵源整体，对 DRBG 的数学论证不能替代熵估计；E最坏工作条件决定安全下界，仅测典型工况不满足要求。","SP 800-90B、最小熵、熵估计"
"Y031","多选","密码算法","扩展","安全团队为某无硬盘、无人值守的网关设备制定启动熵缓解方案，评审下列措施时，哪些可以采纳？","在出厂固件中固化统一的随机种子文件，正式交付版本沿用","以设备 MAC 地址加开机时间戳派生种子，弥补启动期熵不足","内核熵池达到安全阈值前，阻塞依赖随机数的服务启动","板载 TRNG 芯片经内核接口向熵池注入启动熵","固化种子仅保留在调试固件中，量产固件一律移除","首次开机时由产线工装为每台设备注入一次性随机种子并写入独立分区","","CDEF","C、D、E、F正确：熵量达标前阻塞依赖随机数的服务可避免用可预测熵生成密钥；板载 TRNG 提供与启动状态无关的物理熵；固化种子仅限调试、量产移除是正确边界；产线注入一次性随机种子属受控的高熵初始种子分发。A量产设备共用固化种子意味着各机密钥相同且可推算；B MAC 地址公开可枚举、时间戳可预估，都不能提供有效熵。","启动熵、缓解措施、种子管理"
"Y032","单选","密码算法","扩展","某支付终端的 DRBG 需长期运行并为交易派生密钥，下列设计中最符合 DRBG 播种与状态管理要求的是？","实例化一次后不再重播种，依靠算法本身的安全性保证长期不可预测","重播种时以递增的交易流水号作为新种子，使种子与业务数据强绑定","定期以硬件 TRNG 输出执行重播种，并在实例化时混入设备唯一标识完成个性化","将 DRBG 内部状态定期导出到日志服务器备份，便于故障时恢复现场","个性化字符串全终端统一为一个固定值，便于统一管理","","","C","C正确：以 TRNG 周期性重播种限制预测风险的累积，设备唯一标识实现实例个性化，均符合要求。A状态长期不更新使一次性泄露的影响无限延续；D状态必须保密，导出到日志等于把后续输出的可预测性交给日志读取者；E个性化的意义在于区分不同实例，全终端统一取值使其形同虚设；B流水号可预测且熵量不足，不能充当 DRBG 种子。","DRBG、重播种、实例个性化"
"Y033","多选","密码算法","扩展","某企业为产品改造编制国密与国际算法对照表，用于选型评审。下列对照关系正确的有？","SM9 对应 AES，二者同为对称分组算法，可直接替换用于存储加密","SM2 对应 SHA-256，二者同为杂凑类算法，仅输出长度不同","SM4 对应 AES，二者同为分组密码，可用于数据加密","SM3 对应 SHA-256，二者同为密码杂凑算法，可用于摘要与完整性","SM2 对应 ECDSA/ECDH，二者同为椭圆曲线公钥算法，可承担签名与密钥协商","ZUC 对应 ChaCha20，二者同为流密码，适用于通信数据流加密","","CDEF","C、D、E、F正确：SM4 与 AES 同为分组密码；SM3 与 SHA-256 同为杂凑算法；SM2 与 ECDSA/ECDH 同为椭圆曲线公钥算法；ZUC 与 ChaCha20 同为流密码。A错误，SM9 是标识公钥密码且国际无对应，并非对称分组算法；B错误，SM2 是公钥算法而非杂凑算法，与 SHA-256 不存在对应关系。","国密算法对照、算法映射"
"Y034","单选","密码算法","扩展","某单位新规划建设一个关键信息基础设施系统。方案评审会上，负责人提出“密码应用安全性评估（密评）等系统上线后做一次即可，规划阶段不必考虑”。依据《商用密码管理条例》及 GB/T 39786 的要求，下列评价正确的是？","该提议合理，密评属于上线后的验收环节，规划阶段无需介入","该提议不合理，密评应在编码阶段全部完成，规划阶段介入为时已晚","该提议不合理，密评应在规划完成后取代系统安全测评，此后不再开展","该提议合理，只要规划文档写明使用国密算法，密评结论就不会变化","该提议不合理，密评应从规划阶段介入，落实同步规划、同步建设、同步运行要求","","","E","E正确：密评要求“三同步”，即同步规划、同步建设、同步运行，应从规划阶段介入。A“只在上线后做一次”正是误区；B密评覆盖建设与运行全过程，并非只在编码阶段完成；C密评与系统安全测评是不同工作，不能相互取代，且需持续开展；D仅写明算法名称不满足密评对密码应用全过程的要求。","密评、三同步、商用密码条例"
"Y035","单选","密码算法","扩展","某公司采购了一款国密密码卡用于应用服务器，项目组讨论 SDF 接口时出现多种理解。下列理解正确的是？","SDF 是专门用于跨机构密钥分发的密钥管理协议","SDF 是厂商自定义的私有网络协议，必须通过 TCP/IP 远程调用","SDF 是一种新的分组密码算法，用于替代 SM4 完成数据加密","SDF 是国密数字证书的编码格式标准","SDF 是 GM/T 0018 规定的密码设备应用统一 C 语言接口规范，应用经它调用设备的密钥生成、签名、加密等功能","","","E","E正确：GM/T 0018 定义了国密密码卡/HSM 的统一 C 应用接口，覆盖密钥生成、签名、加密等功能。A SDF 面向应用调用密码设备，不是跨机构密钥分发协议；B SDF 是本机调用的 C 接口规范而非网络协议；C SDF 是接口规范而非密码算法；D证书编码格式是另一类标准，与 SDF 无关。","SDF、GM/T 0018、国密生态"
"Y036","多选","密码算法","扩展","某平台面向国内外市场提供 Web 服务，计划实施国密与国际算法并用的双栈 HTTPS。下列说法正确的有？","引入国际算法后，国密通道的安全性将降低一半","面向国际市场的业务也必须一律强制使用国密算法","双栈只需实现国密一侧，国际侧可完全不做实现","可通过算法协商机制，依据客户端能力选择国密套件或国际套件","国密侧与国际侧可分别部署 SM2 证书与国际算法（如 RSA）证书，形成双证书服务能力","可依据业务所在市场及合规要求，分别确定两类通道的启用范围","","DEF","D、E、F正确：双栈依托算法协商按客户端能力选择套件；双证书部署是双栈 HTTPS 的典型形态；按目标市场与合规要求确定启用范围是并网策略的核心。A并用两类算法不会使安全性“降低一半”，该说法没有依据；B国际业务可结合当地要求使用国际算法，并非一律强制国密；C双栈需要两侧均实现并维护协商逻辑。","双栈HTTPS、并网策略、国密证书"
"Y037","多选","密码算法","扩展","某安全团队梳理下一年度技术方案设想，其中对白盒密码的运用符合其定位的有？","在 DRM 客户端中将内容解密密钥混淆进解密模块，防止 root 环境直接提取明文密钥","用白盒替换支付核心系统的 HSM，在省去硬件成本的同时保持安全等级不变","在无 TEE/SE 的存量机型上，以纯软件白盒保护客户端与服务器之间的会话密钥","将标准 AES 替换为白盒版本，以提升算法抵抗密码分析的能力","将白盒实现随 App 版本直接分发至异构存量设备，部署不依赖各机型安全硬件就绪情况","用白盒替代 KMS，承担密钥的集中加密存储与访问控制职能","","ACE","A、C、E正确：DRM 客户端密钥保护是白盒的典型应用；纯软件方案可随应用分发、不依赖安全硬件就绪。B HSM 提供硬件根，白盒强度依赖混淆质量，替换后安全等级无法保持；D白盒不提升算法数学强度；F KMS 的职能是集中存储与访问控制，白盒面向不可信宿主的执行期保护，两者定位不同。","白盒密码、DRM、适用边界"
"Y038","单选","密码算法","扩展","某产品评审中，负责人陈述：“我们的客户端采用白盒实现，密钥在任何时刻都不会以明文形式出现在内存中，因此密钥不存在被提取的风险。”对该论断最恰当的评价是？","成立：密钥不以明文出现意味着攻击者无法从运行过程中获得任何与密钥相关的信息","不成立：白盒算法的数学强度低于标准 AES，该场景必须改用 TEE+SE 才能解决","部分成立：提取密钥需要物理探针读取总线信号，纯软件环境的攻击者通常不具备该条件","不成立：DCA 类实现层分析可以在密钥不以明文出现的前提下，通过指令轨迹上中间值与密钥的统计相关性恢复密钥","成立：只要混淆查找表的规模足够大，实现层统计分析在计算上不可行","","","D","D正确：白盒的目标本就是密钥不以明文出现，而 DCA 仍能通过中间值相关性恢复密钥，故该论断不成立。A“不以明文出现”不等于“无信息泄露”，中间值相关性本身就是可利用的信息；B归因错误，问题出在实现层可分析性，而非算法数学强度不足；C DCA 在模拟器或调试器中以软件方式采集轨迹，不需要物理探针；E混淆规模只影响分析成本，得不出“计算上不可行”的结论。","白盒、DCA、安全边界"
"Y039","多选","密码算法","扩展","团队已在产品中集成某经过认证的开源密码库。下列日常开发与维护做法中，符合密码库使用纪律的有？","业务代码统一通过库的标准接口完成加解密，不自行实现算法，也不修改库内实现","严格按照库的错误处理约定检查每个密码操作的返回值，失败时按约定中止流程","持续跟进该库的安全通告，评估影响后及时升级到修复版本","为优化性能，将库中 AES 的关键轮函数替换为团队自写的查表实现并保留原接口","对库返回的失败错误码统一捕获后默认重试并继续执行，以保障功能可用性","怀疑库中某密码函数存在弱点时，在业务代码中对其输出再做一层加密以弥补","","ABC","A、B、C正确：使用标准接口、不自研也不改动库内算法；遵循库的错误处理约定、失败即中止；跟进安全通告并及时升级是既定纪律。D自写并替换库内核心算法属于变相自研实现；E密码操作失败应按约定中止而非默认重试继续；F业务层叠加加密不能修复库的实现缺陷，正确做法是报告维护方并跟进修复版本。","密码库、使用纪律、错误处理"
"Y040","单选","密码算法","扩展","某团队将 AES 实现移植到新平台，需要验证实现的正确性。参照 NIST CAVP/ACVP 的行业实践，最规范的做法是？","在版本发布前组织一次全量回归覆盖密码功能即可，无需在每次构建中重复执行","用随机生成的密钥和明文自测多组，与另一开源实现的输出比对一致即可","使用标准机构发布的已知答案测试（KAT）向量逐条比对输出，并将其纳入 CI 在每次构建时执行","验证加密后再解密能还原明文（往返一致），即可确认实现与标准一致","KAT 向量与随机数据作用相同，而随机数据覆盖的输入空间更大，因此更充分","","","C","C正确：KAT 用标准向量验证实现正确性，纳入 CI 可在每次构建时拦截错误，完整对应行业实践。D往返一致只说明加解密自洽，实现可能以相同方式偏离标准而不被发现；B随机数据互测可作为辅助，但符合性验证应以标准 KAT 向量为依据；E KAT 的价值在于向量与期望输出由标准给出，随机数据无法对照已知答案；A编译优化与平台差异随时可能引入错误，KAT 应随构建持续执行。","KAT、CAVP、CI集成"
"Y041","多选","密码算法","扩展","某车联网终端厂商为自研 TLS 客户端编写证书链校验规范，评审会上提出了以下六条设计要求。其中符合证书链完整校验要求的有？","从叶子证书起逐级验证签名，直至本机信任库中的自签根证书，根证书自身的签名与有效期同样需要核验","校验通过的链长必须固定为三级（根—中间—叶子），出现第四级证书应直接判定失败","叶子证书的 SAN 必须包含本次访问的目标主机名，不匹配即判定校验失败","中间证书可由服务器下发、本地缓存或在线获取，来源不影响校验结论，关键在于其能否逐级验证到信任锚","叶子证书的 basicConstraints 无需检查，该扩展只在验证中间证书时有意义","链上每张证书的有效期都应单独检查，中间证书过期同样导致校验失败","","ACDF","A、C、D、F正确：链验证要落到本机信任锚且根证书也在检查范围内；主机名/SAN 绑定是必查项；链的构造以签名能否验证到信任锚为准；任一环证书过期都使链失效。B错误，真实链长随签发层级变化，起约束作用的是路径长度等扩展；E错误，叶子必须确认为非 CA（CA:FALSE），否则攻击者可用终端证书充当签发者。","证书链校验、SAN、基本约束、信任锚"
"Y042","单选","密码算法","扩展","某网站已接入 CT 监控，但仍遭遇攻击者利用某 CA 误签发证书实施的短暂中间人攻击，事后通过 CT 公开日志溯源锁定了涉事证书。安全负责人总结教训时，下列哪个认识是正确的？","CT 部署了仍发生攻击，说明 CT 对抗误签发没有实际价值，应当下线","只要攻击发生期间 CT 日志同步正常，浏览器就会实时拒绝该伪造证书","CT 的定位是让公开信任的每一次签发都留下可审计的公开记录，从而支持事后发现与追责；它不能在技术上阻止已签出的证书被使用","应联系日志运营方删除该伪造证书的记录，避免它日后被再次利用","伪造证书既已录入 CT 日志，浏览器会自动将其加入撤销列表全网分发","","","C","C正确：CT 是公开可审计的签发记录机制，价值在于使误签发可被发现与追责，而非事前阻止。A本次攻击正是靠 CT 完成溯源，下线结论混淆了“发现”与“阻止”；B CT 日志不参与握手的实时放行判断；D CT 日志只能追加、不可删除，这是其可审计性的基础；E CT 与撤销机制相互独立，入日志不触发任何吊销流程。","证书透明度、CT、误签发"
"Y043","多选","密码算法","扩展","某 CDN 服务商为全球数万台边缘节点上的海量域名提供 HTTPS 接入，架构组在设计证书撤销方案时给出以下论据。其中成立的有？","由节点侧统一代取并装订 OCSP 响应，可把海量用户的逐次查询收敛为节点侧的少量定期请求","装订响应可由边缘节点自行签名生成，无需 CA 侧参与","用户直连 OCSP 的模式下，CA 侧服务的可用性会成为整体校验可用性的薄弱环节，其故障会放大为大面积校验异常","CRL 方案在本场景更优，因为撤销列表的体积与接入域名数量无关","撤销检查纯属终端本地行为，服务端是否装订不影响撤销信息的送达路径","即便采用装订，节点仍需周期性向 CA 侧刷新装订响应，这仍是必须维护的运行依赖","","ACE","A、C、E正确：服务端集中代取正是装订在大规模场景的核心收益；逐用户在线查询把撤销可用性押在 OCSP 服务上；装订响应有时效，节点必须持续刷新，运维依赖从客户端转移到服务端而非消失。B装订响应必须由 CA 签名，节点自行生成的响应无法通过客户端验证；D CRL 体积随 CA 撤销量与规模增长，恰恰不适合海量域名场景；E（第二处）装订使服务器成为撤销信息的送达方，改变了原本纯客户端发起的路径。","OCSP装订、CRL、撤销机制"
"Y044","单选","密码算法","扩展","某创业公司的移动 App 提案“默认对所有用户开启证书钉扎，以获得最高安全性”。作为安全评审，以下哪个评价最恰当？","只要同时部署 ACME 自动续期，钉扎的断服风险就会被完全消除，方案可以放心全量推开","开启钉扎后可放宽有效期与证书链等其他检查，公钥固定本身已覆盖全部校验目标","方案可行：钉扎只有防御收益、没有运维代价，应当作为所有 App 的默认配置","应结合威胁模型评估：钉扎确实能对抗 CA 误签发类中间人，但轮换困难与配置错误可能引发大面积断服；业界趋势是高风险场景才使用，常规防御交由 CT 与短有效期证书等机制承担","可改为钉扎根 CA 的公钥，这样既不会发生断服，对抗误签发的效果也毫不减弱","","","D","D正确：既承认钉扎对误签发的防御价值，也指出断服代价与“CT+短有效期”的常规替代路线，符合业界实践。A ACME 降低的是服务端运维差错，客户端钉扎在轮换期的失联风险依然存在；E钉扎是附加约束，有效期与链校验等要素仍需完整执行；C钉扎的轮换与应急成本真实存在，“无代价、全默认”正是业界已纠正的误区；C（第二处）钉根公钥会使任意经中间 CA 误签发的证书都能通过匹配，防御名存实亡。","证书钉扎、CT、决策权衡"
"Y045","多选","密码算法","扩展","某多租户 SaaS 平台规划密钥体系，评审中出现以下做法。其中符合分级与隔离设计原则的有？","全体租户共用一把 DEK，由应用层访问控制保证数据隔离","将根密钥导出一份交给各租户自行保管，便于租户自助恢复数据","每个租户的数据由独立的 DEK 加密，租户之间的数据密钥互不相同","服务密钥按业务域划分，各业务域的服务密钥只包裹本域租户的 DEK","租户 A 的 DEK 泄漏时，重加密与轮换范围限于租户 A 的数据，租户 B 无需处置","取消服务密钥与 DEK 分层，由根密钥直接加密所有租户数据，租户规模扩大也不会增加根密钥的风险","","BDE","B、D、E正确：租户级独立 DEK 是多租户隔离的基本要求；业务域级服务密钥限制了单把上层密钥的覆盖范围；租户间密钥隔离使泄漏处置边界清晰。A共用 DEK 使密钥层不提供隔离，应用层控制一旦失效即全量暴露；C根密钥不应离开硬件保护下发租户；F扁平结构迫使根密钥长期在线高频使用，租户越多暴露面越大。","密钥分级、租户隔离、DEK"
"Y046","单选","密码算法","扩展","支付网关需对每笔交易报文做私钥签名，私钥按规定生成于 HSM 内并设置为不可导出。开发人员认为“拿不到私钥文件，签名功能无法实现”。下列做法正确的是？","申请一次性导出权限，把私钥加载进应用内存后立即删除导出文件","调用 HSM 提供的签名接口，把报文摘要提交给 HSM 完成签名，应用侧只经手摘要与签名值","改用纯软件签名库，通过加密通道从 HSM 同步私钥","要求运维把私钥临时导出到签名服务器的内存缓存，以提升签名吞吐","把待签报文定期发给安全团队，由其在 HSM 管理终端人工代签","","","B","B正确：应用通过受控签名接口间接使用密钥，密钥不出模块也能完成业务，这是标准用法。A“立即删除”不可验证，导出一经发生私钥就已离开受保护边界；B（第二处）将私钥引入应用进程，保护强度退化为软件级；D为性能放弃密钥保护，吞吐问题应通过接口扩容解决；E人工代签不可扩展、审计不连续，并引入人员暴露面。","密钥不可导出、HSM接口、间接使用"
"Y047","单选","密码算法","扩展","一批退役服务器 SSD 曾短暂存放过明文根密钥分片文件。下列销毁方案中最可靠且可验证的是？","定位密钥文件占用的逻辑块地址，执行多次随机数覆写","对整盘做强磁场消磁后入库封存","快速格式化整盘后转入测试环境复用","物理粉碎至不可还原，并取得带介质序列号的销毁凭证","先对整盘启用透明加密，再删除加密密钥，以此销毁此前的明文残留","","","D","D正确：物理销毁不依赖介质特性，序列号凭证满足可验证要求。A受 SSD 磨损均衡与地址映射影响，逻辑块覆写无法覆盖全部物理副本；B消磁针对磁记录介质，对闪存存储的 SSD 无效；C格式化只清理元数据，数据仍可恢复；E加密擦除只对加密启用之后写入的数据有效，无法追溯销毁既有明文残留。","密钥销毁、SSD、介质特性"
"Y048","多选","密码算法","扩展","某 IoT 厂商的固件签名私钥确认泄漏，已出货设备使用内置公钥验证固件签名。关于信任链更新，下列做法正确的有？","向设备与校验服务分发新公钥并更新验证逻辑，过渡期内支持新旧公钥并行验证","只要服务器端完成密钥轮换，信任链无需其他更新","吊销泄漏密钥对应的证书或信任记录，并发布安全公告告知依赖方","对无法远程更新的存量设备，评估其仍信任旧公钥的风险并制定补救方案","旧密钥签署的历史固件仍在有效期内，应继续无条件接受以保证兼容","依赖方更新必须一次性全量切换，设置并行验证窗口属于流程违规","","ACD","A、C、D正确：并行验证是避免依赖方未及时更新导致服务中断的常规过渡安排；吊销与公告是让依赖方停止信任旧钥的机制；存量设备是信任链更新的现实约束，需评估并补偿。B验证方持有的旧公钥不更新，换钥只完成了信任链的一半；E私钥泄漏后旧签名无法再证明来源可信，“无条件接受”为伪造固件留下通道；F全量即时切换在设备侧不可行，过渡窗口是必要设计。","密钥泄漏应急、信任链更新、过渡期"
"Y049","多选","密码算法","扩展","某企业从零搭建私有 PKI，为内部系统与办公终端签发证书。以下哪些做法符合 PKI 角色分级与信任锚管理的最佳实践？","将所有用途的签发职责集中于单一根 CA，减少证书链层数以加快验证速度","根 CA 私钥长期离线保存，仅在签发或更新中间 CA 证书时启用","为 TLS 签发与代码签名分别设立中间 CA，并施加命名约束限制各自的签发范围","新根部署时以预置方式写入客户端镜像与信任库，而非在运行时动态拉取首个信任锚","中间 CA 私钥采取与根 CA 同等的离线保护等级，以简化整体密钥管理体系","客户端信任列表中的私有根证书纳入生命周期管理，明确责任人与轮换替换预案","","BCDF","B、C、D、F正确：根 CA 离线是保护信任锚的核心手段；按用途拆分中间 CA 并用命名约束圈定范围可限制滥用半径；信任锚必须在客户端启动验证前已存在；私有信任锚同样有生命周期。A单一根签发所有用途违背角色分级，一处失陷即全线失陷；E同级保护使分级体系失去意义，中间 CA 应是在线且保护等级低于根的一层。","私有PKI、根CA离线、命名约束"
"Y050","单选","密码算法","扩展","某服务的证书由自动化平台续期，平台日志显示新证书文件已按时生成且内容正确，但抓包发现线上 TLS 握手仍在提供临近过期的旧证书，直到证书过期服务才报错。最可能的原因是？","自动化续期被证明不可靠，应回退为人工定期检查并手动更换证书","续期失败告警可以下线，因为自动化系统自身会保证最终签发成功","服务进程没有重新加载证书文件，缺少热加载机制，内存中持续使用旧证书","证书热加载属于可选项，未配置时新证书会在服务下次例行重启后自然生效","自动续期每次都会生成新的密钥对，因此对私钥存储保护的要求可以相应放宽","","","C","C正确：证书文件更新不等于进程生效，没有热加载或重载机制时旧证书会一直驻留内存直至过期。D把生效寄望于不定期的重启，意味着证书更新时间与生效时间脱钩；B自动化不保证成功，续期失败无人知晓正是过期事故的典型成因；A事故暴露的是缺监控而非自动化本身，回退人工反而放大风险；E每次轮换叶子密钥不能替代对私钥落盘、账户密钥的存储保护。","证书自动化、热加载、续期监控"
"Y051","多选","密码算法","扩展","某公司确认其软件更新签名私钥已泄露，攻击者可能已伪造过更新（类似 SolarWinds 场景）。以下哪些应对措施或认知是正确的？","私钥已泄露的事实可以通过修改内网构建机的登录密码来消除","吊销后，附带可信时间戳且签署时间早于吊销时间的历史签名仍可通过验证","立即吊销受影响的签名证书，并在 HSM 中重新生成新的签名密钥","排查泄露窗口期内签发的全部产物，向用户推送经完整性校验的修复更新","吊销会使历史签名全部失效、影响老用户安装，因此不应吊销，改为更换构建机密码即可","恢复签发能力后，应将签名流程收敛到硬件保护与审批流之下，而非仅仅更换一把新密钥","","BCDF","B、C、D、F正确：时间戳证明签署发生在吊销前，历史合法签名不受后续吊销影响；吊销切断滥用窗口、HSM 重建密钥恢复安全签发能力；泄露窗口内的产物存在被替换风险，必须排查并下发可信修复；仅换密钥不改变泄露根因，流程收敛到 HSM 与审批流才能防止复发。A私钥一旦外流即脱离企业控制，任何内网口令变更都无法“消除”泄露事实；E历史签名的保护靠事前时间戳而非拒绝吊销，吊销必须执行。","代码签名、SolarWinds、时间戳签名"
"Y052","单选","密码算法","扩展","某集团接入一家新收购的子公司，其资产包括面向公众的官网与大量内部微服务。以下哪套证书策略最合理？","官网与内部服务均由集团私有 CA 签发，公众访问官网前先安装集团根证书","全部系统统一改用公有 CA 证书，使内外部获得一致的默认信任体验","官网沿用公有 CA 签发的证书；内部微服务接入集团私有 PKI，使用短有效期、自动轮换的证书","内部微服务接入私有 PKI，官网证书也改由集团私有 CA 签发以统一品牌管理","内部微服务沿用各团队自签证书，由调用方在代码中逐一硬编码校验逻辑","","","C","C正确：对外依赖公有信任、对内使用私有信任并配合短有效期轮换，正是内外边界的标准划分。B内部服务使用公有 CA 既无必要还会把内部域名暴露给公共签发与日志体系；A要求公众安装企业根不具备可行性，对外服务必须使用公有可信证书；E自签加硬编码校验导致信任关系碎片化，无法统一审计与轮换；C（第二处）公众浏览器不信任私有 CA，官网改由私有 CA 签发将直接导致外部用户无法访问。","公私PKI边界、mTLS、内部证书"
"Y053","多选","密码算法","扩展","某区块链存证系统以 ECDSA（P-256）签名的原始字节串作为交易唯一性判据，用于防止同一交易重复入库，近期发现同一交易出现两条字节不同、均验证通过的签名记录。评审讨论两种整改思路：验证端强制低 s 规范化，或整体迁移到 Ed25519。以下关于两方案签名值性质的说法，正确的有？","第三方无需私钥即可把签名中的 s 替换为 n−s，得到对同一消息同样验证通过的新字节串，这正是判据失效的原因","签名字节串“一签多形”是 malleability 的体现，说明第三方已可对任意新消息伪造有效签名，ECDSA 应判定为可伪造算法而停用","验证端只接受低 s 签名（s > n/2 一律拒绝）并由签名方同步规范化后，同一消息的合法签名字节串形式唯一，可修复判据","签名字节串不唯一仅是编码表示问题，对“防止重复入库”这一业务目标没有实质影响，可由业务层忽略","Ed25519 对同一私钥与同一消息的签名结果逐字节确定，第三方无法在不使其失效的前提下改写签名","迁移时可将现有 P-256 公钥字节原样注册为 Ed25519 公钥继续使用，验证逻辑无需感知算法差异","","ACE","A、C、E正确：(r, s) 与 (r, n−s) 同为有效签名，改写无需私钥，即 ECDSA 的 malleability；低 s 规范化是业界通行的抗 malleability 手段；Ed25519 签名由消息与私钥确定性派生，结果唯一且不可被第三方改写。B malleability 只能改写同一消息的签名字节串，不等于对任意新消息的伪造能力，据此停用是夸大定性；D该系统的唯一性判据直接建立在字节串上，编码歧义即业务风险；F两算法的曲线、密钥格式与验证语义均不同，公钥与签名不可跨算法复用。","ECDSA、EdDSA、malleability"
"Y054","单选","密码算法","扩展","某支付平台完成由静态 DH 到 ECDHE 的改造后，运维例会就配套密钥管理提出以下措施，其中正确的是？","ECDHE 临时私钥在会话密钥派生完成后应立即销毁、不得落盘，前向保密的效果正依赖这种“用后即毁”的生命周期管理","为便于审计重建历史会话，应将每次会话的 ECDHE 临时私钥加密归档并保留一定期限","迁移到 ECDHE 后网关不再需要任何长期密钥，可下线全部证书与签名私钥","为降低生成开销，可让网关每 N 个会话复用同一对临时密钥，只要 N 控制在安全阈值以内","原静态 DH 长期私钥应完整归档留存，以便日后需要时解密历史会话用于审计追溯","","","A","A正确：临时密钥用后即毁是前向保密成立的实现前提，也是其正确的生命周期。B归档临时私钥使历史会话在存储介质失窃时暴露，等于自我否定前向保密；C ECDHE 仍需长期签名密钥或证书认证临时公钥，长期密钥不可下线；D复用临时密钥破坏“每会话新鲜密钥”性质，不存在所谓安全复用阈值；E长期保留静态私钥使录制的历史会话在密钥泄露时可被回溯解密，审计应依赖日志而非解密能力。","ECDHE、前向保密、临时私钥生命周期"
"Y055","多选","密码算法","扩展","某文档系统需向多名接收者分发同一份百兆级加密设计文件。开发提议直接用每位接收者的 RSA-OAEP 公钥分别加密整个文件后发送。安全评审的以下意见，正确的有？","正确结构是以强对称算法加密文件本体，仅用 RSA-OAEP 加密随机会话密钥并按接收者分别封装","只要 OAEP 填充参数两端配置一致，直接加密大文件在安全上即可行，运算开销可通过加密加速卡解决","为简化密钥管理，可让所有接收者共用同一对 RSA 密钥，由文件服务器统一保管私钥","RSA-OAEP 单次可加密长度受模长与填充开销的硬性约束，百兆级文件根本无法单次加密，必须采用数字信封结构","将 RSA 模长增大到足以容纳整个文件的规模，即可省去信封结构且安全性同步提升","公钥加密运算远慢于对称加密，其定位是会话密钥分发与小数据封装，而非数据本体加密","","ADE","A、D、E正确：数字信封以对称算法承载数据、公钥算法封装会话密钥，是标准工程做法；待加密数据上限约为模长减去填充开销，这是必须走信封结构的技术原因；公钥加密的性能定位与能力边界决定了它只处理小数据。B参数一致只是必要条件，公钥加密直接处理大文件在长度约束与性能上均不可行；C共享密钥对使任何持私钥者可解密全部文件，破坏按接收者的访问控制；E（第二处）超大模长在工程上不可行，也回避不了“公钥加密不适于数据本体”的结构问题。","数字信封、RSA-OAEP、公钥加密边界"
"Y056","单选","密码算法","扩展","某密码工程评审中，有工程师提议为产品自行生成一条不对外公开的椭圆曲线用于数字签名，理由是“参数保密可降低被针对性攻击的风险”。以下评价正确的是？","提议合理：攻击者连曲线参数都未知，构造攻击的门槛必然大幅提高","提议可行，但自行生成的曲线必须先通过权威机构的合规认证方可上线","曲线参数只影响互操作性，不涉及安全性，自定义曲线不会引入额外风险","自定义曲线的风险主要在于性能与兼容性，只要基准测试达标即可采用","提议不可取：标准曲线经受了长期公开分析，私有曲线缺乏同等强度的审查，且生成方可能在参数中埋入外人难以察觉的陷门，Dual_EC 即为先例","","","E","E正确：可信参数必须来自公开、经长期分析的标准来源，Dual_EC 是自选参数埋陷门的标志性教训。A“参数保密换安全”违背公开可分析原则，且防不住掌握生成过程的内部风险；B合规认证不能替代公开分析，也不会有机构为自选曲线背书其无陷门；C参数决定运算所在的代数结构，陷门恰恰可以埋在参数里；D性能与兼容性只是次要问题，核心风险是参数可信性与分析缺失。","域参数、自选曲线、Dual_EC教训"
"Y057","多选","密码算法","扩展","某团队调研“在密文上直接计算”的技术用于医疗数据分析合规项目，形成以下认识。其中正确的有？","部分同态加密（如 Paillier 支持加法、RSA 支持乘法）只能支持单一类型的密文运算","全同态加密（FHE）可支持在密文上执行任意可计算函数，Gentry 在 2009 年给出首个构造","同态分级大致为部分同态（PHE）→有限深度同态（SWHE）→全同态（FHE），FHE 的核心挑战是密文噪声随运算累积，需要 bootstrapping 自举刷新","FHE 天然抗量子且无性能代价，可立即全面替代 TLS 与对称加密","CKKS 方案支持近似实数运算，是密态 AI 推理的常用选择","同态加密目前明密文性能差距达 3~6 个数量级，工程上主要用于特定场景而非全面替代明文计算","","ABCE","A、B、C、E正确：PHE 只支持单一运算类型；Gentry 2009 首创 FHE；噪声累积与自举刷新是 FHE 的核心机制；CKKS 面向近似实数计算。D“无性能代价、全面替代”与事实相反，FHE 性能差距巨大且不解决传输机密性问题；F性能差距正是其当前定位的现实约束，表述正确。","同态加密、FHE、CKKS、隐私计算"
"Y058","单选","密码算法","扩展","某 AI 团队要在云端对医疗影像做密态推理（数据对云保密、结果可解密），正在选择同态加密方案。下列选型分析最合理的是？","选择 CKKS 方案：其支持近似实数运算的特性契合神经网络推理的数值场景，配合硬件加速可控制密态推理开销","选择 BGV/BFV：它们面向精确整数运算的特性最适合神经网络的浮点推理","选择 TFHE：其布尔门自举最快，因此对浮点矩阵乘法的吞吐一定最高","选择 Paillier：加法同态足以完成卷积与激活等全部神经网络运算","任何同态方案性能相同，按社区活跃度选择即可","","","A","A正确：CKKS 的近似实数语义与神经网络推理匹配，是密态推理的常用选择，配合 NTT 类硬件加速可控制开销。B BGV/BFV 面向精确整数运算，直接承载浮点推理需大量编码改造；C TFHE 擅长布尔电路，“对浮点矩阵乘法吞吐一定最高”以偏概全；D加法同态无法表达卷积中的乘法与非线性激活；E不同方案的语义与性能差异显著，不能只看社区活跃度。","CKKS、密态推理、方案选型"
"Y059","多选","密码算法","扩展","某机构规划隐私计算平台，需要在不同场景中选择 MPC 多方安全计算、TEE、差分隐私 DP、联邦学习 FL 等技术。下列认识正确的有？","MPC 基于密码学协议（如秘密分享、混淆电路）实现，不依赖硬件信任根，但通信量较大","TEE 性能好、生态成熟，但信任建立在硬件厂商与其实现正确性之上","差分隐私通过在统计输出中加入噪声保护个体，存在隐私预算与数据可用性的权衡","联邦学习“数据不动模型动”本身即可严格防止模型反向推断原始数据，无需叠加其他技术","FHE 密态推理、联邦学习加 TEE 聚合、差分隐私加联邦学习都是常见的组合用法","TEE 能防御被攻陷的 REE 内核，同样能防御物理探针与微架构侧信道攻击","","ABCE","A、B、C、E正确：MPC 靠密码学协议无需硬件信任但通信开销大；TEE 性能好但信任依赖硬件厂商；DP 有隐私预算与可用性权衡；三类组合用法确实常见。D“本身即可严格防止”不成立，梯度反演等攻击表明 FL 常需叠加 DP/安全聚合；F TEE 恰恰不能防御物理攻击与微架构侧信道，这是其防御边界。","MPC、TEE、差分隐私、联邦学习"
"Y060","单选","密码算法","扩展","某团队评估同态加密硬件加速方案：明文计算与 FHE 密文计算的性能差距达 3~6 个数量级，业界主流加速方向是什么？","以通用 GPU 的图形渲染管线加速同态运算，无需专用设计","围绕多项式乘法（NTT 数论变换）构建专用加速器（如 DARPA DPRIVE 项目的 F1/CraterLake、Intel HEAX 类方案），因为 FHE 运算的核心是多项式乘法","改用更高主频的通用 CPU 并增大缓存，即可把差距缩小到可用水平","把 FHE 运算全部移到 TEE 内以明文执行，从而绕开同态运算开销","等待量子计算机加速同态运算，现有硬件方案无需投入","","","B","B正确：FHE 的核心运算是多项式乘法，NTT 专用加速器（DARPA DPRIVE 的 F1/CraterLake、Intel HEAX 等）是主流加速方向。A通用图形管线并非为同态运算设计，效率不如专用架构；C数量级的差距不是主频与缓存能弥补的；D把数据移入 TEE 以明文执行改变的是信任模型而非同态计算本身，两者目标不同；E量子计算对同态运算没有此类加速作用，属于概念混淆。","FHE硬件加速、NTT、DPRIVE"
"Y061","多选","侧信道攻击","扩展","某团队计划基于公开数据集训练侧信道分析能力，候选包括 DPA Contest 系列与 ASCAD 数据集。下列认识正确的有？","ASCAD 数据集面向掩码 AES 实现，常用于评估深度学习侧信道分析方法","DPA Contest 系列提供了公开的功耗采集数据与目标实现描述，可用于入门与算法横向比较","在公开数据集上取得的攻击成功率可以直接等同于对任意真实产品的攻击能力","公开数据集的价值在于为不同侧信道分析方法提供统一可比的评测基准","使用公开数据集无需了解目标实现的防护措施（如有无掩码），即可正确解读结果","数据集对应的芯片、采集设置与实际评估目标差异过大时，结论外推需要谨慎","","ABDF","A、B、D、F正确：ASCAD 面向掩码 AES、是深度学习侧信道分析的常用基准；DPA Contest 系列提供公开数据支持入门与比较；统一基准正是公开数据集的价值；数据集与真实目标差异过大时外推需谨慎。C公开数据集上的成功率不能直接等同于对真实产品的攻击能力；E不了解防护措施就无法正确选择分析方法与解读结果。","DPA Contest、ASCAD、公开数据集"
"Y062","单选","侧信道攻击","扩展","攻击者在对一个未加防护的 AES 软件实现做 CPA 时，把泄漏模型从汉明重量（HW）误设为汉明距离（HD），导致攻击失败。对该现象最合理的解释是？","HW 与 HD 两种模型在数学上完全等价，失败只能来自采集数据量不足","该实现的泄漏点发生在寄存器写入（值从 0 变为中间值）场景，其泄漏更符合 HW 模型，HD 模型刻画的是前后状态差异，模型与泄漏点错配使相关性无法建立","HD 模型只适用于硬件实现，软件实现一律必须使用 HW 模型","模型选择只影响分析的运行时间，与能否恢复密钥无关","泄漏模型错误时 CPA 会给出随机结果，增加曲线数量总能修正模型错误","","","B","B正确：HW 刻画当前值的汉明重量、HD 刻画两个状态间的汉明距离，泄漏点与模型错配时相关性无法建立，攻击自然失败。A两者并不等价，等价仅出现在特定参考态下；C HD 在软件寄存器更新场景同样常用，该说法以偏概全；D模型选择直接决定假设功耗序列，与攻击成败密切相关；E模型错误是系统性的，增加曲线数量无法修正错误的模型假设。","泄漏模型、HW与HD、CPA"
"Y063","多选","侧信道攻击","扩展","团队对采集到的功耗轨迹做预处理后再进行 CPA 分析。关于预处理的作用与风险，下列说法正确的有？","按触发信号对齐轨迹，使各条曲线的同一操作落在相同时间位置，是相关分析有效的前提","对轨迹做低通滤波可以压制高频噪声，但滤波带宽设置不当可能削弱泄漏特征","去除直流分量（去均值）有助于突出与数据相关的交流分量","对轨迹做幅度归一化后，不同批次的轨迹可以直接混合使用而无需考虑采集条件差异","任意增强滤波都可能把泄漏特征当作噪声一并滤除，预处理应配合泄漏表征验证效果","预处理可以替代足够的曲线数量，少量轨迹经良好滤波后即可稳定恢复密钥","","ABCE","A、B、C、E正确：对齐是相关分析的前提；滤波可压噪但带宽不当会削弱特征；去均值突出交流分量；预处理过度会把特征当噪声滤掉，应配合表征验证。D不同采集条件的轨迹混合会引入系统性幅度差异，归一化不能消除采集条件带来的所有差异；E（第二处）预处理改善的是信噪比，不能替代统计分析所需的曲线数量。","轨迹预处理、对齐、滤波"
"Y064","单选","侧信道攻击","扩展","某采集平台把示波器采样率从与目标时钟同步的基准值大幅提高数倍后重新采集，预期提升 CPA 攻击效果，但结果反而变差。对该现象最合理的解释是？","采样率提高后单条轨迹数据量增大，处理时间变长，密钥恢复在原理上必然失败","更高的采样率使泄漏特征在时间轴上被复制多份，导致相关峰消失","采样率应与目标信号带宽匹配：过高的采样率引入更多高频噪声样本并增大对齐误差的影响，反而降低单条轨迹的有效信噪比，攻击效果变差","采样率与 CPA 攻击效果无关，变差只能归因于目标芯片更换了固件","采样率越高泄漏信息越少，因此所有侧信道采集都应使用最低可用采样率","","","C","C正确：采样率应与信号带宽匹配，盲目提高采样率会纳入更多噪声样本并放大对齐误差的影响，降低有效信噪比。A数据量增大只影响处理开销，不改变攻击原理上的可行性；B泄漏特征不会被“复制”，该解释不符合采样机理；D采样率是采集链路的关键参数，与攻击效果直接相关；E采样率过低会丢失泄漏特征，“一律最低”同样错误。","采样率、采集带宽、轨迹质量"
"Y065","单选","侧信道攻击","扩展","对 AES 首轮实施的 CPA 中，分析者对首个子密钥字节的 256 个候选分别计算相关轨迹后，发现有两个候选的相关峰高度接近。以下处理方式最合理的是？","直接取相关峰较高的候选作为该字节密钥，进入下一字节分析","取两个候选分别向下推进，用后续字节的恢复结果是否自洽（如完整密钥能否正确解密已知密文）来甄别正确候选","判定该实现存在防分析防护，终止本次攻击","对这两个候选对应的曲线做幅值归一化后重新比较峰值","将两个候选的相关轨迹相加，以叠加峰值的高低判定正确候选","","","B","B正确：单字节峰位接近时，用“完整密钥自洽性”（能否正确解密/验证）做下游甄别是标准做法，可避免单点误判传导。A直接取较高峰可能在噪声或模型近似下选错，错误会向后续分析传导；C峰位接近是常见现象，不足以判定存在防护并终止；D幅值归一化改变幅度尺度，不改变相关性的相对排序；E相关轨迹相加没有密码学含义，无法用于候选甄别。","CPA、候选密钥排名、验证甄别"
"Y066","单选","侧信道攻击","扩展","针对 AES-128 的 CPA 攻击已完成首轮 16 个子密钥字节的恢复，手头保存的是 16 个首轮轮密钥字节。要得到原始 128 位主密钥，正确的做法是？","把 16 个字节按存储顺序直接拼接即为主密钥，无需额外变换","按照 AES 密钥扩展的逆运算，从首轮轮密钥字节反向推算出原始主密钥","将 16 个字节做一次哈希后截取 128 位作为主密钥","再次对密钥扩展环节实施 CPA，直接恢复主密钥","逐字节尝试全部 2^128 组合，用已知明密文对验证正确主密钥","","","B","B正确：CPA 恢复的是与首轮 S 盒输入相关的等效轮密钥字节，需按 AES 密钥扩展的逆关系反推原始主密钥。A首轮轮密钥与主密钥的排列关系由密钥扩展决定，直接拼接通常不等于主密钥；C哈希不可逆，无法恢复真实主密钥，也无法用于解密；D主密钥不直接参与首轮 S 盒运算，对“密钥扩展环节”实施 CPA 并无对应泄漏点；E 2^128 穷举在计算上不可行，也完全没必要。","CPA、轮密钥与主密钥、密钥扩展逆推"
"Y067","单选","侧信道攻击","扩展","某产品的 AES 实现在内部渗透测试中被 CPA 恢复了密钥。整改闭环的正确顺序是？","直接宣布产品不合格并冻结发货，整改方案由后续项目周期另行安排","先分析泄漏点（如查表、分支），确定对应防护措施（恒定时间或掩码/隐藏），实现后在同等采集条件下复测，确认攻击在约定轨迹量内不再成功，再恢复发布","将密钥长度升级为 256 位后直接发布，无需复测侧信道","增加代码混淆与固件加密后直接发布，侧信道问题视为已整改","在发布说明中标注“存在侧信道风险，请客户自行评估”，维持原实现发布","","","B","B正确：整改闭环=定位泄漏点→匹配防护措施→同条件复测验证→恢复发布，这是侧信道整改的标准流程。A冻结发货不解决实现缺陷，也剥夺了验证整改效果的机会；C密钥长度与抗侧信道能力基本无关；D混淆与固件加密不消除功耗泄漏，不能视为整改；D（第二处）把已知可利用风险转嫁给客户不符合产品安全责任。","整改闭环、泄漏点定位、复测验证"
"Y068","多选","侧信道攻击","扩展","关于多字节（如 AES-128 全密钥）侧信道恢复的策略，下列说法正确的有？","各子密钥字节在首轮 S 盒运算中相互独立，可按字节并行独立分析，无需穷举 2^128 组合","选择泄漏特征最明显的字节先攻，有助于尽早验证分析方法与采集配置是否有效","已恢复字节的取值会影响后续轮次中间值的计算，第二轮及以后的分析需要利用已恢复的部分密钥推导中间值","为了简化分析，可以把 16 个字节合并成一个 128 位整体，对全密钥做一次性相关分析","高阶掩码实现下，多字节恢复策略与一阶实现完全相同，仅曲线数量略有增加","恢复出完整密钥后，应结合已知明密文对做正确性验证，防止单字节误判传导到整体结论","","ABCF","A、B、C、F正确：首轮 S 盒输入为明文字节与单字节子密钥，各字节独立可并行；先攻明显字节可尽早验证配置；后续轮次中间值依赖已恢复密钥；完整密钥的正确性验证是防止误判传导的标准收尾。D合并为 128 位整体穷举量级不可行，也正是 CPA 按字节拆分的原因；E高阶掩码需要高阶分析（联合多点信息），策略与一阶实现完全不同。","多字节恢复、CPA策略、密钥验证"
"Y069","单选","侧信道攻击","扩展","某实现宣称“二阶布尔掩码防护”，但侧信道评估中一阶 CPA 即可恢复密钥。最可能的技术原因是？","掩码阶数越高安全性越差，一阶 CPA 本来就能攻破二阶掩码","掩码随机数仅在每次上电时生成一次并全程复用，多个样本间掩码相同，统计平均后掩码失效","掩码实现使运算速度提升，轨迹特征更集中，因此一阶 CPA 更容易成功","二阶掩码在数学上尚未被证明安全，任何实现都无法抵御一阶分析","AES 的 S 盒运算无法被掩码化，因此该实现实际上没有掩码","","","B","B正确：掩码的防护来自样本间随机性，随机数全程复用使各样本掩码相同，平均后掩码项被消去，一阶分析照常有效。A掩码阶数越高抗一阶分析能力越强，说法颠倒；C运算速度与一阶可分析性无因果关系；D二阶掩码有成熟的安全模型与证明方法，说法不成立；E AES 的 S 盒可以被掩码化（如域上求逆的掩码实现），说法不成立。","掩码随机性、阶数、一阶CPA"
"Y070","单选","侧信道攻击","扩展","评估机构对一款宣称“一阶掩码”的 AES 实现执行一阶与二阶分析：一阶 CPA 未检出密钥相关峰，二阶联合分析在两个中间值时刻的乘积统计上出现峰值。对该结果的正确解读是？","说明该实现完全无防护，一阶 CPA 未出峰是采集失误","说明该实现具备一阶安全性，但一阶安全不等于二阶安全：二阶峰表明一阶掩码未阻挡联合多点的信息泄露，需评估其是否构成实际威胁并考虑更高阶防护","说明二阶分析不需要掩码信息，任何实现都必然出现二阶峰","说明一阶与二阶峰必然同时出现，一阶未出峰证明采集存在系统性错误","说明该实现应立即改用隐藏类防护，掩码路线已被否定","","","B","B正确：一阶未出峰说明单点泄漏与秘密统计独立（一阶防护有效）；二阶联合峰值表明多点联合分布仍携带秘密信息，这正是“掩码阶数与实测安全阶数可能存在差距”的典型表现，需进一步评估威胁并考虑加固。A一阶未出峰恰恰说明一阶防护在起作用，不能断言无防护；C二阶峰的出现依赖掩码实现的信息残留，并非任何实现必然出现；D一阶与二阶结果没有必然联动关系；E掩码与隐藏是两条路线，二阶峰不构成对掩码路线的否定。","一阶与二阶分析、安全阶数、掩码评估"
"Y071","多选","侧信道攻击","扩展","关于掩码实现中随机数的工程要求，下列说法正确的有？","掩码随机数应由合格的随机源（如通过健康测试的 TRNG 或密钥派生的 DRBG 输出）提供","每次加密刷新掩码是保持统计独立性的基本要求，复用会引入样本间相关","掩码随机数的生成速率需要与加密吞吐匹配，RNG 吞吐不足会成为性能瓶颈","掩码随机数可以由固定种子在设备生命周期内一次性展开的伪随机序列代替，无需再刷新","掩码随机数的质量无法验证，只能依赖供应商声明","随机数健康测试失败时，掩码实现应进入安全状态而非继续输出密文","","ABCF","A、B、C、F正确：随机源需合格且可验证；逐次刷新保持统计独立是掩码有效的前提；RNG 吞吐与加密吞吐匹配是工程约束；健康测试失败应进入安全状态。D固定种子一次性展开的序列在各样本间虽不同但可被预测，攻击者获得序列即可离线消去掩码，不满足要求；E掩码随机数质量可通过统计检验与健康测试验证，并非只能依赖声明。","掩码随机数、刷新、RNG吞吐"
"Y072","单选","侧信道攻击","扩展","某团队用 Threshold Implementation（TI）思路重构了硬件 AES 掩码，流片前的形式化与仿真检查应重点覆盖哪一项，才能支撑“抗一阶毛刺泄漏”的设计声明？","验证组合逻辑中各共享的函数次数与共享数量满足 TI 分享条件，使任意毛刺造成的瞬时中间值组合不泄露一阶信息","验证掩码随机数的统计分布均匀性","验证时钟树的偏斜满足时序收敛要求","验证 AES 轮函数的差分均匀性达到密码学标准","验证芯片封装的电磁屏蔽效能","","","A","A正确：TI 的安全声明建立在“共享数量与函数次数约束保证毛刺下的瞬时组合不泄露一阶信息”之上，形式化检查应覆盖该结构性质。B随机数分布均匀性是掩码有效性的通用前提，不是 TI 抗毛刺声明的特有检查项；C时钟树偏斜是时序收敛问题，与毛刺泄漏声明无直接关系；D差分均匀性是 S 盒的密码学性质，与实现层面的毛刺泄漏无关；E封装屏蔽属于物理层防护，不在 TI 设计声明范围内。","Threshold Implementation、毛刺、形式化检查"
"Y073","单选","侧信道攻击","扩展","某实现引入噪声发生器后，CPA 所需轨迹数从 1 千条上升到约 100 万条。关于该防护的效果与边界，正确的理解是？","轨迹需求上升 1000 倍说明防护已彻底消除泄漏，无需进一步评估","噪声使单条轨迹的信噪比下降，攻击者可通过更大量的采集与统计平均重新积累差异；信噪比每降低一个数量级，所需轨迹数约上升两个数量级，防护是提高成本而非消除风险","噪声会把密钥相关信息完全随机化，任何统计方法都无法再恢复密钥","轨迹数上升只影响攻击时间，不影响攻击成本，二者在安全评估中可视为等价","引入噪声后掩码就不再必要，两种防护完全互替","","","B","B正确：隐藏类防护压低信噪比、攻击者以更多轨迹的统计平均对冲，成本按数量级上升但并非不可行，安全结论应结合攻击者可承受的采集成本给出。A“彻底消除”与“无需评估”夸大了噪声的作用；C噪声压低的是信噪比，数据相关分量依然存在；D攻击时间与采集成本、存储、被发现风险共同构成攻击成本，不能视为等价；E噪声（隐藏）与掩码机理正交，通常组合使用而非互替。","隐藏、信噪比、攻击成本"
"Y074","多选","侧信道攻击","扩展","某实现对 AES 轮操作引入随机乱序（shuffle）作为侧信道防护。关于该措施的作用与局限，下列说法正确的有？","乱序使同一操作在不同轨迹中出现在不同时间位置，单个时间点的差分峰值被摊薄","攻击者可以对多条轨迹按时间窗做积分或滑动对齐，把摊薄的特征能量重新聚拢，shuffle 只能提高攻击成本","乱序属于隐藏类防护，改变的是泄漏发生的时间而非中间值与秘密的相关性","乱序能够改变中间值的取值分布，与掩码的防护机理相同","乱序的粒度可以任意选取，工程上通常直接对全部中间操作做整体随机排序即可，实现与验证代价与粒度无关","对每个时间点独立做一阶差分时，乱序后的峰值幅度随轨迹数量增加仍会逐步显现","","ABCF","A、B、C、F正确：乱序把单点峰值摊薄到时间窗内；统计对齐/积分可重新聚拢能量，属于提高成本而非消除泄漏；乱序不改变中间值与秘密的相关性，归类为隐藏；增加轨迹后摊薄的峰值仍会统计显现。D乱序不改变取值分布，与掩码（改变数据表示）机理不同；E可乱序的粒度受实现结构限制（如仅在 16 个 S 盒之间乱序），实现与验证代价随粒度上升，不能任意选取。","shuffle乱序、隐藏、统计对齐"
"Y075","单选","侧信道攻击","扩展","评估某采用双轨预充电逻辑（WDDL）的实现时，发现标准单元综合后的功耗仍存在与数据相关的残余泄漏。最可能的技术原因是？","WDDL 的防护原理在数学上不成立，任何实现都无法压平功耗","标准单元库的原生门与双轨门的电气特性不一致，综合工具优化掉了部分双轨结构，且两轨布线负载不平衡，使翻转活动仍依赖数据","双轨逻辑的预充电相位引入了与密钥相关的新泄漏源，属于 WDDL 的固有缺陷","WDDL 只对电磁泄漏有效，对功耗泄漏不起作用","残余泄漏来自测量设备的本底噪声，与实现无关","","","B","B正确：WDDL 的实际效果强依赖实现质量——原生标准单元与双轨单元不匹配、综合优化破坏双轨结构、两轨布线不平衡，都会使翻转活动重新依赖数据，形成残余泄漏。A WDDL 压平活动因子的机理是成立的，问题在实现质量而非原理；C预充电相位本身与密钥无关，“固有缺陷”说法不成立；D WDDL 针对的就是功耗这类活动因子差异，对功耗同样起作用；E把残余泄漏归因于测量噪声会掩盖设计缺陷，残余泄漏是数据相关的、可重复的。","WDDL、双轨逻辑、实现质量"
"Y076","单选","侧信道攻击","扩展","云上多租户环境中，攻击者租用与目标虚机同物理核的另一个 vCPU，通过测量自身内存访问延迟推断目标虚机的缓存使用模式，进而推断其处理的加密数据。该攻击的正确归类与关键前提是？","这是故障注入攻击，前提是能够向目标虚机注入电压毛刺","这是时序侧信道攻击（Prime+Probe 类），关键前提是与目标共享同一物理核的缓存组资源，无需与目标共享内存页","这是远程网络计时攻击，前提是能够测量目标对外服务的响应时间","这是 Meltdown 类瞬态执行漏洞利用，前提是目标内核未部署 KPTI","这是电磁侧信道攻击，前提是能够在目标服务器机箱内放置近场探头","","","B","B正确：同物理核场景下的缓存组占用探测属于 Prime+Probe 类时序侧信道，其前提是共享缓存组这一微架构资源，不要求共享内存页。A攻击者没有施加任何物理扰动，归类错误；C该攻击测量的是本地内存访问延迟而非远程服务响应时间；D攻击没有利用越权访存与瞬态执行，与 Meltdown 机理不同；E该攻击纯软件测量，无需物理探头。","缓存侧信道、Prime+Probe、多租户"
"Y077","单选","侧信道攻击","扩展","某公有云为节约内存开启了内核同页合并（KSM），将不同虚机中内容相同的页合并为同一物理页（写时复制）。安全团队评估该配置对侧信道攻击面的影响，正确的结论是？","KSM 在合并前会对页内容做比对并加密存储，因此不会引入新的泄漏风险","KSM 只改变内存占用统计，页面访问行为不会体现在缓存时序上","KSM 的主要风险在于它会把多个虚机调度到同一物理核上，与缓存时序关系不大","页合并使不同租户可能共享同一物理页，攻击者可借助对该页的缓存命中/失效时序观测推断受害者是否访问过该页，攻击面因此扩大","合并页采用写时复制管理，读取操作不再经过 CPU 缓存，因而无法被观测","","","D","D正确：内存去重建立的跨虚机共享页使攻击者可用缓存时序探测受害者的页访问行为，是云内侧信道的真实放大因素。A合并的依据是内容相同，KSM 并不会对页内容加密，共享后缓存行为仍可被观测；B共享页的访问差异恰恰会体现在缓存时序中，“无关”正是误区；C KSM 的风险来源是共享物理页而非核间调度，归因错置；E共享读仍会经过 CPU 缓存，这种可观测性正是风险所在。","KSM、内存去重、云侧信道"
"Y078","多选","侧信道攻击","扩展","某网站后端的 RSA 私钥运算未采用恒定时间实现。安全工程师认为：“公网往返延迟的抖动远大于单次密钥运算的时间差，远程计时攻击在互联网上不可行。”以下哪些分析能够正确反驳这一结论？","若单次时间差小于网络抖动，则无论采集多少样本，信号在统计上都无法恢复","攻击者可以采集海量计时样本并进行统计处理（如取中位数、滤波），把淹没在噪声中的微弱信号提取出来","远程计时攻击针对的主要是登录校验类操作，RSA 等密码运算的密钥位并不反映在响应时间中","密钥相关分支与查表带来的时间差在重复受控请求下具有统计稳定性，并非每次随机变化","跨网络 RSA 计时攻击已有公开研究在真实网络环境中演示成功，噪声问题并未使其停留在理论层面","远程计时采集要求攻击者与服务器处于同一局域网，公网测量得到的样本不具备分析价值","","BDE","B、D、E正确：海量采样加统计处理是远程计时攻击对抗网络噪声的核心手段；受控重复请求下的时间差具有统计稳定性；跨网络 RSA 计时攻击有公开的真实环境演示。A亚噪声信号可通过大样本的平均与中位数统计收敛提取，“样本再多也无法恢复”正是被反驳的原结论；C密钥相关的分支、查表与缓存命中都会使 RSA 私钥运算的耗时差异体现在响应时间中；F远程计时攻击的定义就是跨网络实施，局域网要求与其攻击场景自相矛盾。","远程计时、统计提取、噪声对抗"
"Y079","多选","侧信道攻击","扩展","某机构在物理隔离（air-gap）机房部署签名服务器，安全团队评估非常规泄漏信道风险，以下哪些认识正确？","将服务器锁入标准金属机柜即可彻底阻断声学、光、电源传导等非常规泄漏信道","物理隔离并不能消除外场泄漏，声学、光、电源传导等信道在设备无网络连接的条件下依然存在","该威胁仅适用于消费级设备，采用服务器级硬件后自然免疫","与签名服务器共用 UPS 或配电线路的其他设备，可能通过电源/地线传导构成观测点","防御评估只需覆盖网络层出口，物理外场信道不属于侧信道评估范畴","评估范围应包含维修区、访客区等允许手机进入的区域，因为数十厘米级的麦克风采集已足以构成威胁","","BDF","B、D、F正确：外场信道不依赖网络连接，air-gap 环境恰恰是这类信道的主要威胁场景；共用供电与接地链路是跨设备电源分析的典型观测条件；允许手机进入的区域在数十厘米采集尺度内即构成现实威胁路径。A标准机柜对声学传播、电源线传导等信道的遮挡有限，“彻底阻断”不成立；C泄漏源于物理元件行为与运算的相关性，服务器级硬件同样存在该风险；E非常规外场信道正是侧信道评估的组成部分，仅看网络出口属于范畴遗漏。","air-gap、声学泄漏、电源传导"
"Y080","单选","侧信道攻击","扩展","某智能卡的 AES 实现采用一阶掩码防护，纯功耗分析在实验室可采集的轨迹量内无法恢复密钥；该卡在正常流程中会接受来自读卡器的指令流。攻击者最典型的组合攻击路径是？","在正常状态下把功耗采集量翻倍，掩码防护随轨迹数增加自然失效","注入故障产生错误密文后，离线穷举整个密钥空间","组合攻击要求故障注入与功耗采集在同一时刻、同一位置进行，先后实施则攻击不成立","先用故障注入迫使卡片直接输出明文密钥，再用功耗采集做验证","通过故障注入干扰掩码刷新逻辑，使内部中间值短暂退化为无掩码状态，再以少量功耗轨迹完成密钥恢复","","","E","E正确：先以故障打掉掩码刷新使防护失效，再以低轨迹数的功耗分析完成恢复，正是“故障降防护、侧信道收尾”的教科书式组合。A一阶掩码的防护优势体现为轨迹需求的量级提升，简单翻倍采集量不能使其失效；B这是对差分故障分析的曲解，错误密文分析靠正误密文差分缩小候选而非全空间穷举；C典型的组合是先故障后采集的时序配合，同时同地并非必要条件；D故障注入不会使设备直接吐出密钥，这夸大了故障注入的能力边界。","组合攻击、掩码、故障注入"
"Y081","单选","侧信道攻击","扩展","某评估机构对一款智能卡的 AES 软件实现开展完整评估。表征筛查阶段，TVLA 在 S 盒输出对应时刻检出显著泄漏（t 峰值 7.8）；进入攻击实施阶段后，CPA 采集 1 万条曲线未能恢复密钥。按照评估流程，此时最恰当的处理是？","以 TVLA 阳性等效于“密钥已泄露”，跳过攻击验证直接出具不通过结论","用同一 CPA 配置反复重跑直至恢复密钥，在此之前不出具任何报告","认定 TVLA 结果属于误报，删除该段数据后出具“无泄漏”结论","以 CPA 未成功为准，直接出具“该产品无风险”的结论，不必附加条件","保留筛查结论并回到攻击实施环节，调整泄漏假设、对齐方式与样本量继续验证；若仍未成功，报告中写明“存在泄漏迹象，本次攻击条件下未恢复密钥”","","","E","E正确：表征筛查负责确认泄漏并指明攻击面，攻击实施负责验证可利用性，攻击未成功时应给出条件性结论而非二值判定。A把“存在泄漏”混同为“密钥已泄露”，表征与攻击不可互相替代；B评估可基于既定条件出具结论，并不以“必须恢复密钥”为前提；C无依据把显著阳性归为误报，表征结果应保留并进入报告；D攻击失败不等于无风险，且不加条件的结论无法被正确解读。","评估流程衔接、条件性结论"
"Y082","多选","侧信道攻击","扩展","某实验室在不知道芯片内部实现的情况下，对固定密钥下的固定明文组与随机明文组功耗曲线执行 TVLA，样本 10 万条时某时间点 t 峰值达 6.1，超过常用阈值 4.5。以下解读正确的有？","该结果提示存在与敏感中间值相关的泄漏迹象","说明该时间位置的偏差在当前采集条件下具有很强的统计显著性","t 值超过阈值即表明密钥已被实际恢复，可出具密钥泄露结论","若换一批新采集的数据后 t 峰值低于阈值，即可断言该芯片不存在任何泄漏","该阳性结果为后续 DPA/CPA 指明了值得优先关注的时间位置","t 峰值 6.1 意味着约 6.1 比特的密钥信息已经泄露","","ABE","A、B、E正确：超过阈值正是“存在与密钥相关泄漏”的判定依据；t 值远超阈值反映该位置泄漏在当前条件下统计显著性很强；t 曲线峰值位置为攻击实施提供时间窗口参考。C TVLA 只回答“是否存在泄漏”，不执行密钥恢复；D单批数据未超阈值可能受样本与条件影响，不能反推“不存在任何泄漏”；F t 统计量与泄露信息量（比特数）之间不存在这种换算关系。","TVLA阳性解读、t值含义"
"Y083","单选","侧信道攻击","扩展","评估中，随样本量从 1 万条逐步增加到 5 万条，某时间点的 t 值从 2.1 单调上升到 4.2，尚未超过阈值 4.5。评估人员下一步应如何处理？","4.2 低于 4.5，直接判定该点不存在泄漏并继续其他点位测试","该单调上升趋势提示泄漏很可能真实存在，应继续增大样本量，观察 t 值是否稳定超过阈值","立即判定该点存在泄漏，并据此宣布密钥已经泄露","将判定阈值临时放宽到 4.0，使本次结果达到“检出”标准","只保留前 1 万条数据出具报告，使结果不再接近阈值","","","B","B正确：t 值随样本量增长是真实泄漏的典型表现，应扩充样本继续验证。A忽略趋势信息，在差距小且趋势强时不能把“未超阈值”直接当作阴性；C趋势不等于检出，更不能由 t 检验直接跳到密钥泄露；D修改阈值迁就结果属于操纵检验，破坏判定标准一致性；E挑选数据让结论好看是严重的评估不规范行为。","t值趋势、样本量递增"
"Y084","多选","侧信道攻击","扩展","评估中发现：甲产品存在显著一阶泄漏，CPA 用 8 万条曲线恢复出密钥；乙产品同样检出泄漏，但采集 500 万条曲线仍未恢复密钥。以下判定意见正确的有？","乙产品既然检出泄漏，就等于密钥可以恢复，必须判不通过","判定应把攻击成本（条数、设备、时间）纳入考量，而不是只看“是否检出泄漏”","只要最终判定为“通过”，报告中可以不提已经检出的泄漏","甲产品应判不通过；乙产品应写明“存在泄漏、本次条件下攻击未成功”，并结合攻击代价综合评级","两者都检出泄漏，应给出完全相同的不通过结论","甲产品的报告应写明恢复密钥所需条数（8 万条），作为风险量化依据","","BDF","B、D、F正确：判定的意义在于给出残余风险，攻击成本是必要维度；“实际恢复密钥”与“存在泄漏但代价高”是两类结论，评级应当区分；恢复密钥所需条数是衡量攻击代价与残余风险的关键数据。A检出泄漏只说明存在攻击面，不等于密钥可恢复；C已检出的泄漏属于必须披露的发现，隐去属于报告失实；E忽视攻击代价差异，把“存在泄漏”与“可实际恢复”混为一谈。","判定与攻击代价、两类结论"
"Y085","单选","侧信道攻击","扩展","某款通过 CC EAL5+ 认证并规模出货的安全芯片，上市两年后被研究团队发表论文演示了一种新的侧信道攻击方法，可在实验室条件下恢复部分密钥信息。管理层讨论该事件与证书的关系，正确的说法是：","论文结果与证书矛盾，因为通过 EAL5+ 认证的产品已被证明无法被攻破","评估机构存在失职，渗透测试本应预见到该方法并在认证时加以排除","认证是特定时点的结论：按认证时设定的条件未发现可利用的脆弱性，但不担保对评估后新出现的攻击方法免疫","证书立即自动作废，已出货产品必须全部召回并更换","该事件说明 EAL 等级对产品安全没有参考价值，后续选型无需再考虑认证情况","","","C","C正确：认证是时点性、限定条件下的结论，不等于终身免疫声明。A把认证理解为“无漏洞、不可攻破”的担保，是常见误区；B渗透测试受攻击潜力与时限约束，无法预见并排除评估后新出现的全部方法；D认证体系不存在“被攻击即自动作废召回”的机制，后续按证书维护与再评估程序处理；E因噎废食，认证结论仍是选型时的重要保证依据。","CC认证、时点性与边界"
"Y086","多选","侧信道攻击","扩展","某通过 AVA_VAN.4 渗透评估的支付芯片上市后，客户提出：“产品已通过高攻击潜力渗透评估，后续是否无需再投入侧信道与故障注入相关的防护与分析资源？”厂商回复中正确的有：","渗透评估结论对应评估设定的时间、专业知识与设备条件，超出该设定的攻击方式不在其保证范围内","应对公开的新攻击方法进行攻击潜力分析，判断其是否超出认证时的评估设定，并据此评估产品实际风险","认证结论不能替代产品在具体应用场景中的风险处置，防护资源投入应结合产品威胁模型决策","AVA_VAN.4 已覆盖评估后新出现的攻击方法，客户无需再保留相关分析能力","渗透评估只用于约束评估机构的活动，与产品自身防护机制的设计和验证无关","若某公开攻击未在评估中尝试，可能因其所需攻击潜力超出该等级的评估设定，厂商仍应自行分析其影响","","ABCF","A、B、C、F正确：渗透结论的适用范围以限定条件为前提；新攻击应通过攻击潜力分析对照评估设定来判断影响；认证是通用保证基线，场景化风险处置仍需产品自身威胁模型支撑；未尝试可能源于超出评估设定，但不能据此认定该攻击无效或产品免疫。D把时点性结论当作对未来攻击的全覆盖，属于典型误区；E渗透评估恰恰是对产品防护机制有效性的对抗性检验，两者直接相关。","AVA_VAN、渗透结论工程应用"
"Y087","单选","侧信道攻击","扩展","某项目采购的 EAL5+ 安全芯片到货验收时，工程师发现芯片内固件版本比认证证书所列版本新了两个补丁号，厂商解释“仅修复非安全相关缺陷，认证仍然有效”。验收人员正确的做法是：","接受厂商解释，补丁号变化不属于版本变化，证书自动覆盖所有补丁版本","要求厂商提供版本差异分析，确认交付版本仍在认证覆盖范围内，或对差异部分补充评估","拒收该批产品，认证版本一旦发生变化证书即告作废，只能等待重新认证","要求厂商出具更高 EAL 等级的新证书，用等级提升覆盖版本差异","仅核对外包装标签与装箱单一致即可，固件版本属于厂商内部信息，与认证无关","","","B","B正确：交付版本与认证版本的一致性需通过差异分析确认，超出范围应补充评估。A补丁同样可能改变 TOE 的安全行为，版本号变化不能默认被证书覆盖；C证书并非变更即作废，存在差异分析与维护评估的处理路径；D等级高低与版本差异是否受控是两个维度，提升等级不能替代一致性确认；E固件版本正是评估边界的关键参数，放弃核查等于放弃对认证状态的确认。","认证版本一致性、验收核查"
"Y088","多选","侧信道攻击","扩展","某公司三条产品线分别计划进入以下市场：①国际银行卡支付；②北美市场的密码模块采购；③通用 IT 平台的安全芯片。关于各产品线应重点对标的认证，正确的有：","通用 IT/智能卡安全芯片通常对标 CC，常见目标为 EAL4+/EAL5+ 档位","EMVCo 认证只审查卡片外观与机械特性，不涉及侧信道等攻击场景","三个体系的评估对象、边界与侧重各不相同，证书之间不能简单等价互换","取得 FIPS 140-3 证书后即视同满足国内商用密码检测要求，无需另行申请","银行卡支付类产品通常还需满足 EMVCo 安全要求，不能仅凭 CC 证书投标","面向北美密码模块采购的产品线，通常对标 FIPS 140-3 认证","","ACEF","A、C、E、F正确：智能卡/安全芯片领域通行以 CC EAL4+/EAL5+ 证明平台安全；三个体系的评估对象与侧重各不相同、证书不能等价互换；银行卡支付还需满足含侧信道与故障注入要求的 EMVCo，仅凭 CC 证书不够；北美密码模块采购通常对标 FIPS 140-3。B EMVCo 明确包含侧信道与故障注入方面的安全要求，远不止机械外观；D两个体系边界与要求不同，取得其一不代表满足另一。","认证体系、CC/EMVCo/FIPS定位"
"Y089","单选","侧信道攻击","扩展","工程师用磁场探头对片内一条高阻信号线的电压跳变泄漏做定位，发现信号远弱于预期且扫描图杂乱。最可能的原因与改进方向是：","磁场探头对电流环路敏感，对高阻电压节点泄漏的耦合效率低，应改用电场探头采集","主要原因是磁场探头灵敏度不足，更换灵敏度更高的磁场探头即可显著改善","说明该区域不存在真实泄漏，应放弃对这颗芯片的 EM 侧信道分析","图像杂乱主要由运动台步进误差引起，与探头类型的选择无关","应改用直径更大的磁场探头，探头尺寸越大对电压节点越敏感","","","A","A正确：高阻电压节点的泄漏以电场为主，磁场探头耦合效率低，换用电场探头与泄漏源性质匹配。B问题出在耦合机理不匹配而非灵敏度，更灵敏的磁场探头仍难以有效拾取电压节点信号；C信号弱更可能是探头选型不当，不能据此断定无泄漏；D步进误差影响图像质量，但本例首要矛盾是探头类型与泄漏源不匹配；E探头尺寸不改变其对场类型的敏感性，加大磁场探头无助于电压节点采集。","EM探头、类型与泄漏源匹配"
"Y090","多选","侧信道攻击","扩展","团队首次对一块面积较大的加速板卡做 EM 泄漏热点定位，板卡布局资料不完整。关于探头尺寸的使用策略，下列安排合理的有：","先用尺寸较大的探头对整板做快速粗扫，依靠其较强的信号圈定热点的大致区域","在粗扫圈定的热点区域内换用小探头做精细扫描，把泄漏定位到具体模块","为省去两步流程，直接用最小尺寸探头对整板做一次高分辨率扫描","全程固定使用大探头，因其信号强，定位精度足以满足模块级要求","小探头信号偏弱，精细扫描阶段可增加每点的采集次数以改善信噪比","大探头粗扫结果已包含小探头的空间信息，精细扫描属于重复劳动","","ABE","A、B、E正确：大探头信号强，粗扫效率高，适合先圈定热点区域；小探头空间分辨率高，适合在热点区域内做模块级精细定位；增加采集次数是补偿小探头信噪比损失的常用手段。C小探头扫整板耗时极大且逐点信噪比差，不是合理的一次性方案；D大探头会平均化多个泄漏源的空间信息，无法满足模块级定位精度；F大探头粗扫恰恰损失了精细空间信息，精细扫描提供的是它不具备的定位细节。","EM探头尺寸、两步扫描"
"Y091","单选","侧信道攻击","扩展","用步长 200 μm 扫描 10 mm×10 mm 区域约需 1 小时。其他条件不变，步长改为 100 μm 扫描同一区域，最可能的结果是：","约 2 小时，扫描耗时与步长成反比","约 4 小时，两个方向的扫描点数都翻倍，总点数变为原来的 4 倍","基本不变，扫描耗时只取决于区域面积","约 8 小时，扫描点数变为原来的 8 倍","无法估计，扫描耗时与步长设置之间没有确定的对应关系","","","B","B正确：步长减半使每个方向的点数翻倍，总点数与耗时按平方关系变为约 4 倍。A耗时并非与步长成简单反比，x、y 两个方向的点数同时增加；C区域面积虽不变，但点数由步长决定，耗时随之显著变化；D步长减半对应 2×2=4 倍点数，8 倍没有计算依据；E耗时与步长之间存在确定的平方关系，是可以估算的。","EM扫描、步长与耗时"
"Y092","多选","侧信道攻击","扩展","工程师注意到，在同一位置仅改变 EM 探头相对芯片的角度，采集到的信号幅度发生明显变化。下列分析或做法正确的有：","采集全程应保持探头姿态一致，避免旋转或倾斜破坏各点位、各轮次数据间的可比性","探头位置固定后，姿态差异对信号的影响可以忽略","可以利用姿态的方向性，尝试不同角度寻找泄漏信号更强的取向","角度引起的幅度差异说明此前采集不可信，应放弃 EM 采集改做功耗分析","探头姿态决定拾取的方向性，同一位置不同角度耦合到的场分量不同","姿态方向性只存在于磁场探头，电场探头的拾取特性与角度无关","","ACE","A、C、E正确：姿态是拾取条件的一部分，全程保持一致才能保证点位间与轮次间的数据可比；方向性意味着存在信号更强的取向，尝试不同角度是合理的优化手段；探头拾取具有方向性，角度决定耦合到的场分量强弱。B姿态改变耦合的场分量，幅度明显变化正说明其影响不可忽略；D幅度随角度变化是正常物理现象，通过固定姿态即可控制，不必放弃 EM 采集；F两类探头都有方向性，姿态对电场探头同样有影响。","EM探头姿态、方向性"
"Y093","单选","侧信道攻击","扩展","实验室为功耗侧信道差分分析选购采集卡，目标信号带宽约几十 MHz、幅值较小。备选两款价位相近的产品：甲卡为 2.5 GSa/s、8-bit（ENOB 约 6-bit）；乙卡为 500 MSa/s、12-bit（ENOB 约 10.5-bit），两者模拟带宽均覆盖信号频段。应选哪款、理由是什么？","选甲：采样率越高，记录到的高频细节越多，对差分分析总是有利","选甲：泄漏信号幅值较大，8-bit 分辨率完全够用，采样率才是关键","选乙：信号带宽远低于乙卡采样率对应的奈奎斯特极限，且更高的有效位数更有利于分辨小幅泄漏","选乙：采样定理只要求采样率恰好等于信号带宽的两倍，超出部分没有意义","选甲：两卡的分辨率差距可以靠后端软件插值弥补，采样率优势才是决定性的","","","C","C正确：模拟带宽覆盖、采样率留足裕量的前提下，有效位数是分辨微弱泄漏的关键。A是“采样率越高总是越好”的误区，采样率远超信号需求而分辨率不足时，多余采样点并不能提升小信号的可分辨性；B侧信道泄漏幅值通常较小，8-bit 且 ENOB 更低时小信号只占少数量化位，高采样率无法弥补；D采样定理要求采样率大于信号带宽两倍并留裕量，“恰好等于”的理解不准确；E软件插值只能平滑已有量化数据，无法恢复被量化舍去的幅值细节。","采集卡选型、采样率与ENOB"
"Y094","多选","侧信道攻击","扩展","8-bit 采集卡满量程 ±1 V，探头输出的功耗信号幅值仅约 10 mV。团队讨论是否在前端增加放大器，下列说法正确的有：","在采集前放大，可使信号占用更多量化位，比采集后用软件放大获得更高的有效分辨率","只要增益足够高，已经被量化损失掉的幅值细节可以重新恢复出来","放大器在放大信号的同时也放大噪声，增益并非越大越好，应按满量程与噪声水平折中","增益的选择只取决于信号是否被放大得足够大，与采集卡的量程无关","放大器自身带宽需覆盖泄漏信号频段，否则泄漏成分在放大环节就被衰减","前端放大可有可无，只要采样率足够高，不放大也不影响对微弱泄漏的分辨","","ACE","A、C、E正确：采集前放大发生在量化之前，能让小信号利用更多量化位，采集后的软件放大只是缩放已量化数据、不增加有效位数；放大与噪声同增，增益应结合满量程利用率与噪声水平折中选择；放大器带宽不足会衰减泄漏频段成分，选型时需与信号频段匹配。B量化损失发生在采集时刻，事后的高增益无法恢复已丢失的幅值细节；D增益必须与采集卡量程匹配，脱离量程谈放大倍数会导致欠量程或削顶；F 10 mV 信号在 ±1 V 量程下只占用极少量化位，不放大将显著削弱微弱泄漏的分辨，采样率无法弥补幅值分辨率不足。","前端放大、有效分辨率"
"Y095","单选","侧信道攻击","扩展","分析一批功耗轨迹时发现：逐条查看能看到加密操作对应的泄漏特征，但做逐点差分统计后，泄漏位置的峰值被明显削弱、曲线趋于平缓。最可能的原因是：","泄漏成分被采集卡前端完全衰减，未能记录进数据","采集卡垂直分辨率不足，泄漏幅值信息在量化时丢失","属于正常统计涨落，继续增大轨迹数量后会自然消失","各轨迹与加密操作的相对时刻存在随机偏移，逐点统计时泄漏点被错位抹平","轨迹数量过多，统计平均反而引入了泄漏相互抵消的效应","","","D","D正确：单条轨迹有泄漏而统计后被抹平，正是轨迹间时间错位（触发抖动或未对齐）的典型表现。A若泄漏未被记录，单条轨迹中也不应观察到泄漏特征，与题干现象矛盾；B分辨率不足会同样影响单条轨迹的可观察性，无法解释“单条可见、统计后抹平”；C系统性错位导致的抹平不会随轨迹增多消失，统计涨落反而应随轨迹数增大而减小；E增加轨迹数量只会降低统计误差，不会引入泄漏抵消效应。","触发对齐、错位症状诊断"
"Y096","多选","侧信道攻击","扩展","为开展差分分析采集一批功耗轨迹，下列样本管理做法必要的有：","明文使用固定值即可，中间值缺失的随机性可由分析软件建模弥补","明文采用随机序列，使中间值分布满足统计分析的分组假设","通信出错等异常轨迹一并保留参与统计，样本数量更多、结果更稳妥","芯片复位或通信错误的轨迹应剔除，避免异常功耗污染统计","明文序列可在采集结束后按任意顺序指派给各条轨迹，只要总数一致","每条轨迹与对应的明文/密文在采集时同步记录","","BDF","B、D、F正确：随机明文使中间值分布随机化，是差分与检验类统计分析成立的前提；复位或通信错误轨迹的操作被中断，应剔除以免污染统计；轨迹与明文/密文的对应关系必须在采集时同步形成，是后续分组统计的前提。A固定输入下中间值在所有轨迹中相同，软件建模无法制造采集中不存在的随机化；C异常轨迹的功耗不对应目标操作流程，保留会稀释甚至扭曲统计结果，并非更稳妥；E明文与轨迹的配对是采集时形成的事实，事后指派会破坏对应关系。","样本管理、随机明文与异常剔除"
"Y097","单选","侧信道攻击","扩展","某银行拟发行同时支持接触式与非接触式接口的双界面银行卡。安全评审阶段，关于该卡攻击面的下列判断，正确的是：","双界面卡的攻击面是接触式与非接触式两类接口攻击面的叠加，两类接口各自面临的攻击路径都需要纳入评估","非接触接口使卡片摆脱了物理接触要求，因此整体攻击面相比纯接触式卡片有所减小","两个接口共享同一颗芯片和同一套密钥，攻击面相比单接口卡片反而约缩小一半","两个接口共享同一颗芯片，任一接口达到的防护水平即为另一接口的防护水平，无需分别评估","攻击者必须同时攻破两个接口才能得手，因此双界面卡的安全约是单接口卡的两倍","","","A","A正确：双界面卡兼具两种接口，攻击面为两者之和，需分别评估。B摆脱物理接触改变的是接触方式，接口并存只会扩大攻击面而非替代缩小；C共享芯片与密钥不减少攻击面，反而意味着两条路径通向同一套资产；D两接口的信号采集条件与攻击路径不同，防护水平不能互相代表；E两接口独立可达，“双倍安全”是典型误解。","智能卡演进、双界面攻击面"
"Y098","多选","侧信道攻击","扩展","某型号支付芯片被研究人员披露存在可被差分故障分析（DFA）利用的实现缺陷，该型号已发行数亿张。从支付行业的安全逻辑出发，下列推断合理的有：","由于单张卡的单笔交易限额较低，该缺陷的实际影响可以忽略，无需安排换卡或升级","该事件会推动后续芯片在设计中就引入故障注入防护，例如异常电压/频率传感器与关键运算的冗余校验","发卡量大意味着同一实现缺陷可能同时作用于海量账户，这正是支付行业对芯片安全要求苛刻的重要原因","该缺陷属于实现层问题，说明密码算法安全不等于卡片安全，实现层防护同样必须满足标准要求","只要密码算法本身没有被破解，故障攻击就得不到可利用的中间结果，无需修改设计","此类事件通常会成为防护与标准升级的输入，推动把这类故障攻击纳入后续认证评估的范围","","BCDF","B、C、D、F正确：缺陷事件反哺设计阶段的故障防护引入；海量发卡放大单缺陷影响，是行业强要求的重要驱动；算法安全与实现安全相互独立，实现层也须达标；泄露事件推动防护与认证评估范围更新。A影响面应按账户规模衡量，低单笔限额无法抵消批量利用的风险；E DFA 恰恰利用正确算法实现中的故障响应恢复密钥，算法未破解不代表攻击无效。","支付卡、DFA事件与行业驱动"
"Y099","单选","侧信道攻击","扩展","某运营商在宣传材料中称“启用 eSIM 后，用户凭证被克隆的风险已彻底消除”。从安全评估角度，对该结论的正确评价是：","正确，eSIM 没有实体卡形态，不存在任何克隆途径","正确，克隆攻击只能发生在实体卡的分发与零售环节","不正确，eSIM 减少的是实体卡分发环节的克隆风险，但写入凭证的芯片一旦被物理攻破，克隆风险与传统 SIM 相同","不正确，eSIM 的克隆风险高于实体卡，因为远程下发使凭证在传输中暴露面更大","不正确，克隆风险与卡片形态无关，主要取决于运营商网络侧的风控策略","","","C","C正确：准确区分“分发环节风险减少”与“物理攻破后克隆风险不变”两个层面。A形态改变不等于克隆途径消失；B芯片被物理攻破后同样可被克隆，风险不限于分发环节；D远程通道有认证与加密保护，暴露面更大的说法缺乏依据；E卡片形态与分发模式影响克隆风险，并非只由网络风控决定。","eSIM、克隆风险边界"
"Y100","多选","侧信道攻击","扩展","某学生在课程报告中总结智能卡防护演进，写下如下论断，其中与实际演进脉络相符的有：","“早期依靠算法保密的路线被否定后，防护设计转向假设攻击者掌握算法并能测量功耗、电磁等物理泄露的威胁模型。”","“1990 年代末 SPA/DPA 公开是重要转折点，随机时钟、随机电流等隐藏措施与一阶掩码都是对其的工程响应。”","“2000 年代起，防护对象从分析型攻击扩展到故障注入与探测，出现了传感器、冗余、顶层金属网格与有源屏蔽等措施。”","“成熟的防护技术应当保持稳定，历次防护更新主要由芯片厂商的产品节奏决定，与攻击设备成本的变化关系不大。”","“现代安全 MCU 集成多传感器、掩码、双轨与抗探针等多种措施，说明单一防护已不足以应对现代攻击能力。”","“掩码技术成熟后，隐藏类措施已被完全取代，现代产品中不再包含任何隐藏措施。”","","ABCE","A、B、C、E正确：威胁模型从算法保密转向公开算法加物理泄露是演进的起点；DPA 公开催生隐藏措施与一阶掩码；2000 年代扩展至故障与探测防护；多措施集成反映单一防护不足以应对现代攻击。D演进恰由攻击能力（设备成本下降）的变化驱动，与产品节奏关系不大；F隐藏措施仍在现代产品中与掩码配合使用，并未被完全取代。","智能卡防护演进、脉络辨析"
"Y101","单选","侧信道攻击","扩展","评审会上有工程师提出：“给支付网关服务器启用 CAT、把卡号处理服务划入专属 CLOS 后，缓存里的敏感数据就有了机密性保护。”对 CAT 能力边界准确的澄清是？","CAT 会对专属 CLOS 内的缓存行透明加密，其他 CLOS 的负载即使探测到也读不出明文","CAT 只是把该 CLOS 可分配的 LLC 容量限定在指定位图内，使跨 CLOS 的缓存冲突与逐出干扰大幅减少，缓存行内容本身没有任何加密或机密性保护","CAT 会给专属 CLOS 的缓存行打上特权标记，低权限代码的访问在页表检查阶段即被拦截","CAT 属于纯固件能力，旧版操作系统不经适配即可把任意进程指派到指定 CLOS","CAT 划分粒度可细到单条缓存行，因此可以为不同服务精确切分任意容量的缓存","","","B","B正确：CAT 的本质是按 CLOS 的容量位图做分配限制，效果是干扰减少而非内容机密。A CAT 不加密缓存内容，加密不属于其能力范围；C CAT 作用在缓存分配面而非权限/页表面，不存在特权标记拦截机制；D CAT 需要平台与操作系统两侧支持才能把负载归入指定类别；E划分粒度按 class 与容量位图，做不到行级任意切分。","CAT、缓存分区、能力边界"
"Y102","多选","侧信道攻击","扩展","某云宿主机为收敛跨线程侧信道而禁用 SMT（超线程）。关于该措施的作用与边界，正确的有？","同一物理核上两个逻辑线程共享一级缓存与执行单元所构成的跨线程信道，随 SMT 关闭而消除","L1TF/MDS 这类以同核超线程为主要放大面的跨线程泄露路径被显著收窄","跨物理核经共享 LLC 的冲突信道不在该措施的覆盖范围内，仍需缓存分区、核绑定等其他手段","禁用 SMT 会改变程序的计算结果，上线前必须对每个应用重做功能正确性验证","禁用 SMT 属于无代价的安全增强，主机吞吐不受任何影响","禁用 SMT 后，被调度到同一物理核上的两个进程仍会共享该核的一级缓存","","ABC","A、B、C正确：SMT 关闭后同核双线程不复存在，共享 L1 与执行单元形成的通道随之消除；L1TF/MDS 跨线程泄露路径明显收窄；跨核 LLC 信道不依赖同核共享，属该措施边界之外。D SMT 只影响吞吐不影响计算语义，无需功能正确性回归；E吞吐下降（典型 10%-30%、负载相关）是该措施的固有代价；F SMT 关闭后每个物理核同一时刻只运行一个线程。","SMT、L1TF/MDS、缓解边界"
"Y103","单选","侧信道攻击","扩展","攻防复盘会上，团队讨论 Ledger Donjon 2026 年公开对 TROPIC01 安全芯片开展激光故障注入（LFI）研究这一事件对行业的意义。下列结论中最恰当的是？","公开揭示 LFI 的实际影响并推动厂商修复，透明评估促进了行业的设计改进","该芯片既然已被公开研究，说明开源安全芯片路线整体失败","该芯片存在不可修复的缺陷，相关产品应当全部停用","研究团队的目的是窃取用户资产，此类研究只会为攻击者提供便利","安全评估只能由芯片厂商内部完成，外部研究不受厂商欢迎","","","A","A正确：公开揭示影响、推动修复、促进设计改进正是公开攻防的行业正向价值。B单一芯片被研究推不出整个技术路线失败，属于过度解读；C研究推动厂商修复，说明问题可治理而非不可修复；D研究团队的目标是推动安全改进而非窃取资产；E该事件恰恰表明厂商欢迎并受益于外部透明评估。","Ledger Donjon、TROPIC01、公开评估"
"Y104","多选","侧信道攻击","扩展","某机构拟批量采购硬件钱包用于冷签名，安全团队编制采购风险评估清单，要求覆盖“攻击者可获得设备并供电操作”威胁模型下的公开攻击谱系。下列哪些风险项应纳入清单？","私钥经互联网被远程窃取应列为清单的首要风险项","设备在物流与二手流转环节被替换或植入篡改固件的风险","攻击者取得设备后借助电压毛刺或侧信道提取密钥材料的风险","助记词抄写保管得当即可豁免对设备本体攻击的评估","评估仅需覆盖开机 PIN 的穷举难度，其余物理攻击超出采购评估范围","固件被诱导降级至含已知漏洞旧版本的风险","","BCF","B、C、F正确：供应链篡改是威胁模型内的公开攻击环节；毛刺与侧信道提取种子是已公开的本地攻击手段；固件降级属于公开攻击谱系，应纳入清单。A远程网络窃取不属于该设备威胁模型的核心风险；D用户侧保管措施不能替代对设备本体的攻击评估；E PIN 只是辅助防线，以此限定评估范围属于误区。","硬件钱包、威胁模型、攻击谱系"
"Y105","单选","侧信道攻击","扩展","某款电子居住证的芯片防护方案只配置了 BAC/PACE 访问控制，未包含抗物理攻击的加固与评估。方案方解释：“读取必须先通过 PACE 口令协商，攻击者就算把芯片拆出来，没有口令也读不出任何内容，物理加固可以省去。”该解释的问题在于？","PACE 只在口岸专用查验设备与证件之间生效，酒店、租车等民用读卡器无法执行 PACE，证件在这些场景必然泄露","访问控制只在协议层面约束读取入口，能拆解芯片的攻击者可用微探针直读存储、用故障注入绕过校验，直接提取用于证明真伪的密钥并克隆证件——口令约束不了物理手段","居住证这类证件没有对应的国际标准与保护轮廓，物理防护无据可依，确实可以省去","拆封过程会损毁芯片电路，攻击者无法再从芯片读出数据，方案结论成立，只需把理由改为封装不可逆即可","物理加固与访问控制在评估标准中属于同一保障组件，二者不能分别裁剪，方案不合规是程序问题而非能力问题","","","B","B正确区分协议层与物理层：物理攻击绕开协议接口直接作用于电路，提取密钥后访问控制全部失效。C属“证件无国际标准”误区，ICAO Doc 9303 与基于 CC 的证件保护轮廓已构成基准；D低估了半侵入/非破坏攻击手段，开盖读取与故障注入可在不损毁功能的前提下完成；E能力边界错误，访问控制与抗物理攻击在评估体系中分属不同保障组件，本就可分别裁剪选择。","电子证件、PACE、访问控制与物理防护"
"Y106","多选","侧信道攻击","扩展","某车企为旗舰车型规划网关 ECU：芯片保存车云通信根密钥、负责 OTA 镜像验签，整车的解锁与启动授权报文也经它转发。定义该 ECU 的芯片级防护包时，下列哪些项应当纳入？","安全启动：上电后逐级校验固件签名，校验不通过不放行执行","调试口管控：JTAG/SWD 量产后熔断关闭，或改为需车内安全模块鉴权才能解锁","毛刺防护：对电压毛刺、时钟毛刺类故障注入具备检测与抵御设计","密钥存储：车云根密钥置于片上 HSM/SHE 安全边界内，不以明文出现在外部存储","将根密钥加密后存放在外部 SPI Flash，运行时解密到应用核内存中使用","安全启动通过后保持调试口可用，以便售后人员快速定位现场故障","","ABCD","A、B、C、D正确：安全启动保证固件完整性；调试口是物理攻击的首选入口，量产必须熔断或鉴权管控；故障注入可扰动安全启动判断需专门防护；根密钥必须处于硬件安全边界内。E明文密钥进入应用核内存后可被物理读取与软件漏洞窃取；F保留开放调试口等于给攻击者留下最高权限通道，售后诊断应走受鉴权的专用机制。","汽车ECU、防护组合、EVITA"
"Y107","单选","侧信道攻击","扩展","规划指纹支付链路时，需要确定指纹模板的存储位置与比对执行位置。符合支付级分层防护要求的方案是？","模板存放于 TEE 的安全存储中，录入与比对在 TEE 内完成，REE 侧仅获得“通过/不通过”的结果","模板加密后存放于 REE 文件系统，由 REE 应用完成比对，加密保证模板不泄露","模板与比对全部放入 SE，理由是指纹属于支付密钥同级资产，必须放在最强硬件","模板存放于云端服务器，支付时上传指纹特征进行远程比对","模板存于 TEE，但把比对结果通过明文接口提供给 REE，由 REE 支付应用决定是否放行交易","","","E","E正确（模板与比对都留在 TEE 内）：符合分层逻辑的是模板与比对都留在 TEE、REE 只拿结论的方案。A正是“指纹模板存 REE”误区，REE 被攻陷时比对瞬间模板以明文存在于内存；B错在把比对参考数据混同于根密钥级资产，且 SE 算力与存储有限；C远程比对引入网络暴露与离线不可用问题；D属半正确陷阱，模板虽在 TEE，但把放行决策权交给 REE，REE 被攻陷即可伪造放行结果。","指纹支付、分层防护、模板存储"
"Y108","多选","侧信道攻击","扩展","某电视 SoC 产品线规划 4K 流媒体播放的 DRM 方案（对标 Widevine L1 要求）：内容密钥的解密与使用已在 TEE 内完成。在“解密之后的音视频路径”上，还需要落实哪些防护？","将解密后的首帧数据缓存到普通内存供 REE 播放器渲染，可显著降低移植工作量","解密后的音视频数据经安全数据路径直达解码与输出单元，不以明文经过 REE 可访问的内存","屏幕录制与截屏接口对受保护帧实施拦截（录制黑屏或禁止），堵住系统侧采集入口","HDMI 等外部输出链路启用内容保护（如 HDCP 鉴权），防止输出环节被采集卡截获","由 REE 播放器对帧缓冲再做一层软件加密，防止截图工具读取画面","在解密后的明文帧上叠加可见水印，以水印替代安全数据路径的防截取设计","","BCD","B、C、D正确：安全数据路径保证解密后明文只在受保护通路内流动；系统侧录屏与截屏是最常见的采集入口，必须在框架层拦截；外接输出是“输出捕获”的最后环节，需链路内容保护配合封堵。A明文帧进入普通内存即暴露给 REE 内任意代码；E对已攻陷 REE 的攻击者无效；F水印属于溯源威慑手段，不能阻止采集行为。","DRM、Widevine L1、安全数据路径"
"Y109","多选","侧信道攻击","扩展","某团队计划用 CNN 替代人工选点的 CPA 流程，评估一款 AES 芯片的抗功耗分析能力。关于引入 DL-SCA 后分析流程的变化，下列说法正确的有？","单个密钥字节的恢复可建模为 256 类的分类问题，通过比较各类别置信度筛选候选密钥","网络可直接以较长片段的原始或轻预处理轨迹为输入，自动学习泄漏特征，明显减少人工选取 POI 的工作量","训练阶段必须在同一型号设备上以已知密钥采集大量带标签（已知明文与密钥）的功耗轨迹","采用 CNN 后，对齐、滤波等预处理在任何情况下都不会再影响攻击效果","CNN 可在没有标注数据的条件下，仅凭目标设备的在线轨迹自行完成训练并输出密钥","模型在训练集上分类准确率接近 100%，即可断定其对未知密钥目标设备的攻击必然成功","","ABC","A、B、C正确：自动特征学习、减少 POI 依赖正是 DL-SCA 相对传统方法的核心优势；同型设备的大量有标签轨迹是其前提条件；按字节候选构造 256 类输出并以置信度排序是 DL-SCA 的典型建模方式。D“任何情况下都不会”不成立，预处理仍会显著影响结果；E该说法混淆了剖析类与非剖析类攻击，DL-SCA 恰恰依赖带标签的训练阶段；F训练集准确率高可能只是拟合了训练数据，能否攻击未知密钥设备取决于泛化表现。","DL-SCA、ASCAD、剖析训练"
"Y110","多选","侧信道攻击","扩展","关于 DL-SCA 与传统侧信道分析的关系及其能力边界，下列认识正确的有？","DL-SCA 与 CPA 利用的是同样的物理泄漏，区别在于特征获取由人工假设与选点转为网络自动学习","网络结构足够先进时，训练数据的规模与代表性就不再重要","DL-SCA 需先在已知密钥的同型设备上完成剖析训练，再攻击未知密钥的目标设备，两个阶段的数据要求不同","充分训练的 DL 模型能够攻破任何掩码实现，其防护强度无需再单独评估","只要模型与训练流程足够好，即使设备不存在与密钥相关的物理泄漏，DL-SCA 也能恢复密钥","采集轨迹中的任何噪声都会使训练无法收敛，DL-SCA 因此只适用于无噪声的理想数据","","AC","A、C正确：DL-SCA 与 CPA 以同样的物理泄漏为基础，改变的只是特征获取方式；剖析训练与目标侧攻击是两个独立的数据采集过程。B训练数据的规模与代表性始终是 DL-SCA 成败的关键；D“能破解任何掩码实现”是典型误区，掩码防护强度仍需按其安全阶数单独评估；E若不存在与密钥相关的泄漏，任何方法都无法恢复密钥；F DL-SCA 在含噪声的真实采集条件下即可工作，噪声只影响所需轨迹规模。","DL-SCA、能力边界、掩码"
"Y111","单选","侧信道攻击","扩展","评估团队在与训练同批次的一块样片上训练了 CNN 剖析模型并验证有效；将其用于另一批次的量产芯片时，加密算法、示波器设置、轨迹条数与预处理流程均未改变，密钥恢复成功率却骤降。最应当优先考虑的原因是？","网络容量不足，应改用更深的网络重新训练后再测试","攻击轨迹条数偏少，成倍增加轨迹后成功率即可完全恢复","剖析模型原则上无法跨批次使用，任何训练都只在训练样本上有效","跨批次失效即证明训练流程有误，与批次差异无关","批次间工艺差异使训练集与目标芯片的功耗分布发生漂移，模型学到的特征失配","","","E","E正确：芯片批次、温度、电压等差异造成的训练/测试分布漂移正是“同条件设置下成功率骤降”的典型原因，应优先考虑。A模型在同批次样片上验证有效，说明容量足以表达该泄漏结构；B分布漂移导致的失配不是轨迹数量问题；C剖析模型通过数据覆盖、域自适应、微调等手段完全可以跨批次使用，“原则上无法”过于绝对；D跨设备泛化衰减是剖析模型的正常现象，不能倒推训练方法有误。","DL-SCA、泛化衰减、分布漂移"
"Y112","多选","侧信道攻击","扩展","某测评机构计划将仅覆盖传统统计分析的功耗评估流程升级，以应对可能采用 ML 的攻击者。下列做法正确的有？","评估在 ML 攻击场景下通过后，即可宣布该实现免疫所有侧信道攻击手段","报告中无需再区分防护措施的类别与机理，因为掩码实现同样可能被 ML 攻破","在攻击者模型部分写明是否纳入 ML 剖析攻击，并说明其训练数据与采集条件假设","对乱序、加噪等隐藏类防护的既有结论，补充 ML 攻击场景下的复核","“人工审阅轨迹未发现可辨识泄漏结构”不能直接作为抗 ML 攻击的证据","报告中出现“已考虑机器学习攻击”的表述即可，训练数据来源与规模等细节可以省略","","CDE","C、D、E正确：声明攻击者模型（是否含 ML）及其数据假设是评估报告的规范要求；ML 对隐藏类措施的鲁棒性更好，既有结论必须在 ML 场景下复核；ML 能利用人工难以察觉的特征，人工审阅结论不能等同于抗 ML 证据。A通过有限场景的评估只能给出限定条件下的结论；B报告应说明防护措施类别与机理；F缺少训练数据来源、规模与条件的报告无法复现也无法判断结论边界。","ML侧信道、评估流程、攻击者模型"
"Y113","单选","侧信道攻击","扩展","某实验室承接一款新型 AES 芯片的功耗侧信道评估，时间与算力均有限。关于 CPA 与 DL-SCA 的编排，最合理的做法是？","将两类方法的结论取交集作为最终结论，任何单一方法的成功都不足采信","直接使用 DL-SCA，因其能力上限更高，CPA 的结论对后续分析只会产生误导","仅使用 CPA 即可，因为两类方法成功条件完全相同，结论不会因方法而异","评估时间紧张时可跳过 CPA，因为 DL-SCA 的结论天然涵盖 CPA 能得到的全部结论","先以 CPA 快速评估；对 CPA 在合理轨迹数内无法攻破的高防护目标，再引入 DL-SCA 深入分析","","","E","E正确：先用计算轻、无需训练的 CPA 快速定性，再对高防护目标启用需要训练数据的 ML，符合工程实践的资源编排。A经密钥验证的单方法成功即可证明存在可利用泄漏，无需以“交集”作为采信条件；B完全跳过传统分析既浪费其低成本优势，也否定了 CPA 结果的参考价值；C两类方法成功条件并不相同，ML 的能力上限使其可能攻破 CPA 无法攻破的目标；D DL-SCA 依赖训练数据且并非在所有场景优于 CPA。","DL-SCA、CPA、评估编排"
"Y114","多选","侧信道攻击","扩展","产品线中一款低成本机顶盒没有 TEE，但需要接入同一 DRM 体系播放订阅内容。关于用白盒密码或外挂 SE 覆盖该设备，下列哪些说法成立？","在解密后的明文帧上叠加可见水印，以水印替代安全数据路径的防截取设计","解密后的音视频数据经安全数据路径直达解码与输出单元，不以明文经过 REE 可访问的内存","屏幕录制与截屏接口对受保护帧实施拦截（录制黑屏或禁止），堵住系统侧采集入口","HDMI 等外部输出链路启用内容保护（如 HDCP 鉴权），防止输出环节被采集卡截获","将解密后的首帧数据缓存到普通内存供 REE 播放器渲染，可显著降低移植工作量","由 REE 播放器对帧缓冲再做一层软件加密，防止截图工具读取画面","","BCD","B、C、D正确：安全数据路径保证解密后明文只在受保护通路内流动；系统侧录屏与截屏是最常见的采集入口；外接输出是“输出捕获”的最后环节。A水印属于溯源威慑手段，不能阻止采集行为；E对已攻陷 REE 的攻击者无效，REE 层软件措施保护不了帧缓冲；E（第二处）白盒与外挂 SE 正是为覆盖无 TEE 设备准备的组合手段，SE 方案下明文路径仍需配套防护。","DRM、安全数据路径、输出保护"
"Y115","多选","密码算法","扩展","安全团队调研“在密文上直接计算”的技术用于医疗数据分析合规项目，形成以下认识。其中正确的有？","FHE 天然抗量子且无性能代价，可立即全面替代 TLS 与对称加密","部分同态加密（如 Paillier 支持加法、RSA 支持乘法）只能支持单一类型的密文运算","同态分级大致为部分同态（PHE）→有限深度同态（SWHE）→全同态（FHE），FHE 的核心挑战是密文噪声随运算累积，需要 bootstrapping 自举刷新","CKKS 方案支持近似实数运算，是密态 AI 推理的常用选择","同态加密目前明密文性能差距达 3~6 个数量级，工程上主要用于特定场景而非全面替代明文计算","FHE 构造在数学上不可行，密文上只能执行查表运算","","BCDE","B、C、D、E正确：PHE 只支持单一运算类型；噪声累积与自举刷新是 FHE 的核心机制；CKKS 支持近似实数运算、是密态 AI 推理的常用选择；明密文性能差距正是同态加密当前主要用于特定场景的现实约束。A“无性能代价、全面替代”与事实相反，FHE 性能差距巨大且不解决传输机密性问题；F Gentry 2009 已给出 FHE 构造，“数学上不可行”不成立。","同态加密、CKKS、性能边界"
"Y116","多选","密码算法","扩展","某机构规划隐私计算平台，需要在不同场景中选择 MPC 多方安全计算、TEE、差分隐私 DP、联邦学习 FL 等技术。下列认识正确的有？","MPC 基于密码学协议（如秘密分享、混淆电路）实现，不依赖硬件信任根，但通信量较大","TEE 性能好、生态成熟，但信任建立在硬件厂商与其实现正确性之上","差分隐私通过在统计输出中加入噪声保护个体，存在隐私预算与数据可用性的权衡","联邦学习“数据不动模型动”本身即可严格防止模型反向推断原始数据，无需叠加其他技术","TEE 能防御被攻陷的 REE 内核，同样能防御物理探针与微架构侧信道攻击","FHE 密态推理、联邦学习加 TEE 聚合、差分隐私加联邦学习都是常见的组合用法","","ABF","A、B、F正确：MPC 靠密码学协议无需硬件信任但通信开销大；TEE 性能好但信任依赖硬件厂商；三类组合用法确实常见。C差分隐私存在隐私预算与可用性权衡是正确认识（注意此处为正确项）；D“本身即可严格防止”不成立，梯度反演等攻击表明 FL 常需叠加 DP/安全聚合；E TEE 恰恰不能防御物理攻击与微架构侧信道。","MPC、TEE、差分隐私、联邦学习"
"Y117","多选","侧信道攻击","扩展","代码审计人员对一段软件 AES-CBC 加密实现做常量时间专项审计。下列哪些代码行为应当作为审计发现（finding）记录？","以轮密钥字节为下标读取 256 字节的 S 盒查找表","分组加密轮数由公开的密钥长度字段（128/192/256 位）决定","逐字节校验消息认证码，遇到第一个不匹配字节立即返回失败","以公开的长度参数调用标准库 memcpy 搬移密文数据","源码用比特掩码实现选择逻辑，审计时未复查编译产物中该逻辑是否被优化回条件分支","IV 由操作系统熵源生成，系统调用耗时受内核熵池状态影响而波动","","ACE","A查表下标来自轮密钥，属秘密索引访存，是典型审计发现；C提前返回使耗时随比较结果变化，属秘密参与比较的条件分支；E编译器优化可能把线性化写法还原为秘密分支，必须复查编译产物。B依赖的是公开的密钥长度字段，不构成秘密依赖；D长度公开且搬移对象为密文，访存模式不依赖秘密；F耗时波动源于公开的熵源状态而非秘密取值，不满足秘密依赖判据。","常量时间审计、查表、编译优化"
"Y118","多选","侧信道攻击","扩展","团队为新开发的 TLS 密钥协商模块编制常量时间（侧信道）专项审计清单，讨论哪些检查项应当纳入。下列各项应纳入的有？","检查秘密参与的条件比较是否存在提前退出路径","检查所有函数的圈复杂度是否超过编码规范阈值","检查循环终止条件是否受秘密数据影响","检查随机数生成是否采用通过认证的 DRBG 算法","检查以秘密值为下标的查表访存，核对访问地址是否随秘密变化","检查所调用的第三方库中处理秘密的函数是否具备常量时间保证","","ACEF","A、C、E、F正确：秘密参与比较的提前退出是清单首要检查项；循环次数随秘密变化会直接反映在执行时间上；秘密索引查表是最典型的密钥相关访存模式；外部库对调用方的常量时间性质有传导影响。B圈复杂度是通用代码质量指标，与计时泄漏无对应关系；D DRBG 算法认证属随机数合规评审内容，不是常量时间审计清单项。","常量时间审计、审计清单"
"Y119","单选","侧信道攻击","扩展","某团队调研常量时间验证工具，需向安全评审会说明 ctgrind 类工具（基于 Valgrind 的秘密标记）与 dudect（计时统计检验）的原理区别。下列说明正确的是？","两者均通过符号执行枚举全部输入空间，从而给出不存在时间差异的数学证明","ctgrind 的输出是各输入组时间分布差异的 p 值，dudect 的输出是秘密数据进入分支条件的告警","dudect 运行前必须先对二进制中的秘密变量做静态标记，否则无法区分秘密与公开数据","两类工具任一通过，即可替代在目标平台上开展的侧信道测量评估","ctgrind 以标记追踪秘密数据的传播并报告依赖该标记的分支与访存，dudect 将输入按秘密取值分组实测时间，用 Welch t 检验比较各组分布","","","E","E正确：前半句是标记追踪思路，后半句是分组计时加 Welch t 检验，与两类工具原理一致。A两类工具都不做穷尽枚举，“数学证明”超出其取证能力；B两项输出正好对调，p 值属于 dudect，分支与访存告警属于 ctgrind 类；C静态标记是 ctgrind 类工具的思路，dudect 只需按输入类别组织测量；D工具通过只提供“未检出”证据，不能替代针对目标平台的侧信道测量评估。","ctgrind、dudect、验证工具"
"Y120","单选","侧信道攻击","扩展","某产品线为密码相关代码建立了侧信道门禁：变更须通过专项常量时间评审，CI 集成 KAT 与可行的计时统计检验，发布前在目标平台执行泄漏预扫描。对这套门禁的定位，理解最准确的是？","门禁用于最终判定产品不存在侧信道漏洞，通过后可免除其他安全评估环节","门禁主要是合规留痕手段，对实际减少泄漏缺陷数量的作用有限","门禁通过与否以评审是否提出意见为准，CI 检验与预扫描结果仅作参考","侧信道问题技术复杂，留到量产后结合实测统一处理比流程门禁更有效","通过评审、自动化检验与预扫描把侧信道问题的发现点前移到开发与发布流程内，并防止已修复问题随新变更回归","","","E","E正确：与门禁定位一致——价值在于早发现、防回归，而非替代最终评估。A门禁是过程控制手段，通过不等于完成对成品的侧信道安全评估；B早发现与防回归正是门禁减少泄漏缺陷的主要价值；C CI 检验与预扫描是门禁的组成判据，不是可有可无的参考信息；D量产后修复的成本与影响远大于开发阶段，流程门禁正是为避免这一点。","流程门禁、CI、泄漏预扫描"
"Y121","单选","故障注入","扩展","攻击者在室温下的样机 A 上找到一组可稳定复现故障的电压毛刺参数；将该组参数原样用于同型号样机 B，以及置于高温环境复测的样机 A，命中率均显著下降甚至趋近于零。对此最准确的认识是？","温度只影响芯片主频，与电压毛刺的有效窗口无关，两次差异纯属统计涨落","命中过的参数对同型号个体普遍适用，命中率下降应主要归因于注入设备输出性能老化","该结果表明电压毛刺仅对实验室样机有效，对实际部署的设备不构成现实威胁","窄的有效窗口叠加个体差异与温度等条件漂移，参数命中是对特定个体在特定条件下的表征，更换对象或条件后都必须重新扫描","只需进一步加深跌落幅度并加宽脉冲，即可得到对全部个体和条件普遍有效的参数","","","D","D正确：有效窗口本身很窄，器件个体差异和温度引起的阈值与时序漂移都会移动窗口位置，命中参数是条件相关的表征结果。B同型号个体的窗口位置并不一致，把命中率下降归于设备老化回避了参数条件相关性这一主因；C温度会改变器件延时与阈值，直接影响毛刺有效窗口；E盲目加大幅度与宽度更易触发监测和整机失稳；A（第二处）参数不可迁移只说明表征需重做，不能推出毛刺攻击对部署设备无威胁。","电压毛刺、参数条件相关、重新表征"
"Y122","多选","故障注入","扩展","某团队在自建低成本 MOSFET 毛刺电路与商用专用电压毛刺发生器之间选型，核心关注点是脉冲宽度/深度的调节分辨率、实验可复现性以及与现有触发系统的对接。下列说法正确的有？","只要价格合适，选最贵的设备就能保证毛刺攻击取得成功","MOSFET 方案的脉冲沿形状与幅度调节精细度一般弱于专用发生器，这是其“可控性一般”的体现","专用发生器的宽度、深度等参数通常数字可编程，更适合需要精细且可重复扫描的场合","MOSFET 方案成本低、搭建快，足以支撑入门阶段的故障注入实验","选型只需比较设备价格，能否与触发系统对接无关紧要","专用发生器参数精细，因此无论何种实验目标与预算约束都应无条件优先选用","","ACD","A、C、D正确：MOSFET 开关电路成本低但可控性一般；专用发生器数字可编程带来精细分辨率与可复现性；低成本方案可开展有效实验，符合入门场景。B设备价格与攻击成败没有保证关系；E与触发系统的接口是选型的关键权衡项；F选型必须结合实验目标与预算综合权衡。","毛刺源选型、MOSFET、专用发生器"
"Y123","单选","故障注入","扩展","某安全芯片在安全评估中被指出弱点：攻击者用窄电压毛刺在复位监测电路完成响应之前，已使安全关键逻辑执行出错。从防护设计角度，最对症的改进方向是？","将监测阈值与响应速度提高到能够覆盖一切可能的毛刺波形，从根源上消除绕过可能","取消复位监测电路，检测到异常时直接切断电源即可解决该时序问题","缩短关键逻辑的执行时间，即可彻底消除电压毛刺带来的威胁","关键在于消除“监测响应落后于逻辑受扰”被利用的时序缝隙，可在监测判定与安全关键逻辑之间引入受控延迟窗口，使判定在毛刺扰动消退后再参与控制","在关键逻辑中增加冗余计算即可，无需再考虑毛刺与监测之间的时序关系","","","D","D正确：该弱点的本质是监测响应落后于逻辑受扰，加入延迟窗口使判定在扰动消退后生效，直击被利用的时间缝隙。B覆盖一切波形的监测在物理上不可实现，阈值过于灵敏还会被正常纹波误触发；C问题不在监测动作本身而在响应时序，取消监测并改为断电并未消除“响应前受扰”的缝隙；E冗余计算是可选手段之一，但“无需再考虑时序关系”错误，该弱点恰恰是时序性的。","复位监测、延迟窗口、防护设计"
"Y124","多选","故障注入","扩展","用入门平台分别对自研开发板与某量产芯片做电压毛刺实验，前者可获得可观的命中率，后者命中率远低。下列分析正确的有？","量产芯片可能带有电源监测等防护，毛刺需避开监测窗口，难度高于防护简单的开发板","量产芯片在封装与供电网络上的差异也会改变毛刺到达芯片内部的实际效果","命中率低证明该量产芯片不可能被任何电压毛刺攻击成功","缺少与目标程序精确时序对齐的手段时，窄有效窗口会使命中率显著下降","将入门平台更换为任意商用设备，即可保证绕过该量产芯片的电源监测设计","命中率低一定是实验操作失误造成的，任何平台在该量产芯片上都应得到与开发板相同的命中率","","ABD","A、B、D正确：量产芯片常见的电源监测会抢先响应，攻击必须避开监测窗口；封装与供电网络影响毛刺的耦合与到达幅度；时序对齐不足直接压低窄窗口下的命中率。C一次低命中率不能得出“不可能被攻击”的绝对结论；E能否绕过监测取决于防护设计与毛刺设计的对抗，更换设备本身不提供任何保证；A（第二处）该分析无视目标防护差异。","入门平台、量产芯片防护、能力边界"
"Y125","单选","故障注入","扩展","攻击者通过可编程时钟发生器对某 MCU 注入时钟毛刺，希望精确命中目标指令（如一条关键跳转）。在毛刺长度已设定合理的前提下，决定“能否命中该条指令”的最关键参数是？","毛刺高电平期间的电压幅度","正常时钟的标称频率设置","异常周期在时钟序列中的插入位置及时与时钟沿的对齐精度","注入期间环境温度的稳定性","目标程序代码段的大小","","","C","C正确：异常周期落在哪条指令对应的时钟沿上由插入位置与对齐精度决定，直接决定命中与否。A幅度是电压毛刺的参数，时钟毛刺靠周期删减/占空比改变在时间维度起作用；B标称频率是正常工作设置而非毛刺参数；D温度只影响整体时序裕量，不决定毛刺与指令沿的对齐；E代码大小影响攻击面统计特征，与单次注入的对齐无关。","时钟毛刺、插入位置、参数维度"
"Y126","多选","故障注入","扩展","关于时序违例引发的亚稳态及其传播，下列说法正确的有？","触发器进入亚稳态后，输出将长期停留在中间电平，无法自行稳定","进入亚稳态的触发器最终会稳定到某个逻辑值，但不保证是所期望的正确值","亚稳态或错误值可沿数据通路向下游传播，使故障影响从单点扩大到多个模块","亚稳态只会影响产生它的那一级触发器，下游采样到的一定是已经稳定的正确值","某次注入未观察到任何异常，也不能据此认定该时序路径对后续注入同样安全","亚稳态传播到状态机后，状态机仍会回到设计定义的状态集合内","","BCE","B、C、E正确：亚稳态会稳定下来但落点不可控；下游模块采样到未定或错误值后继续传导，正是故障扩散的主要途径；违例后果具有统计性，单次无异常不能证明该路径下次不产生可利用错误。A亚稳态会在有限时间内自行稳定；D下游可能采样到尚未稳定的输出，这正是传播发生的前提；F错误值可把未定义编码写入状态寄存器，状态机可能进入非法状态。","亚稳态、故障传播、结果统计性"
"Y127","单选","故障注入","扩展","在故障注入攻击中，攻击者将时钟毛刺与电压毛刺配合使用。支持“组合注入命中率高于单一手段”的核心原因是？","组合注入的参数维度更少，调试比单一手段更简单","电压毛刺的作用是帮助时钟毛刺对准目标指令的时钟沿","两种注入的能量简单叠加，使干扰强度按比例增强","组合注入降低了对注入时机精细对准的要求","两种手段的敏感窗口不同、机理互补，可覆盖单一手段难以同时覆盖的条件","","","E","E正确：时钟毛刺与电压毛刺分别作用于时序条件与电平/保持条件，敏感窗口不同、互为补充，故组合覆盖更宽。A组合的价值在于机理互补而非能量叠加；B组合注入对两路时序协调的要求更高而非更低；C对准时钟沿仍由时钟毛刺自身的插入位置决定，电压毛刺不承担对准功能；D组合注入参数空间更大、复杂度上升而非下降。","组合注入、敏感窗口、机理互补"
"Y128","多选","故障注入","扩展","某安全芯片需监测 CPU 时钟是否被插入异常短周期。关于监测参考时钟与监测手段的设计，下列意见正确的有？","PLL 处于锁定状态即表明时钟链路此后不会再受毛刺影响","PLL 锁定检测可用于发现外部时钟源被替换的异常","监测基准若由被监测时钟分频产生，被监测时钟被扰动时监测功能会同时失效","独立参考振荡器频率精度低于晶振、只能发现很粗的异常，因此监测基准仍应从被监测时钟分频取得以保证比较精度","监测参考应来自与被监测时钟无关的独立时钟源（如独立的片上振荡器）","PLL 锁定检测与周期计数比对部署其一，即可完整覆盖时钟源替换与短周期毛刺两类异常","","ACE","A、C、E正确：时钟源被替换常伴随 PLL 失锁或重锁，锁定检测提供一层独立的发现手段；与被监测时钟同源的基准会与之一起被扰动，监测形同虚设；独立时钟源保证监测路径与被监测时钟的扰动通道分离。B锁定只说明当前跟踪正常，毛刺仍可能在不引起失锁的情况下破坏下游时序；D毛刺造成的周期偏差远大于参考振荡器的精度误差，粗精度不妨碍检测；F周期比对针对周期异常、锁定检测针对时钟源替换，检测对象不同。","时钟监测、独立基准、PLL锁定检测"
"Y129","单选","故障注入","扩展","保持 EMFI 驱动参数不变，将探头与芯片表面间距从 0.5 mm 增大到 2 mm 后，注入成功率显著下降。对这一现象最合理的解释是？","近场范围内磁场耦合强度与间距基本无关，成功率下降应归因于对位机械误差","间距增大把驱动脉冲的上升沿拉缓，导致耦合的高频成分大幅减少","磁场强度随间距增大快速衰减，耦合进敏感区域的能量明显减小","间距增大使探头线圈电感明显减小，线圈电流与脉冲能量随之降低","2 mm 处已进入远场区，衰减主要来自远场辐射损耗","","","C","C正确：磁场随距离快速衰减，探头-芯片间距正是影响耦合能量的关键实验参数。B探头电感由线圈自身结构决定，几乎不随与芯片的间距变化；C近场磁场随间距明显变化，“距离影响可忽略”是典型误区；D上升沿由驱动器与传输链路决定，不会因探头离芯片远近而变缓；E EMFI 工作在近场区，用远场辐射损耗解释属于概念套用错误。","EMFI、探头间距、磁场衰减"
"Y130","多选","故障注入","扩展","实验者提高 EMFI 驱动电压后，时而注入成功、时而目标芯片复位、偶尔出现永久损坏。下列分析正确的有？","复位现象说明该芯片对 EMFI 免疫，应放弃 EMFI 注入路线","能量增大在提升扰动强度的同时，可能触发芯片内部的电压/时钟毛刺检测等保护机制，导致复位","复位一定源自电源过压路径，与磁场耦合进内部电路的过程无关","过高的注入能量可能造成芯片局部损伤，使后续实验数据不可信","有效故障率随能量并非单调上升，存在既能诱发故障又不损坏目标的能量窗口","为避免损坏，参数应始终压在最低水平，能量稍高就必然损坏芯片","","BDE","B、D、E正确：过强扰动会触发保护或传感器机制导致复位；能量过高确有损坏风险，损坏后数据不可信；注入存在能量窗口，过低不产生故障、过高损坏或触发保护。A复位恰说明扰动已作用于芯片，是探索能量窗口的线索；C复位机制多样，不能单一归因于电源过压；F最低能量可能根本无法诱发故障，极端做法不可取。","EMFI、能量窗口、保护触发"
"Y131","多选","故障注入","扩展","某研究者在细扫阶段同时随机改变注入位置与注入时机，得到一张故障率“云图”并准备直接据此确定攻击参数。对该做法的评价与改进建议中，合理的有？","应固定其中一个维度逐轮扫描，再在发现的敏感窗口内对另一维度细扫","同时随机扫描两个维度收敛更快，是细扫阶段值得推荐的做法","细扫步进应尽量大，以便快速覆盖全区域，热点自然会显现出来","粗扫已命中该区域，说明参数已经足够精细，云图无需再验证","位置与时机同时变化会导致结果无法归因到单一维度，云图中的热点可能只是维度耦合的假象","即便云图存在热点，也应改用小步进、单维度受控扫描加以验证后再确定参数","","ACE","A、C、E正确：单维度受控扫描正是避免维度耦合的标准改进方法；用受控细扫验证统计热点才能把现象转化为可复现的攻击参数；两维度同时变化时命中率无法区分是位置敏感还是时机敏感，热点归因不可靠。B该方法牺牲了可归因性，与细扫的方法论相悖；D大步进是粗扫特征，细扫的价值恰在于小步进精确化；F粗扫参数精度有限，直接采信未经细扫验证的云图不符合流程。","EMFI扫描、维度耦合、热点归因"
"Y132","单选","故障注入","扩展","计划对某目标芯片进行“不开封、透过封装”的 EMFI 注入，仅从封装对磁场耦合的影响考虑，最合适的选择是？","带整面金属散热盖的封装：金属盖导热不导磁，对注入磁场几乎没有影响","带金属屏蔽罩的封装：屏蔽罩主要用于隔离射频干扰，对磁场衰减很小","倒装芯片封装：正面大面积电源平面有助于把感应电流引导到敏感电路","封装类型不影响 EMFI 耦合，按机械夹具方便程度任选即可","普通塑封器件：塑封对磁场衰减较小，可以尝试直接透过封装注入","","","E","E正确：塑封对磁场衰减较小，是可非开封直接注入的典型封装。A金属盖内的感应涡流会显著削弱到达芯片的磁场；B金属屏蔽罩对磁场的衰减显著，恰是不利于透过注入的封装；C倒装的大面积电源平面会分流感应电流，削弱而非引导注入效果；D封装是影响 EMFI 耦合的重要因素，不能随意选择。","EMFI、封装影响、塑封"
"Y133","单选","故障注入","扩展","某团队要对硅工艺芯片实施背面激光注入，以便让激光能量直达有源区，现有 532nm 可见光激光器与 1064nm 红外激光器可选。正确的选择及理由是？","选 1064nm，红外光在硅中散射更弱，且单光子能量比 532nm 更高","两者效果相当，波长差异主要体现在激光器的采购成本上","选 1064nm，其光子能量低于硅带隙，可穿透衬底将能量送达有源区","选 532nm，波长更短可以获得更小的聚焦光斑，定位更精细","选 532nm，其光子能量更高，更容易在衬底中激发出载流子产生扰动","","","C","C正确：硅对该红外波段透明，背面照射正是依赖这一窗口穿透衬底。A前半句接近事实，但 1064nm 单光子能量低于 532nm，理由错误；B波长决定能否穿透衬底，直接决定背面注入是否可行；D短波长确有光斑优势，但 532nm 无法从背面穿透硅衬底；A（第二处）该波长光子能量高于硅带隙，在衬底近表面即被吸收。","LFI、波长选择、硅透明窗口"
"Y134","多选","故障注入","扩展","为在某工艺节点芯片上实现单个晶体管级别的翻转，下列关于聚焦与定位的做法合理的有？","利用光斑中心能量密度最高的特点，将目标区域对准光斑中心注入","光斑做得越小越好，是否与目标区域尺寸匹配并不重要","选用高数值孔径物镜，把光斑直径压缩到与目标晶体管尺寸相匹配","定位环节只需关注位移台精度，无需配合其他反馈手段","减小位移台的步进距离，并通过反馈控制修正光斑实际落点","改用更长的波长，以获得更小的衍射受限光斑从而提升定位精度","","ACE","A、C、E正确：高 NA 物镜是实现微米级聚焦的直接手段；步进与反馈控制是决定定位精度的两个环节；高斯分布中心能量密度最高，对准中心可获得最有效的能量沉积。B单管级翻转要求光斑与目标尺寸匹配，盲目求小反而提高命中难度；D定位还受反馈控制影响，仅靠位移台精度不足；F光斑尺寸与波长成正比，长波长得到的是更大而非更小的光斑。","LFI、光斑聚焦、定位精度"
"Y135","单选","故障注入","扩展","拿到一片衬底厚约 700μm 的硅裸片，计划开展背面激光注入。最合理的样品处理方案是？","直接进行背面照射，减薄工序成本高且对注入效果没有实质贡献","在背面涂覆黑色吸光材料以抑制杂散光，衬底厚度可不作处理","将衬底全部去除直至暴露有源层，彻底消除衬底的吸收与散射","将衬底减薄至 100μm 量级并抛光背面，以提升耦合、减少散射、改善透射","衬底减薄的主要目的是便于封装夹持，与激光注入的耦合效率无关","","","D","D正确：减薄加抛光是背面注入的标准前处理，同时改善透射与光束质量。A厚衬底会显著增加光程损耗与散射，直接照射耦合效果差；C黑色吸光层会吸收注入激光本身，与注入目的相悖；D（第二处）在本场景中减薄直接服务于光学耦合；E有源器件就在衬底表层区域内，全部去除意味着破坏电路。","LFI、衬底减薄、样品制备"
"Y136","多选","故障注入","扩展","功率扫描过程中先后出现三种现象：(i) 开封检查发现注入点金属化层熔断；(ii) 外观无异常，但该区域二极管反向特性明显变差；(iii) 无可见损伤，芯片出现可稳定复现的密码比对错误。下列判断正确的有？","(i) 对应局部熔化与金属化层破坏，说明该功率点已越过损伤边界","(ii) 符合 PN 结退化的特征，属于激光注入可能造成的损伤模式之一","(iii) 以功能异常为表现且无可见损坏，符合“翻转而不损坏”窗口内的注入特征","(i) 与 (ii) 均属可逆变化，断电静置后即可恢复","(ii) 与激光能量沉积无关，二极管特性变差只能来自工艺缺陷","(iii) 出现密码比对错误，说明芯片已发生永久损坏，应立即弃用","","ABC","A、B、C正确：金属化层熔断是典型损伤模式，表明功率越界；PN 结退化是三种损伤模式之一且可不伴随可见外观变化；功能异常加无可见损坏正是目标窗口内成功注入的判据组合。D熔化与 PN 结退化都是不可逆损伤；E PN 结退化恰由激光能量沉积引起；F功能异常是成功注入的标志，不等于永久损坏。","LFI、损伤模式、功率窗口"
"Y137","单选","故障注入","扩展","某智能门锁的 TRNG 在出厂检测时健康测试通过。运行期间，攻击者用电压毛刺持续扰动其环振熵源，使输出真实熵大幅下降；TRNG 内部的确定性后处理（去偏/压缩）功能正常，输出也能通过应用层的简单频率检验。随后设备用该随机数生成会话密钥。对该后果的准确分析是？","该扰动仅造成可用性问题：TRNG 输出异常会立即被检测并停机，不会出现低熵随机数被用于生成密钥的情形","后处理电路工作正常说明熵源未受实质影响，会话密钥的安全强度不受损","只有本次生成密钥所用的随机数质量下降，设备在下次生成时会自行恢复正常","频率检验已经通过，说明输出仍接近理想随机，密钥可预测的担忧不成立","物理熵的损失无法由确定性后处理补回，会话密钥的可能取值被压缩到小子集中，存在被预测或离线穷举的风险","","","E","E正确：后处理是确定性映射，输入熵不足则输出熵同样不足，密钥空间被压缩后可被预测或穷举。A该场景中在线检测未能发现异常，低熵输出正被持续使用，“会被检测停机”的前提不成立；B把“后处理电路运行正常”等同于“熵未受损”，混淆了分布整形与熵补给；C毛刺持续存在时后续每次生成同样受扰；D简单频率检验灵敏度有限，通过统计检验不代表熵量充足。","TRNG、熵源故障、后处理边界"
"Y138","多选","故障注入","扩展","某设备防回滚采用 eFuse 单调计数器，安全启动时读取计数值并与固件版本号比对，固件版本号低于计数值即拒绝启动。攻击者在计数值被锁存进比较器的时刻注入电压毛刺，使锁存值中的某一比特发生翻转。以下判断正确的有？","该攻击通过改写 eFuse 存储单元实现，属于侵入式永久改写","无论锁存值被扰动变大还是变小，都会导致版本比对失败而拒绝启动","若翻转使锁存值变小，固件版本号可能不再低于计数值，本应拒绝的旧版本固件被放行启动","该攻击的成功依赖于跳过版本比较指令，与读出值本身是否被改变无关","故障结束后重新读取 eFuse，计数值仍与烧写值一致，攻击不会在存储中留下痕迹","电源毛刺、时钟毛刺或激光照射都可能成为引起该瞬时锁存错误的扰动源","","CDF","C、D、F正确：被读小的计数值恰好让旧版本通过检查；该攻击改变的是比较的输入数据而非程序执行流；三类扰动都可能在触发器采样窗口内造成锁存错误。A攻击目标是读取与锁存通路，eFuse 内容自始至终未被改写；E瞬时锁存错误不会回写存储，但只有计数值变小才有利于放行旧版本，变大反而更难通过。","防回滚、计数器读取扰动、eFuse"
"Y139","单选","故障注入","扩展","某手机支付流程中，可信 UI 在 TEE 控制的显示通路上呈现转账金额供用户确认，确认后由 TEE 对交易报文签名。攻击者通过毛刺扰动显示控制通路，使屏幕呈现“转账 1 元”，而 TEE 实际签名的报文中金额为 1000 元。对该攻击后果的准确分析是？","显示通路被扰动会导致签名运算失败，交易会自动终止","签名报文中的金额以屏幕显示内容为准，因此实际转账金额为 1 元","该攻击与普通 REE 层的界面篡改没有区别，应用层界面隔离即可防御","只要签名私钥仍安全保存在 TEE 中，显示内容与签名内容不一致就不构成实质性风险","用户确认的依据是屏幕显示，而签名绑定的是 TEE 内的真实报文；故障把两者分离后，显示确认机制被架空，用户会在不知情的情况下授权大额转账","","","E","E正确：显示欺骗破坏了“所见”与“所签”的一致性，用户确认沦为形式。A签名与扣款以 TEE 内报文为准，屏幕显示恰恰是已被欺骗的一方；B签名运算照常成功，故障欺骗的是“用户看到的确认依据”；C风险不在私钥泄露而在授权内容被调包；D被扰动的是 TEE 控制的可信显示通路，REE 层面的界面隔离防不了硬件通路的故障注入。","可信UI、显示欺骗、所见即所签"
"Y140","多选","故障注入","扩展","某芯片的安全状态机以专门寄存器编码生命周期状态（如 DEV、PROD、调试态）。攻击者在运行期用电压毛刺扰动该状态寄存器，使其编码从 PROD 跳变为调试态，芯片随即按调试态开放 JTAG 访问并允许读取片内闪存。以下判断正确的有？","被扰动的是寄存器的瞬时状态而非熔丝等永久存储，芯片在未发生永久改写的情况下临时获得了高权限状态","状态寄存器由触发器构成，运行期的瞬态毛刺不会改变其采样值","开放 JTAG 是下游访问控制逻辑依据“当前处于调试态”做出的放行，瞬时故障经下游逻辑放大成了实际的数据泄露","该攻击必须物理开封芯片并改写状态寄存器单元的版图才能实施","即使毛刺消失后状态寄存器恢复原值，攻击者经 JTAG 已读取的数据也无法被追回","若扰动恰好落入触发器的采样（建立/保持）窗口，错误的编码更容易被锁存为新的状态值","","ACEF","A、C、E、F正确：攻击改变的是易失的瞬时状态，无需触碰永久存储；危害在于下游逻辑把错误状态当作放行依据；故障期间完成的读取是既成事实；采样窗口内的扰动最容易形成有效的错误锁存。B采样窗口内的毛刺恰能改变锁存值，这正是状态位受瞬态扰动的原理；D电压毛刺等故障注入手段无需版图级改写。","安全状态机、状态寄存器扰动、调试态越权"
"Y141","多选","故障注入","扩展","评审会上，工程师们就新固件采用的感染式对策发表看法。其中正确的说法有？","感染式对策就是不做故障检测，反正输出会被污染，检不检测都一样","把检测到扰动后的动作从“置错误码并停机”改成“把结果寄存器替换为随机值”，其余检测电路可以复用","采用感染式后，攻击者拿到的被扰动样本和正常样本难以区分，差分分析挑不出有效样本","感染后的输出虽然数值不对，但仍是一条有效的计算结果，只是值变了","感染式的目标是让“故障发生与否”这件事从输出行为上消失，而不是让故障不发生","感染式和检测式防护机理相同，随时可以互相替换而效果不变","","BCE","B、C、E正确：保留检测电路、只改检测后的处置动作正符合感染式的构造方式；统计不可区分使差分样本筛选失效；感染式隐藏“发生了故障”这一事实，并非阻止故障发生。A“不检测”是典型误解；D感染值不是有效结果，而是对攻击者无用的无效值；F两者机理不同（外显报错与污染输出），不能视为等价替换。","感染式对策、误区辨析"
"Y142","单选","故障注入","扩展","某签名设备采用检测式对策：检测到故障即返回统一的错误码。攻击者的自动化脚本记录每次运行的返回类型，据此筛选出“故障生效”的样本集合，攻击流程得以继续。若要堵住这一信息通道，最对症的改造方向是？","把错误码从统一值改为随机值，让攻击者无法解析错误类型","改用感染式处置：检测到扰动后不报错，而是把输出感染为攻击者不可区分的无效值，使任何轮次都不再以外显错误标记故障","提高故障检测的覆盖率，确保所有故障都能被检测到后统一报错","在返回错误码之前增加一段固定时长的延迟，掩盖响应时间上的差异","限制单台设备的调用次数，超过阈值后永久锁定","","","B","B正确：感染式隐藏故障发生的事实，攻击者失去借输出行为筛样所需的可区分信号，正对症。A只要仍以报错作为故障响应，“返回错误/返回正常”这一二元信号就还在；C检测覆盖率再高，“报错行为本身”仍是攻击者可利用的判定信号；D时序掩盖不改变返回内容上的可区分性；E调用限制不消除单轮实验中的信号泄露，锁定状态反而是更强的判定信号。","感染式、报错信号、对症改造"
"Y143","多选","故障注入","扩展","某设备的感染值由伪随机数生成器产生，但该生成器使用出厂写死的固定种子，算法也可被逆向。安全团队评估该感染式对策的实际强度。下列结论正确的有？","攻击者若能预测感染值序列，就能把预测为感染输出的轮次从统计上与正常输出区分开","感染值只要每次都不相同，就必然满足不可预测要求，与随机源质量无关","在本场景中，随机性与不可预测性是一致的：可预测的伪随机序列无法提供统计不可区分性","修复方向包括更换为合格随机源，或引入每次运行不可预测的新熵","固定种子只影响感染值的多样性，不影响对策的防护强度","攻击者可通过大量采集输出离线推断固定种子，进而重放感染序列","","ACDF","A、C、D、F正确：可预测的感染值给了攻击者统计分类的依据；攻击者掌握算法与种子的前提下可预测序列必然破坏不可区分性；合格随机源或新鲜熵是根本修复手段；样本充足时固定种子的序列可被恢复和重放。B序列可建模时“各不相同”不等于不可预测；E固定种子直接决定感染值可被建模，防护强度随之下降。","感染值质量、随机源、可预测性"
"Y144","多选","故障注入","扩展","关于常见故障防护手段的资源代价，下列说法正确的有？","感染式输出的代价只在随机数生成，运算与存储开销可忽略，接近零成本方案","输出验签为每次签名增加一次公钥运算；就 RSA 而言，公钥验签（小指数幂）通常比 CRT 签名（两支模幂）更快","双轨计算以并行冗余实现故障检测，代价主要体现为运算面积与执行时间的近似翻倍","感染式输出所需的随机值可直接复用本次签名随机化填充（如 PSS 盐值）已用的随机数，因而不构成独立的资源开销项","感染式输出在检测到异常时生成随机结果，会加大对随机数发生器的吞吐需求","多种防护叠加会使签名时延与资源占用上升，方案设计需在性能预算内完成取舍","","BCEF","B、C、E、F正确：输出验签的固定代价是增加一次公钥运算且 RSA 验签显著快于签名；双轨计算带来面积与时间的成倍增长；随机结果生成依赖随机数发生器吞吐；防护叠加的成本累积正是预算内取舍的原因。A随机数需求本身就是实打实的资源项；D随机数复用会同时削弱填充随机化与感染式输出的独立性。","故障防护代价、双轨计算、性能预算"
"Y145","单选","故障注入","扩展","某实现将 RSA-CRT 签名组织为六个环节：①参数加载；②参数一致性检查；③两支模幂；④合并；⑤公钥验签；⑥验签失败则输出随机值。关于各环节的防护定位，下列说法正确的是？","⑤应改用 CRT 私钥参数执行验签，以复用已加载的密钥材料并减少存储开销","⑥输出随机值意味着⑤可以省略，只需在合并后以掷随机数的方式决定输出真签名或随机值","②可以移到④合并之后执行，因为参数关系在计算完成后检验同样能确认签名正确","③的两支模幂结果应在合并前各自完成校验，因此⑤的公钥验签属于重复设计可以删除","②与⑤构成签名前、签名后两个检查断面，分别确认“进入计算的参数关系成立”与“离开设备的结果正确”，覆盖的故障窗口不同","","","E","E正确：两个断面的检查对象与时间均不同，共同构成前后包夹的防线。A输出验签必须用公钥独立执行，改用私钥参数既失去独立性又扩大密钥暴露面；B不检测而随机掷骰会把正常签名也替换掉，感染式输出的触发条件是检测到故障；C参数校验的价值在于签名前发现参数破坏，计算后再查覆盖不了模幂阶段的故障；D无论是否做中间校验，输出前的公钥验签都是对最终交付物的独立把关。","RSA-CRT防护、检查断面、纵深防御"
"Y146","多选","故障注入","扩展","RSA-CRT 签名在正式计算前执行参数校验：验证 p·q ≡ N，并以随机基 r 验证 r^(e·q) ≡ r mod p。关于该校验的检测能力，下列说法正确的有？","校验失败只说明本次随机基选得不好，更换基值重试通常即可通过，不必触发安全路径","p·q ≡ N 能发现 p 或 q 的存储副本被篡改、致使参数乘积不再等于公开模数的情形","r^(e·q) ≡ r mod p 成立可作为 p、q 配对关系未被破坏的证据，校验失败提示参数可能已被扰动","校验通过只代表校验时刻参数关系成立，不能证明随后的模幂与合并无故障，输出侧防护仍需保留","该校验以参数关系本身为对象、属于签名前的输入侧措施，对签名结果缓冲区在写出阶段遭受的翻转没有检测作用","该随机基 r 的选择与对抗功耗侧信道的掩码随机数在原理上是同一概念，直接共用即可","","BCE","B、C、E正确：参数乘积关系被破坏是参数篡改的直接表现；随机基下配对关系成立是参数完好的强证据；校验与后续计算处于不同时间断面，通过不代表后续无故障。A失败指向参数被破坏而非基值运气，正确响应是进入安全路径；D其检测对象是参数关系，对输出阶段缓冲区的故障没有覆盖作用；F校验基随机性与掩码随机性目的和用法不同。","CRT参数校验、能力边界"
"Y147","单选","故障注入","扩展","某实现将 RSA-CRT 签名组织为签名前参数校验、两支模幂、合并、公钥验签等环节。关于参数校验在整体故障防护中的位置，下列结论正确的是？","实现参数校验后移除输出验签，可在保持防护等价的前提下节省一次公钥运算","参数校验、模幂双轨计算与输出验签分别位于签名前、签名中、签名后，叠加使用符合纵深防御的行业实践","参数校验可改为条件启用，仅在电压、时钟等环境传感器告警时执行，正常运行时跳过以节省开销","参数校验的失败分支应汇入安全路径，其处理策略应与输出验签失败分支按同一原则对待","该校验只在公钥指数 e 较小时才有实际意义，e 由证书固定后校验沦为形式检查","","","B","B正确：三者在流程断面上的互补组合正是纵深防御的体现。A参数校验覆盖不了计算与合并阶段的故障，不能等价替代输出验签；C故障注入的时机由攻击者选择，环境传感器告警不能作为启用防护的前提；D两条失败分支都指示故障存在，都应导向安全路径；E配对关系校验的有效性不依赖 e 的取值大小。","纵深防御、参数校验定位"
"Y148","多选","故障注入","扩展","关于常见故障防护手段的资源代价与部署组合，下列说法正确的有？","感染式输出在检测到异常时生成随机结果，会加大对随机数发生器的吞吐需求","多种防护叠加会使签名时延与资源占用上升，方案设计需在性能预算内完成取舍","输出验签为每次签名增加一次公钥运算；就 RSA 而言，公钥验签（小指数幂）通常比 CRT 签名（两支模幂）更快","感染式输出的代价只在随机数生成，运算与存储开销可忽略，接近零成本方案","双轨计算以并行冗余实现故障检测，代价主要体现为运算面积与执行时间的近似翻倍","感染式输出所需的随机值可直接复用本次签名随机化填充（如 PSS 盐值）已用的随机数，因而不构成独立的资源开销项","","ABCE","A、B、C、E正确：随机结果生成依赖随机数发生器吞吐；防护叠加的成本累积正是预算内取舍的原因；输出验签的固定代价是增加一次公钥运算且 RSA 验签显著快于签名；双轨计算带来面积与时间的成倍增长。D随机数需求本身就是实打实的资源项；F随机数复用会同时削弱填充随机化与感染式输出的独立性。","防护代价、部署组合"
"Y149","单选","故障注入","扩展","某物联网终端用 ECDSA 签名固件镜像。渗透测试中，攻击者用电压毛刺扰动标量乘的某个中间点坐标，设备输出基于偏离曲线的状态算出的“签名”。对该事件的分析，正确的是哪一项？","ECDSA 的安全性只取决于 nonce 的随机性，中间点出错只会造成本次验签失败，不会泄露私钥","错误“签名”相对合法结果的关系中含私钥信息，收集多条即可联立恢复私钥，思路与 RSA-CRT 的 Bellcore 攻击同源","曲线方程自带校验能力，偏离曲线的中间点会使标量乘立即报错终止，攻击者拿不到错误签名","该故障只影响单次签名的可用性，攻击者无法从错误结果中提取任何与私钥相关的信息","该现象等效于 nonce 被部分泄露，整改应集中在更换或加固随机数发生器","","","B","B正确：故障使标量乘在错误状态上进行，错误“签名”与正确参数间的关系方程可反推私钥，与 Bellcore 利用错误 RSA 签名的思路同类。A这正是“只需防护 nonce”的误区，中间点故障同样是私钥泄露通道；C标量乘默认不逐步校验曲线方程，故障点会一路参与运算并被输出；D错误“签名”正是攻击所需的原材料；E本次故障点在中间点坐标而非 nonce，加固随机数发生器没有对症。","ECC签名、故障攻击、中间点"
"Y150","单选","故障注入","扩展","红队对一个使用 AES-128 的量产加密设备规划倒数第二轮 DFA，除知道密钥长度为 128 位外不掌握任何密钥相关信息。下列哪一项是该攻击落地必须满足的前提条件？","目标必须是软件实现，硬件 AES 引擎的状态寄存器不可访问，攻击无效","必须先移除或绕过芯片上的掩码防护，否则差分筛选无法展开","能够采集同明文条件下的正确/错误密文对，并能控制故障注入的轮次与字节位置","需要预先恢复部分轮密钥比特，用于引导差分筛选的方向","需要获取设备主密钥用于在穷举后验证候选轮密钥的正确性","","","C","C正确：倒数第二轮 DFA 的实施前提正是同明文正确/错误密文对加上对注入轮次与字节位置的控制。B候选的筛选与验证依靠密文差分关系本身，无需任何先验密钥比特；D故障作用于轮状态寄存器，硬件 AES 引擎同样可被 DFA；A掩码只是增加差分分析难度，并非开展 DFA 前必须移除的条件；E候选筛选由差分关系完成，不需要也不应该先拿到主密钥。","DFA、实施前提"
"Y151","多选","故障注入","扩展","安全课程复盘对某 RSA-CRT 签名设备的故障攻击面，除经典 Bellcore 攻击外讨论了三类变体：扰动模数 N、扰动 CRT 指数 d_p/d_q、safe-error 观察指数比特。下列说法正确的有？","三类变体最终都以 gcd(s^e − m, N) 分解模数作为变现手段","扰动 N 的变体中，攻击者需要以设备实际使用的错误模数重建与签名的关系，而不是对原模数直接做 gcd 分解","扰动 d_p/d_q 的变体作用于私钥指数参数，其故障作用点与经典 Bellcore 攻击打在乘法中间值上的方式不同","safe-error 变体依靠注入后设备“报错中止/正常输出”的行为差异推断指数比特，并不依赖可利用的错误签名","三类变体的防护侧重彼此相同，一种针对输出错误的防护措施可以覆盖全部","扰动 N 的变体需要重放大量历史签名并做统计分析才能建立可用关系","","BCD","B、C、D正确：N 扰动变体的关键是攻击者以错误模数重建签名关系；d_p/d_q 扰动的注入对象是 CRT 指数参数；safe-error 的信息来源是设备对故障的行为响应差异。A“全部经 gcd 变现”是误区，safe-error 不产生可利用的错误输出，N 扰动的关系建立在错误模数之下；E各变体对应不同的防护侧重；F该变体的前提是确定错误模数并重建关系，不依赖重放大量签名。","RSA故障变体、谱系、变现路径"
"Y152","单选","故障注入","扩展","某 AES 实现部署一阶掩码，每个中间状态字节拆分为真实值与掩码份额分别运算。评估者断言：“倒数第二轮的单字节故障最多破坏一个掩码份额，差分关系随即被掩码搅乱，DFA 在该实现上不再可行。”对该断言的评价，正确的是？","一阶掩码会使单字节故障的差分扩散到全部 16 字节，2^32 的分组筛选不再适用","断言过于保守：掩码的引入降低了差分分析的难度，实际 DFA 会更容易","该断言与掩码无关：DFA 的约束只来自密钥编排，掩码不影响故障攻击的任何环节","断言的前提符合事实但结论错误：单字节故障确实只波及一个掩码份额，但一阶掩码只是增加差分分析复杂度，倒数第二轮 DFA 仍可实施","断言成立：掩码份额被破坏后密文差分与轮密钥候选失去关联，差分筛选失去约束来源","","","D","D正确：“故障破坏单个掩码份额”符合一阶掩码下的故障行为，但掩码只是增加差分分析复杂度而不能封死 DFA。B份额被破坏后差分与候选密钥仍存在可筛选的约束关系；C一阶掩码不会使差分自动扩散到全部字节，4 字节分组筛选结构仍然成立；E掩码正是通过与故障的交互影响 DFA，“与掩码无关”不成立；A方向判断颠倒，掩码增加而非降低差分分析难度。","DFA、一阶掩码、交互"
"Y153","多选","故障注入","扩展","某工业网关固件的指令跳过防护方案仅覆盖了权限比对的条件分支指令。安全评审认为该方案存在明显缺口，下列分析成立的有？","条件分支已被保护，控制流层面的跳过攻击即被完全阻断","攻击者可转而跳过授权失败锁定计数器的递增指令，绕过锁定后继续爆破","存储写入类指令依赖地址计算，故障无法对准，天然不受跳过影响","跳过会话密钥使用后的清零写入指令，可使密钥残留内存，扩大泄露面","函数返回等控制流指令未被覆盖，跳过它们仍可能整段绕过安全子流程","防护范围与已公开攻击案例涉及的指令类别对齐即可，无需覆盖其余类别","","BDE","B、D、E正确：攻击目标可向计数器类指令转移；写入类目标未被覆盖即留下敏感数据残留风险；函数返回类目标同样是必须覆盖的跳过面。A跳过目标不限于分支，保护分支不等于阻断全部控制流跳过；C写入指令同样可被对准并跳过；F防护需覆盖所有目标类别而非仅已知案例。","指令跳过、防护覆盖、目标转移"
"Y154","单选","故障注入","扩展","某芯片内置故障检测电路，一旦识别到异常电压或时钟即锁定并复位。攻击者计划在其敏感窗口内连续注入一串脉冲以提高命中机会。关于脉冲间隔与位置的协调，下列说法正确的是？","间隔越短累计命中率一定越高，协调间隔只是为了缩短攻击总耗时","多个脉冲的能量会在芯片内自动叠加，协调间隔是为了让叠加能量恰好等效于一次高能注入","协调间隔的主要目的是控制注入设备的功耗与发热，与命中和暴露风险无关","只要脉冲总数足够大，任意间隔下都能保证至少一次命中，间隔只需满足仪器发射能力","前一脉冲可能触发检测、复位或改变设备状态，使后续脉冲落在失效或已变化的窗口内，因此间隔与位置必须统筹设计","","","E","E正确：前序脉冲触发保护会使后续失效，间隔与位置必须协调。A间隔过短反而可能因保护触发而降低有效性；B多脉冲并非靠能量叠加起效；C协调的核心是命中与保护互动而非设备功耗；D任意间隔下保护可能使全部后续脉冲失效，“总数保证命中”是误区。","多脉冲、间隔协调、保护触发"
"Y155","多选","故障注入","扩展","某团队为安全启动流程提出组合防护方案：CFI＋关键分支重复执行比对＋双轨计算。评审会上出现以下意见，其中成立的有？","双轨执行的有效性建立在两路硬件相互独立之上，若同一故障能同时影响两路，比对可能发现不了偏差","三种机制叠加后指令跳过成功率降为零，产品无需再评估故障注入残余风险","CFI 限定了间接跳转与返回的合法目标，即使控制流被故障扰动，可到达的路径也被收窄","双轨执行的主要价值是提升运算吞吐，其一致性比对结果与故障检测无关","比对与安全响应逻辑自身也是可被跳过的指令，组合方案仍需评估这部分残余风险","CFI 只用于抵御软件内存破坏利用，对故障注入引起的控制流偏离没有约束作用","","ABE","A、B、E正确：双轨独立是有效前提；CFI 的目标限定收窄了被扰动控制流的可达范围；比对与响应逻辑自身被攻击的残余风险必须评估。A（第二处）组合防护不使成功率归零，残余风险评估不可省略；C双轨比对的目的正是发现单路受扰；F CFI 对故障扰动引起的控制流偏离同样有约束作用。","组合防护、CFI、双轨、残余风险"
"Y156","单选","故障注入","扩展","两台设备都宣称具备冗余比对防护。设备甲的比对覆盖全部关键分支，比对通路受独立保护；设备乙仅对个别函数做了比对，比对指令与业务代码在同一执行流中且无额外保护。对攻击者在两台设备上实施指令跳过的难度，下列评价正确的是？","难度相同：冗余比对只要存在，就会使跳过成功率降为零","两台设备上攻击都必然失败：任何形式的冗余比对都能检出全部跳过","比对实现质量只影响运行开销，对攻击难度没有影响","设备乙难度更高：比对范围小意味着每次比对更精确、更难被同时绕过","设备甲难度显著更高：比对的覆盖范围与实现质量直接决定其对跳过攻击的削弱程度","","","D","D正确：比对的覆盖范围与实现质量直接决定其对跳过攻击的削弱程度。A冗余比对使成功率下降但不为零；E“任何防护必然检出”取决于覆盖与实现质量；C实现质量正是决定削弱程度的关键；B覆盖范围小意味着大量指令不受比对保护。","冗余比对、覆盖质量、攻击难度"
"Y157","多选","故障注入","扩展","对某安全芯片固件做 Safe-Error 攻击面审计，目标是找出“注入后行为差异可泄露秘密”的代码位置。下列哪些代码模式应被列入审计重点？","在匹配与不匹配时返回不同错误码的口令比较逻辑","由密钥比特决定是否执行的冗余乘法分支","执行耗时随秘密比特取值稳定变化的条件更新操作","所有操作无论秘密取值如何都按相同序列执行、总耗时保持恒定的实现","秘密比特仅控制一个内部计数器的增减，且该计数器的取值不体现在报文、状态字或时序上","所有轮操作无条件固定执行的对称加密实现，其控制流不随密钥比特变化","","ABC","A、B、C正确：执行与否依赖秘密比特的分支、匹配与不匹配路径行为不同的比较逻辑、耗时随秘密稳定变化的条件操作，注入后的行为差异都会泄露秘密，是典型攻击面。D恒定行为的防御形态下行为差异不存在，Safe-Error 对其无效；E计数器取值不体现在任何对外观测中，攻击者没有可用的差异信号；F控制流与秘密无关，注入命中与否不随比特变化。","Safe-Error、攻击面审计"
"Y158","单选","故障注入","扩展","某安全芯片的 RSA 签名中，“是否执行额外乘法”由私钥当前比特决定。评估发现：在乘法对应位置注入故障时，比特为 1 与 0 两种情形下设备的报错表现不同，构成 Safe-Error 泄露。下列整改方案中，从原理上能消除该泄露的是？","对签名结果进行整体加密后再输出，使外部无法读取运算结果内容","通过控制流混淆增大攻击者定位该乘法指令的难度","在执行乘法与跳过乘法两条路径的末尾分别插入随机时长的空循环，使总时序不可预测","将分支改写为无条件执行：比特为 0 时乘入单位元素，使两种情况在耗时、功耗与对外行为上完全一致","将实现改为恒定时间风格后，无需再处理两条路径在报错与返回格式上的差异","","","D","D正确：恒定行为使两条路径对外不可区分，故障命中与否不再产生可观测差异，从信道上切断 Safe-Error。A该攻击只依赖“是否报错/是否延时”，不依赖输出内容；E恒定时间只统一了执行耗时，报错方式与返回格式不一致时行为差异信道依然存在；C混淆只是提高定位成本，行为差异本身仍在；A（第二处）随机延时叠加在两条路径各自的基线之上，二者间的行为差异依然保留。","Safe-Error、恒定行为、信道消除"
"Y159","多选","故障注入","扩展","实验室记录了针对同一款设备的两次独立攻击：攻击 X 中，注入使安全启动的签名校验指令被跳过，设备随后加载并运行了未签名固件；攻击 Y 中，注入使某条件乘法出错，攻击者仅依据多次注入的报错/不报错序列恢复了私钥指数。下列判断正确的有哪些？","X 与 Y 的防护侧重不同：前者依靠重复执行关键操作并比对结果，后者依靠恒定行为设计","X 利用的是“关键操作未执行”带来的直接后果，Y 利用的是可复现的行为差异做间接推断","X 本质上是 Y 的一个特例，因此针对 Y 的防护措施天然覆盖 X","Y 通常需要对多个分支位置分别注入并多次重复，逐位积累信息","两者的区别只在学术分类上有意义，工程上采用同一套防护即可不作区分","两者的成立都以“设备输出完整密钥”为前提","","ABD","A、B、D正确：指令跳过让校验落空直接达成攻击目的，Safe-Error 以行为差异为推断依据；前者靠冗余执行比对、后者靠两路径行为一致；Safe-Error 的信息按比特分散在各分支中，需要多位置多轮注入拼合。C两类攻击的目标与判据不同，防护互不替代；E防护手段与测试判据均不同，区分具有直接工程意义；F X 与密钥输出无关，Y 只需报错或时序信号。","指令跳过、Safe-Error、辨析"
"Y160","单选","故障注入","扩展","评估中，测试方已用参照样品确认注入位置与故障效应有效，随后对某款芯片指数的各分支按比特 0/1 分别注入，两条路径的报错情况与响应时间均一致，无法区分比特取值。对该项测试应下的结论是？","该结果同时证明该产品能抵抗包括指令跳过在内的所有故障攻击","应持续加大故障能量直至能够区分比特，再给出结论","行为一致说明测试方法选择错误，应改测输出密文的差分特性","行为一致说明注入实际未生效，本项应改判为“未测”","该产品的恒定行为设计使注入后的行为差异不可观测，Safe-Error 项判定为通过","","","E","E正确：在注入有效性已确认的前提下，0/1 两种情形行为完全一致正是恒定行为设计的目标表现，本项通过。C行为一致性正是该项的判据，密文差分属于另一类攻击的测试内容；D注入有效性已由参照样品确认，行为一致应归因于设计而非注入失效；A该项通过只说明 Safe-Error 信道被切断，不能外推到其他故障攻击类型；B加大能量已偏离 Safe-Error“安全故障”的模型。","Safe-Error、通过判据、注入有效性"
"Y161","多选","硬件可信根","扩展","某团队对一款 MCU 产品做安全能力盘点：掩模 Boot ROM 完成首级验签启动；OTP 中烧录设备根密钥；调试口采用基于该根密钥的挑战-响应认证；固件更新前校验更新包的来源与完整性。按可信根的功能分类（认证/度量/报告/更新），下列判断正确的有？","调试口的挑战-响应认证体现了认证 RoT 能力","更新前对更新包的来源与完整性校验体现了更新 RoT 能力","若还需向云端证明启动状态，现有能力不足，应补充报告 RoT，由其用受保护密钥对度量结果签名出具报告","该产品已具备 Boot ROM 与根密钥，四类功能能力天然齐备，无需再做缺口分析","认证、更新、报告能力相互独立，必须由互不相关的多颗安全芯片分别提供","度量 RoT 与报告 RoT 职责不同：前者产生完整性数据，后者使该数据可被远端验证方核验","","ABCF","A、B、C、F正确：基于根密钥的挑战-响应即认证功能的落地；更新包校验是更新 RoT 的典型职责；远端证明需报告 RoT 对度量结果签名，正是该产品的能力缺口；度量负责产出完整性数据、报告负责提供可验证性，职责边界清晰。D“天然齐备、无需盘点”是典型误区，缺少报告能力即是缺口；E功能独立不等于物理上必须分离，多类能力可共用同一信任锚。","RoT功能分类、能力盘点映射"
"Y162","单选","硬件可信根","扩展","RoT 设计评审中，某工程师提议：应用启动完成后，由应用层代码反向校验 Bootloader 与 Boot ROM 的完整性，使信任链“从应用层开始向下验证”。评审组最恰当的结论是？","同意：应用层功能最丰富、运行权限最高，由它校验底层最为可靠","同意：前提是反向校验全部采用更高强度的签名算法","不同意：主要理由是反向校验会明显拉长启动时间，影响用户体验","不同意：信任只能从上电后的信任锚开始逐级向上传递，后启动的应用无法为更早运行的代码提供信任基础","不同意：除非把应用代码也固化进片内 ROM，使其取得与 Boot ROM 同等的地位","","","D","D正确——指出方向性错误的本质：信任链自信任锚逐级向上传递，后启动的下游无法为上游提供信任基础。A混淆了“权限高低”与“信任先后”；B校验强度弥补不了信任方向颠倒；C启动时间是工程代价，不是信任模型不成立的理由；E改变代码存放位置并不改变信任链仍须自起点向上传递的事实。","信任链传递方向、评审误区"
"Y163","多选","硬件可信根","扩展","安全团队对某多 RoT SoC 做“信任域穿透”风险评估，该芯片集成应用处理器、基带、TEE 与外设安全协处理器四个信任域。下列设计决定中，会显著增加穿透风险的有？","外设安全协处理器与 TEE 共用同一根密钥，且互相接受对方请求而不校验来源","基带 RoT 请求访问 TEE 资源时，由 TEE 侧验证请求签名并比对授权策略后放行","应用处理器 RoT 持有直接修改 TEE 内存保护配置的硬件权限，且该操作无需 TEE 侧确认","各信任域使用相互独立的密钥体系，域间访问经硬件防火墙检查","生产调试模式保留从应用域直达基带安全内存的通路，且启用时不校验当前信任状态","为每个信任域配置独立的固件验签与防回滚机制","","ACE","A、C、E正确：共用根密钥且无来源校验，攻破其一即可冒充另一方；应用域可单方面改写 TEE 隔离配置，是典型的未受控跨域控制点；不校验信任状态的调试通路为跨域直通留下后门。B是显式授权的良好实践，会降低穿透风险；D独立密钥加硬件防火墙正是抑制穿透的手段；F域内加固不增加穿透风险。","多RoT协同、信任域穿透"
"Y164","单选","硬件可信根","扩展","某设备安全启动链为 Boot ROM → Bootloader → 内核。渗透测试发现：利用某硬件缺陷可绕过 Bootloader 的签名校验，直接引导自制内核。下列影响分析最准确的是？","信任链中间环节被绕过后，其下游所有环节的信任保证随之失守，攻击者可决定系统启动后执行的全部代码","应用数据均经加密存储，因此启动链被绕过不构成实际风险","仅 Bootloader 一个环节受影响，Boot ROM 与内核的安全性不受波及","影响仅存在于启动瞬间，系统运行起来后可信状态会自动恢复","只要 Boot ROM 本身完好，被替换的内核仍应视为可信","","","A","A准确描述了中间环被绕过的传导效应——下游信任保证全部失守。B数据加密与启动完整性属不同防护目标，抵消不了执行流被篡改的风险；C被绕过的正是承上启下的一环，内核的信任来源随之丧失；D不存在“自动恢复”，被替换的内核将持续掌控运行期行为；E Boot ROM 完好只保证它验过的下一级，下一级被绕过后链条已经断裂。","信任链断裂、失效传导"
"Y165","单选","硬件可信根","扩展","安全团队复盘 checkm8 事件并填写漏洞技术档案，“漏洞本质与波及范围”为档案核心字段。下列描述与该漏洞实际情况一致的是？","属于 Secure Enclave 固件的密钥管理缺陷，导致设备密钥被旁路泄露","属于 BootROM 签名校验算法被密码学攻破，任意自制固件均可通过验签","属于 iOS 内核的竞态条件漏洞，可由恶意应用在后台持续尝试触发","属于基带处理器固件的远程内存破坏漏洞，可经蜂窝网络远程利用","属于 BootROM 中 USB 处理逻辑的堆溢出，波及 iPhone 4s 至 X 等数亿存量设备","","","E","E正确：checkm8 是 BootROM 中 USB 处理逻辑的堆溢出，影响 4s 至 X 世代的数亿设备。A组件定位错误，漏洞与 Secure Enclave 的密钥管理无关；B混淆了“内存破坏绕过签名流程”与“签名算法被攻破”，验签算法本身未被攻破；C定位错误，漏洞不在 iOS 内核且无需应用参与；D定位错误，与基带和远程利用无关。","checkm8、BootROM漏洞定性"
"Y166","多选","硬件可信根","扩展","某实验室购入一批搭载 Tegra X1 早期芯片的 Switch 用于可信启动教学，需评估其 BootROM 风险（Fusée Gelée 漏洞）。下列判断正确的有？","只要实验室网络隔离良好、设备从不接入外部网络，该漏洞即不具备被利用的条件","漏洞被利用后攻击者可在启动早期运行未签名代码，这是社区自制系统（homebrew）得以实现的基础","该漏洞需要先在设备系统内安装恶意应用，才能完成完整的触发链","采用后续修复版芯片（mariko）的设备不受该 BootROM 缺陷影响","该缺陷的触发依赖存储卡中预先植入的恶意引导文件，仅更换存储卡即可根除风险","拥有物理接触条件的攻击者可让设备进入 RCM 恢复模式，并经 USB 注入超长数据触发溢出","","BDF","B、D、F正确：启动早期未签名代码执行是 homebrew 的技术基础；缺陷在后续芯片版本（mariko）中被修复；物理进入 RCM 后经 USB 注入超长数据即构成完整触发。A这是物理接触型攻击，与是否联网无关；C触发链在恢复模式的硬件层完成，无需系统内恶意应用；E触发依赖 USB 注入而非存储卡内容。","Fusée Gelée、风险评估"
"Y167","单选","硬件可信根","扩展","某整机厂采购评审中，芯片供应商就其芯片历史上的一处 BootROM 漏洞作出说明。下列说明符合 BootROM 漏洞工程处置常识、可信度最高的是？","“该缺陷源于晶圆代工厂的工艺偏差，我们已向代工厂索赔并完成工艺整改，涉事批次的风险随之解除”","“该漏洞利用需要专业设备与实验室条件，因此对已售设备我们不采取任何工程措施”","“该缺陷仅存在于早期掩膜版本的 BootROM，现售芯片已改进；对存量设备我们评估了熔断与启动流程调整方案以收窄利用面”","“我们已通过系统更新向全部存量设备推送 BootROM 修复补丁，相关风险已完全清零”","“我们为存量设备提供付费更换芯片服务，并承诺旧芯片经下次系统更新后达到同等安全等级”","","","C","C的表述与工程现实一致：新芯片改进 BootROM，存量设备以熔断与流程调整收窄利用面。A工艺整改无法改回已装机芯片中固化的缺陷代码；B以利用门槛为由放弃缓解，违背缩小利用面的处置原则；D系统更新通道分发不了 BootROM 补丁；E旧芯片不可能经系统更新达到修复后的安全等级。","BootROM处置、话术甄别"
"Y168","多选","硬件可信根","扩展","某整机厂为新机型选型主控芯片，法务部门拟将 BootROM 安全要求写入采购合同。依据 checkm8 等案例的行业教训，下列条款合理的有？","要求芯片商提供 BootROM 投片前安全审计的报告或等效声明","约定发现 BootROM 漏洞时，芯片商以后续硬件版本修复，并配合评估利用面收缩方案","要求芯片商承诺对已交付芯片的 BootROM 提供在线修复服务","将 BootROM 审计结果作为验收门槛，未通过审计或拒绝披露的批次不予验收","要求芯片商在 BootROM 中预留远程调试接口，以便投片后实施软件修补","约定以行业现行强制标准作为 BootROM 质量的唯一保证，芯片商无需另行审计","","ABD","A、B、D正确：投片前审计报告是供应链可合理索取的证据；与“后续硬件修复加利用面收缩”的现实处置路径一致；将审计披露设为验收条件符合供应链披露要求。C BootROM 交付后不存在在线修复通道；E预留远程调试接口会扩大利用面，与缩小利用面的原则相悖；F现行标准不能替代审计，也无法作为质量唯一保证。","BootROM、供应链安全条款"
"Y169","多选","硬件可信根","扩展","某安全芯片的生命周期状态需在封装后由产线与维修节点现场推进，且要求任一转换一旦完成即不可回退。以下哪些状态存储方案满足该要求？","OTP 熔丝：烧写使位元由逻辑 0 永久变为逻辑 1，无擦除机制","掩膜 ROM：状态值在流片时固化，物理上完全不可改写","NOR Flash 保留扇区：固件把新状态写入并擦除旧状态记录","掉电保持 NV 寄存器：可通过专用寄存器命令多次改写状态值","板载 CPLD 寄存器：整机主机通过 I2C 写入状态并依赖备电保持","熔丝计数器：每次状态推进烧断一位，状态由已烧断位数编码且无任何复位手段","","AF","A、F正确：OTP 熔丝烧写后永久保持、无法回写；熔丝计数器单调递增且无复位机制，既支持多步推进又天然排除回退。B掩膜 ROM 不可改写也就无法承载封装后的现场转换，状态机根本无法推进；C Flash 可擦写意味着状态可被改回历史值；D NV 寄存器支持命令多次改写，可被回写；E状态保存在芯片之外且可反复写入，可被篡改。","生命周期状态、存储介质不可逆"
"Y170","单选","硬件可信根","扩展","红队演示中，攻击者声称可将已量产（PROD）的芯片回退到可调试状态。团队讨论“防回退的根本保障是什么”，以下哪项认识正确？","生命周期状态转换记录同步到片外日志服务器，异常回退可被事后追溯","生命周期状态保存在一次性可编程熔丝中，只能烧断不能恢复，物理上排除回退","安全固件维护状态变量并做上电一致性自检，防止软件篡改状态","制度上禁止状态回退，回退操作须重新回流产线审批","BootROM 上电校验固件版本号不低于安全基线，阻止旧版本回退","","","B","B正确：熔丝只能烧断不能恢复，回退在物理上不可实现，这才是防回退的根本保障。A片外日志只能事后追溯，不具备阻止回退的对抗能力；C状态存于固件可写变量时，自检逻辑可随固件一起被替换，无法构成信任根；D制度与流程依赖执行纪律，无法对抗有意绕过；E版本号校验防的是固件降级，状态本体若可改写，该校验无法阻止状态回退。","状态防回退、eFuse"
"Y171","多选","硬件可信根","扩展","某运营商批量淘汰服役到期的安全网关设备，处置方案讨论中提出以下做法。哪些符合 EOL（生命周期终止）迁移要求？","将芯片转入 EOL 终态，并熔断全部剩余的调试与更新通路","退役设备按原 PROD 状态入库封存，保留数据以便日后资产追溯","转入 EOL 前擦除芯片内密钥与用户敏感数据，转换完成留档记录","为简化流程，只执行数据擦除，芯片状态无需专门转换","EOL 为终态，转入后不再存在合法的后续状态转换","设备按 PROD 状态流入二手市场，由购买者自行决定是否做 EOL 处理","","ACE","A、C、E正确：转入终态并熔断全部通路，确保退役设备不残留可利用能力；先擦除密钥与敏感数据、转换后留档是 EOL 的标准动作；EOL 之后不存在合法转换，是生命周期单向性的终点体现。B按 PROD 封存意味着设备保有量产态能力且数据未清除，违背退役处理要求；D只擦数据不转状态会残留调试或更新通路；F带着量产能力与敏感数据流入二手市场将导致泄露风险。","EOL退役、迁移场景"
"Y172","单选","硬件可信根","扩展","某安全芯片规格书附录给出生命周期联动设计表，要求“每个状态下暴露的能力与密钥风险匹配”。其中恰好有一行违背该要求，它是？","EOL：调试与更新通路全部熔断，密钥与用户数据完成擦除","FA：失效分析在授权实验室进行，敏感数据已在转入前擦除","DEV：调试口全开，密钥分区保持空白，仅运行开发固件","RMA：调试口受控解锁，原密钥保留以便维修后执行功能验证","PROD：调试口熔断，量产密钥在受控工位写入并禁止外部读取","","","D","D违背要求：RMA 保留原密钥并解锁受控调试，密钥将暴露在调试能力之下，入库前必须先擦除敏感数据。A EOL 熔断全部通路并完成擦除，终态不残留风险；B FA 在授权环境进行且转入前已擦除敏感数据，能力与风险匹配；C DEV 调试暴露最大时密钥分区为空，匹配；E PROD 先熔断调试口再写密钥，密钥无对外读取通路，匹配。","状态-密钥联动、设计表核查"
"Y173","多选","硬件可信根","扩展","某产品同时提出两项需求：①以低电路开销生成固定的设备根密钥；②支撑挑战-响应空间足够大的设备认证协议。关于 PUF 类型选型（SRAM PUF / RO PUF / Arbiter PUF），下列说法正确的有？","三类 PUF 的熵源均来自工艺失配，因此类型选择对安全架构设计没有影响","需求①下，SRAM PUF 复用已有存储器，在电路开销上通常更有优势","需求②下，Arbiter PUF 的挑战-响应对规模优势明显，但需针对机器学习建模攻击补充防护设计","需求①也可用 RO PUF 实现，但需专用振荡器电路；其挑战靠灵活选择比较组合构造，灵活度高于 SRAM PUF","只要都基于工艺失配，三类 PUF 的响应可在任何协议中直接互换而无需修改协议","选型应综合评估目标工艺下的熵源质量、可用电路资源、攻击面与防护成本，不同类型在各维度表现不同","","BCDF","B、C、D、F正确：复用已有 SRAM 省去专用电路，契合低成本需求；Arbiter PUF 的 CRP 丰富但建模攻击风险必须纳入防护；RO PUF 需专用电路但挑战构造灵活；多维综合评估正是选型的正确方法论。A类型与安全强度相关（如 Arbiter 的建模风险、SRAM 的 CRP 规模），“没有影响”是误区；E不同类型的响应格式、CRP 规模、防护需求不同，协议不可直接互换。","PUF类型对比、选型"
"Y174","单选","硬件可信根","扩展","安全审计人员审查一套已量产的“PUF＋模糊提取器”实现，重点评估辅助数据（helper data）是否泄露密钥。下列说法正确的是？","将密钥按位打乱顺序后存入 helper data，即不构成密钥泄露","为方便比对，helper data 中应直接加入由最终密钥派生的校验字段","应对 helper data 开展熵分析，确认其与密钥之间不存在可利用的信息关联，这是判断 helper data 能否公开存储的依据","只要 helper data 经 AES 加密后存储，即使其中包含完整密钥也满足不泄露要求","只要 helper data 的长度大于密钥长度，就一定不会泄露密钥信息","","","C","C正确：熵分析验证 helper data 与密钥的独立性，是其能否公开存储的判断依据。A打乱顺序只是置换，信息内容未变，不改变泄露本质；B由最终密钥派生的校验字段会向攻击者提供离线验证途径，构成泄露渠道；D helper data 的安全前提是自身不含密钥信息，加密包裹完整密钥违背该前提；E泄露取决于信息内容而非长度。","模糊提取器、helper data泄露评估"
"Y175","多选","硬件可信根","扩展","设计团队的目标是设备在 10 年寿命终点仍能可靠恢复 PUF 密钥。下列措施中有助于实现该目标的有？","量产时筛选出当前误比特率为零的芯片并剔除其余芯片，即可免除纠错设计","按寿命终点的误比特率（BER）预测值预留纠错码冗余度，而不是只按出厂实测 BER 设计","取消 helper data 机制，改用多次上电重试直至恢复成功","定期 refresh helper data，使辅助数据跟随器件特性的缓慢漂移更新","让 PUF 电路全生命周期持续通电，避免上电扰动以保证读数稳定","对 PUF 响应进行多次测量并做多数表决，抑制随机的读取抖动","","BDF","B、D、F正确：以寿命终点 BER 为设计输入预留纠错余量；refresh helper data 跟随特性漂移更新；多数表决抑制随机抖动，都是应对稳定性问题的有效措施。A当前 BER 为零不代表寿命终点仍为零，老化漂移无法靠出厂筛选消除；C重试无法克服超出纠错能力的持久性漂移，取消 helper data 使恢复机制失效；E持续偏压会加速 NBTI 等老化，对 SRAM 类 PUF 还会破坏上电初值机制。","PUF老化、寿命终点稳定性"
"Y176","单选","硬件可信根","扩展","某支付终端原将设备私钥以密文形式存于片外 Flash，现考虑改为“PUF＋模糊提取器在每次上电时于片内重建密钥”。相对于原方案，该改动带来的核心安全收益是？","密钥不以任何形式长期存在于非易失存储器中，降低了攻击者通过拆解读取存储介质直接获得密钥的风险","密钥在片内重建后运行全程再无暴露面，无需再做任何运行时防护","片上重建的密钥与 NVM 存储的密钥安全等级完全相同，改动只是密钥存放位置不同","引入 PUF 后终端不再需要密钥管理体系，证书与密钥撤销流程可全部取消","PUF 重建密钥不涉及错误率与恢复时间问题，上电后总是立即可用","","","A","A正确：密钥不落盘使 NVM 拆解攻击失去目标，这正是该方案的核心价值。B运行时密钥仍存在于 SRAM 与寄存器中，暴露面与防护需求依旧存在；C两者威胁模型不同（静态存储攻击 vs 上电恢复窗口攻击），“完全相同”是误区；D PUF 只解决根密钥的生成与保护，证书生命周期管理仍不可替代；E集成时必须评估错误率与恢复时间，恢复需要时间且有失败概率。","PUF集成、密钥不落盘"
"Y177","多选","硬件可信根","扩展","应急响应确认一起攻击：某设备启动代码验证了代码段签名，但镜像头部中的加载地址与镜像大小字段不在签名覆盖范围内，攻击者构造的特制镜像被启动代码接受。关于该案例的分析与整改，下列说法正确的有？","加载地址被篡改后，启动代码可能把代码复制到攻击者指定的内存位置，验签对象实际被“调包”","该案例表明签名算法强度不足，应更换更长的密钥并重新发布全部镜像","镜像大小被篡改会使校验或加载范围与真实镜像不一致，可导致校验绕过或越界访问","可将代码段验签替换为对头部字段的 CRC32 校验，同样能发现字段被篡改","整改方向是把全部元数据字段纳入签名覆盖范围，使任何字段被改都导致验签失败","只要代码段本身未被修改，元数据被篡改不会影响启动过程的安全性","","ACE","A、C、E正确：启动代码按攻击者指定的地址搬运代码，验签对象与实际运行的镜像可不一致；镜像大小决定校验与拷贝边界，篡改它可以只校验一半内容或越界写入；把全部元数据纳入签名覆盖正是针对本案例根因的整改。B缺陷出在签名的覆盖范围而非算法强度，换密钥解决不了字段被改；D CRC 无密钥保护，攻击者改完字段可重算 CRC，只防误码不防蓄意篡改；F元数据决定加载语义，被篡改即破坏启动安全，与代码段是否被改无关。","镜像元数据、签名覆盖范围"
"Y178","单选","硬件可信根","扩展","某设备采用 A/B 双分区升级，新固件已写入备用分区并通过签名校验，系统即将切换启动标记并重启进入新系统。关于 commit（提交）标志的写入时机，正确的做法是？","备用分区写入完成并通过验签后立即写入 commit 标志","重启前写入 commit 标志，以保证掉电后标记状态的一致性","由 OTA 服务器在确认下载完成后远程下发 commit 指令","新系统成功启动并稳定运行一段时间后写入 commit 标志","新系统内核解压加载完成时即写入 commit 标志，尽早锁定升级结果","","","D","D正确：commit 在成功启动并稳定运行一段时间后写入，可确认固件真实可用，保留回退窗口。A验签通过只说明固件未被篡改，不能证明运行正常，立即提交会在刷入“签名正确但功能异常”的固件后无路可退；B重启前提交同样是过早提交，掉电一致性应靠标记写入的原子性设计保证；C服务器无法感知设备本地的运行健康状况，commit 必须由设备根据自身自检结果判定；E内核解压完成时外设、驱动等尚未得到验证，此时提交仍可能把后续才暴露的故障固件锁死为唯一版本。","A/B升级、commit时机"
"Y179","多选","硬件可信根","扩展","某咨询团队为不同客户的产品规划安全启动验证失败后的处置策略。下列产品与策略的搭配（含其理由）中，哪些体现了对安全性与可用性的恰当权衡？","密钥管理安全元件选择 halt：验证失败时停止一切执行，绝不运行未经验证的代码，以保住密钥资产","消费级智能音箱选择 recovery mode：验证失败后进入受控恢复流程，让用户可自助修复，兼顾可用性","车机信息娱乐系统选择 halt：主镜像验证失败时立即锁死整车全部功能，彻底杜绝运行风险","输液泵等医疗设备选择 recovery 优先：验证失败的固件可在工程师远程监督下临时运行，先保住治疗功能","银行 U 盾类安全设备选择 recovery：验证失败后进入恢复模式，允许维修网点加载未签名的检测固件定位故障","偏远地区无人值守的工业网关选择 fallback：验证失败时自动回退到已验证的上一版本，继续提供服务","","ABF","A、B、F正确：安全元件核心资产是密钥，halt 安全性最高的权衡恰当；消费产品重可用性与自助修复，受控 recovery 合理；无人值守设备自动回退到已验证旧版本，在不引入未验证代码的前提下保住可用性。C信息娱乐系统不承担行车控制，锁死整车的可用性代价远超安全收益；D医疗设备运行未经验证的固件可能直接危害患者，“临时运行”属于误区；E允许未签名检测固件进入安全设备等于给攻击者开后门。","验证失败策略、场景权衡"
"Y180","单选","硬件可信根","扩展","某型号设备曾推送 v5.0 固件，该版本存在已被公开利用的安全漏洞。厂商随后将设备端记录的最低可接受版本提升至 v5.1。攻击者获取了当年官方发布的 v5.0 完整升级包（签名仍然有效），诱导设备安装。关于防降级机制的作用，正确的说法是？","最低可接受版本应随每次升级重置为设备当前版本，方便用户回退到任意历史版本","设备端校验升级包版本号低于最低可接受版本 v5.1，拒绝安装，即使其签名验证通过","签名验证通过即表明包来自厂商且内容完整，属于可信固件，应正常安装","设备可放行安装，再由运行时自检检测 v5.0 的漏洞利用行为并加以拦截","防降级检查只需在 OTA 服务器端实施，服务器不再下发旧包即可，设备端无需再做版本检查","","","B","B正确：防降级规则是升级包版本不得低于最低可接受版本，v5.0 低于 v5.1 即被拒，签名有效不能豁免版本检查，这正是对“合法签名旧包”攻击的标准防御。A把下限重置为当前版本等于允许回退到任意旧版本，防降级下限应单调提升；C签名只证明来源与完整性，不证明版本没有已知漏洞；D运行时自检无法可靠弥补已知的版本级漏洞，放行降级后攻击者往往在自检生效前即可完成利用；E攻击场景恰恰绕过了服务器，设备端版本检查是不可替代的最后防线。","OTA防降级、最低可接受版本"
"Y181","单选","故障注入","扩展","某芯片 Boot ROM 使用 RSA-2048 验签启动镜像，验签实现经审计无已知密码学缺陷。安全评估发现：在 ROM 执行“验签结果是否通过”的条件分支附近注入一次时钟毛刺，即可让设备加载未经签名的固件。尽管密码算法本身足够强，该攻击仍然成立，其核心原因是？","Boot ROM 的代码区被毛刺改写，攻击者向其中写入了自定义验证逻辑","RSA 验签计算过程被毛刺扰动后输出了错误的“成功”结果","毛刺攻击使签名私钥泄露，攻击者随后自行签发合法固件","“比对是否通过”的分支判断属于纯指令执行，不受密码算法强度保护，单点毛刺即可使其跳过失败路径","毛刺在镜像存储介质中翻转了比特，使镜像内容恰好变为签名数据覆盖的合法形式","","","D","D正确：比对分支是普通指令流，无密码学防护，毛刺使失败分支不执行即完成绕过。A Boot ROM 为掩膜固化代码，毛刺不能改写其指令；B验签计算即使被扰动也只会产生失配结果走向失败，攻击并不需要也不太可能让计算“输出成功”；C比对点毛刺不涉及密钥，攻击者全程没有获得签名能力；E毛刺作用于处理器执行过程而非存储介质，镜像内容无需改变。","验签比对点、毛刺绕过"
"Y182","单选","故障注入","扩展","攻击者对某安全启动流程实施电压毛刺攻击，目标是加载一块自己编译、完全未签名的固件。攻击者没有签名密钥，也不打算伪造签名，只计划单次注入。毛刺选择在下列哪个动作执行的时刻注入，最有可能达成目标？","RSA 模幂运算的中间轮次","SHA-256 压缩函数的第一轮迭代","验签开始前镜像头的 CRC 校验","“验签结果与期望值比对失败则停机”的条件分支判断","签名值的读取与字节序转换","","","D","D正确：比对分支是纯指令判断，单点毛刺使其跳过失败处理直接放行，正是达成目标的最小打击点。A扰动模幂只会使验签结果更偏离正确值、走向失败分支，该思路对应密钥恢复类攻击而非绕过加载；B扰动哈希计算同样造成摘要失配，验证仍以失败告终；C头 CRC 校验与签名有效性判定无关，跳过它不改变验签比对的结局；E扰动签名值读取与转换会破坏签名本身，效果等同于验签失败，与攻击目标相反。","注入点选择、比对分支与密码计算"
"Y183","单选","故障注入","扩展","某设备安全启动流程为：①校验“镜像长度不超过 RAM 缓冲区上限”；②按镜像头声明的长度将镜像复制到缓冲区；③验证签名；④跳转执行。安全分析确认：复制阶段存在缓冲区溢出，可在③之前劫持控制流。攻击者已构造超长镜像，计划用单次毛刺完成利用，最应瞄准的注入点是？","③中验签模幂运算的核心循环","①中长度值与缓冲区上限的比较判断","③中镜像摘要与签名内摘要的比对分支","④中跳转目标的权限检查指令","镜像头 CRC 校验的通过判断","","","B","B正确：毛刺打穿长度比较后，超长镜像按声明长度进入复制阶段，缓冲区溢出随即在验签前劫持控制流。A模幂属于密码计算域，扰动它不产生放行效果，且溢出发生在③之前，该阶段不会被执行到；C摘要比对与③的验签同样位于复制之后，届时控制流已被劫持，攻击无需也不能依赖它；D跳转发生在最后，溢出接管控制流后该指令不会按原路径执行；E头 CRC 只保证头部完整性，超长的长度字段仍会被①的比较拒绝，跳过它对溢出目标没有帮助。","注入点与启动时序"
"Y184","多选","故障注入","扩展","某团队为新产品制定启动链故障注入评估清单，要求列入所有“失败路径可能被毛刺跳过”的判断点。下列哪些位置应当列入清单？","Boot ROM 中验签结果与期望值的比较分支","OTP/eFuse 安全启动使能位读出后的有效性校验","镜像头中加载地址与长度字段的边界检查","Boot ROM 掩膜存储单元本身的比特保持特性","应用层 TLS 握手中的服务端证书校验","调试端口在启动完成前关闭的条件判断","","ABCF","A、B、C、F正确：验签比对是纯指令判断，毛刺可使其失败分支不被执行；使能位校验被击穿时设备可能按“安全启动未配置”继续启动；地址与长度检查被跳过后超限或错址镜像可进入加载；调试口关闭判断被跳过，产品将带着开放调试口完成启动。D毛刺作用于执行中的判断而非存储单元，掩膜 ROM 内容不会被改写，不属于“可被跳过的判断点”；E TLS 证书校验属于运行期网络行为，不在启动链范围内。","启动链注入面识别"
"Y185","多选","硬件可信根","扩展","某企业为远程验证平台选择判定策略，安全团队在“黑名单（记录已知恶意度量值）”与“白名单（记录已知良好度量值）”之间权衡。下列判断正确的有哪些？","黑名单只能拦截度量值已入库的恶意配置，对首次出现的恶意引导链不具备拦截能力","只要白名单条目足够多，就能穷举某机型全部合法启动状态，实现零误判准入","白名单会把“合法但尚未入库”的新配置一并拒绝，因此需要配套基线更新与人工复核流程来控制误拒","黑名单方式下，节点度量值只要不命中恶意条目，即可视为配置已通过安全验证","白名单规模随机型数量、固件版本分支和可选配置组合增长，多机型环境应按“机型+配置”维度组织基线库","基线可改为“每台节点与自身历史度量值比对”，这样无需集中维护库，也回避了跨机型差异问题","","ACE","A、C、E正确：黑名单是响应式策略，只对已收录样本有效；白名单默认拒绝未知值，“合法但未入库”会被误拒，必须以基线更新流程配套缓解；基线爆炸的根源正是机型、版本、配置的组合增长，按维度组织是标准应对。B启动配置组合随组件版本与可选项爆炸式增长，白名单无法穷举所有合法状态；D“未列入黑名单”不等于“已验证良好”，两者是完全不同的判定语义；F与自身历史一致不代表已知良好，持久化的恶意配置会一直与历史“自洽”通过。","白名单基线、黑名单取舍"
"Y186","单选","硬件可信根","扩展","某服务器已部署静态度量启动（S-RTM），安全架构师提议在加载敏感业务前引入 DRTM。下列评估结论正确的是？","启用 DRTM 后静态度量失去价值，短信任链已覆盖包括固件在内的完整启动流程","DRTM 之前阶段的度量空窗由 TPM 的防物理攻击能力兜底，无需其他手段","DRTM 与静态度量在硬件上互斥，同时启用会因争用度量通道导致 PCR 记录失败","DRTM 可与静态度量共存：静态链继续留痕完整启动流程，DRTM 在运行期按需为敏感业务重建短信任链，两者度量记录相互独立","DRTM 的可信基（如 SINIT ACM）出厂时固化在 TPM 内部，其完整性由 TPM 制造商终身保证","","","D","D正确：两种机制定位互补——静态链记录全流程、DRTM 提供运行期按需的短链起点，各自独立记录互不干扰。A“DRTM 覆盖全启动流程”是误区，它恰恰不覆盖触发之前的固件与 bootloader 阶段，静态度量因此仍有价值；B TPM 防物理攻击保护的是度量与报告功能，与填补 DRTM 之前的度量空窗无关，属于能力错配；C静态度量与 DRTM 并不互斥，两者使用独立的度量链，共存是常见部署形态；D ACM 等可信基由平台厂商以软件形式提供、加载后经启动动作度量锚定，并非固化在 TPM 芯片内部。","DRTM、静态度量共存"
"Y187","多选","硬件可信根","扩展","攻击者入侵某节点后，篡改了内存中的度量日志，试图掩盖某一组件的真实度量记录。关于该攻击的效果与验证方的对策，下列说法正确的有哪些？","攻击者只删除日志中恶意组件对应的事件，重放计算仍会与 PCR 保持一致","篡改事件内容后重放出的累计哈希一般不再等于 PCR 当前值，验证方比对即可发现日志异常","日志存放在普通内存中可被篡改，因此改过日志的节点仍能顺利通过远程验证","攻击者若想伪造与既有 PCR 匹配的日志，需要破解累计扩展的单向性，这在计算上不可行","验证方应默认日志不可信、只依据 PCR 判定配置，因为 PCR 已包含全部启动明细","把日志整段清空后，重放结果与 PCR 必然不一致，该节点报告会被拒绝采信","","BDF","B、D、F正确：PCR 由真实度量过程锚定，任何日志改动都会导致重放结果偏离 PCR 当前值而暴露异常；要伪造既描述目标配置、重放后又命中既有 PCR 值的日志，等价于攻破哈希累计的单向性，工程上不可行；空日志重放得到的初始累计值与真实 PCR 不符，验证方会拒绝该报告。A删除事件同样改变重放的累计值，与内容篡改一样会破坏与 PCR 的一致性；C日志可篡改恰恰意味着篡改会被重放比对发现并导致拒绝；E PCR 单向不可逆，单独的 PCR 无法解析出启动明细，日志是判定配置的必要输入。","度量日志、PCR锚定"
"Y188","单选","硬件可信根","扩展","运维提出质疑：“节点已开启 UEFI 安全启动，所有启动组件都通过签名校验，为什么接入集群还要上报度量值？”下列可作为回答依据的是？","度量启动能在验签失败时当场阻止问题组件运行，是比验签更强的本地防线","组件只要持有厂商签名，其度量值就必然与基线一致，上报度量值与上报版本号等价","度量值上报可以替代安全启动的验签流程，二者选其一部署即可","安全启动的验签由 TPM 芯片执行，上报度量值只是把验签结果转交给平台","安全启动只证明运行的代码带有有效签名，持有效签名的旧版本或漏洞组件仍会运行，度量上报让平台能核验“实际运行的具体配置”","","","E","E正确：签名只回答“代码来源可信”，不回答“运行的具体是哪个版本与配置”，度量上报恰好补上后者的可核验性。A度量启动不做本地拦截，说它“当场阻止”颠倒了机制职责；B签名与度量值没有必然对应关系，不同版本或配置下度量值不同，且哈希绑定内容而版本号只是标签，两者不等价；C两机制是互补关系而非替代关系，去掉任何一个都会留下能力缺口；D签名校验由平台固件执行，TPM 负责度量与报告，角色被混淆。","安全启动×度量启动、分工"
"Y189","单选","硬件可信根","扩展","某设备的存储根密钥 SRK 因误操作被清除且无备份。原有密钥树为 SRK→K1→K2，其中 K2 的加密 blob 曾备份到外部磁盘。现需恢复业务解密能力，正确的说法是？","重新初始化 SRK 后，TPM 会自动重建原密钥树并恢复 K1、K2","K2 的解开依赖 K1、K1 依赖 SRK，父密钥链断裂后 K1、K2 均无法恢复，只能重建密钥体系","K2 处于树的下层，可由 TPM 用内部主密钥直接解出，不受 SRK 丢失影响","将 K2 的 blob 导入新初始化的 SRK 之下，即可恢复使用","K2 的 blob 完好，可用专用工具直接从 blob 恢复 K2 私钥","","","B","B正确：私钥以“父加密子”的方式逐层封装，SRK 丢失即整棵树不可恢复。A错误，新 SRK 是新种子，旧子密钥不会随之重生；C错误，TPM 不存在绕过父密钥直接解下层 blob 的“内部主密钥”通道；D错误，导入的前提是先能用旧父密钥解开敏感区，链断了就无物可导；E忽略了 blob 只是父密钥加密后的密文，脱离密钥链无法解出。","TPM密钥树、SRK不可恢复"
"Y190","多选","硬件可信根","扩展","安全团队评审某工控设备的 TPM 授权配置，以下判断正确的有？","HMAC 授权能防窃听与重放，是因为认证值覆盖了会话随机数（nonce）与命令参数等新鲜性输入","策略授权本质上是口令的另一种编码，安全性与口令授权等价","口令授权随 TPM 命令以明文进入总线，抓包即可获得，关键对象应改用 HMAC 授权","策略授权可将对象的使用绑定到指定 PCR 度量值、允许的命令乃至时间条件上","只要口令足够长（如 64 位随机串），口令授权的抗窃听能力即与 HMAC 授权相同","TPM 的授权会话槽位充足，应用可无限并发建立授权会话","","ACD","A、C、D正确：HMAC 授权以会话 nonce 等新鲜性输入参与认证计算，重放的旧认证值不再有效；口令授权不加密不上总线保护，总线嗅探可直接截获；策略可通过 PCR、命令码、时间/计数器等断言组合约束使用条件。B正是“策略授权只是口令别名”的典型误区，策略授权是独立于口令的条件校验机制；E口令明文在场的结构性弱点不会因加长而消失；F芯片内授权会话槽位有限，属于真实资源约束。","TPM授权模型、口令/HMAC/策略"
"Y191","单选","硬件可信根","扩展","设备把“授权有效期截止记录”存于普通 NV 索引。系统被攻破后，攻击者可像正常固件一样调用 TPM 把该索引回写为旧值，从而延长授权。以下改法最对症的是？","将该索引设为禁止读取属性，攻击者读不到旧值自然无法回写","改由 RTC 每小时把当前时间刷新写入 NV，压缩可回写的时间窗口","改存普通闪存并增加 CRC 校验，防止存储位翻转","为该 NV 索引增加口令写授权，并确保口令不硬编码在代码里","改用 TPM 单调计数器设计：授权记录与计数器快照绑定，计数器只增不减，回写旧记录会使“快照大于当前计数”而暴露","","","E","E正确：单调计数器把“时间判断”换成“只增事实”，旧快照与新计数的矛盾使回滚无处遁形。A混淆了读锁定与写保护，且禁读会让正常校验也无法进行；B的写回仍由软件驱动，回写旧值照旧成立，反而加剧寿命消耗；C的 CRC 防的是偶发损坏而非蓄意回写，换了介质问题依旧；D的口令随固件在场，攻击者既可提取也可直接借用正常调用路径写回。","NV索引、单调计数器防回滚"
"Y192","多选","硬件可信根","扩展","某设备的业务密钥 K 在 TPM 内部生成并置于 SRK 之下，运维提出“把 K 的私钥明文导出到 U 盘备份”。以下说法正确的有？","TPM 命令会把 K 的私钥明文一并返回给调用方，拷贝保存即可","在 TPM 内生成的密钥，其私钥部分默认不出芯片，常规命令拿不到明文","若创建 K 时未设置 fixedTPM/fixedParent 等固定属性，可经 TPM 密钥复制机制在新父密钥保护下迁移备份","磁盘上的 K 密钥 blob 可安全备份，是因为其敏感区被父密钥加密，离开原 TPM（及其父密钥链）通常无法解出","把 K 的 blob 拷贝到另一台设备的相同路径下，即可照常使用","只要把 SRK 的授权口令写进备份脚本，其他设备就能解开 K 的 blob","","BCD","B、C、D正确：“私钥不出芯片”是 TPM 密钥生成的核心承诺；复制（duplicate）机制正是为可迁移密钥准备的合规备份路径，前提是属性允许；blob 的可备份性恰恰建立在父密钥加密之上，换机即失效。A颠倒了基本事实，创建命令返回的“私钥区”本身就是父密钥加密后的密文；E忽略了目标设备没有同一把父密钥来解封；F混淆了授权与加密，知道口令也解不开被 SRK 私钥加密的数据。","TPM密钥、不出芯片与备份"
"Y193","单选","硬件可信根","扩展","某企业终端的 TPM 授权口令由用户在开机认证中输入，多名用户连续输错导致 TPM 进入锁定状态，此后即使输入正确口令，授权调用也被暂时拒绝，业务受影响。IT 运维在符合 TPM 2.0 机制设计的前提下，恢复这些设备 TPM 使用的正确途径是：","让用户以正确口令连续调用 TPM，正确的授权值可以直接越过锁定检查","由持锁定管理（lockout）授权的实体执行锁定重置，清除失败计数并解除锁定","对设备断电足够长时间，使 TPM 中的失败计数丢失后自动归零","在操作系统中删除并重建用户账户，使 TPM 将后续调用识别为新的授权主体","重启设备若干次，失败计数在每次冷启动时清零，锁定随之解除","","","B","B正确：lockout authority 正是为管理与恢复锁定状态而设。A错在锁定期间授权检查整体被拒绝，与提交的口令对错无关；C错在失败计数持久保存于非易失存储，不会因断电丢失；D错在 TPM 授权主体与操作系统账户体系相互独立；E错在计数跨重启保留，冷启动不能清零。","防字典攻击、lockout恢复"
"Y194","多选","硬件可信根","扩展","某企业为不同设备组规划 BitLocker 认证模式，评审各组提交的选型理由。下列理由在技术上站得住脚的有：","高管出差组选 TPM+PIN：设备常处于睡眠状态且存在整包失窃风险，仅凭平台测量状态拦不住拿到整机的人","封闭机房组选仅 TPM：主要威胁是硬盘被拆走离线读取，仅 TPM 已能阻断该路径，且便于无人值守开机","核心研发组选 TPM+PIN：把 PIN 的熵叠加进解封条件，可在整机失窃场景显著抬高攻击成本","运维自动化组选仅 TPM：接受解封条件中不含用户知识因子这一代价，换取开机免交互","全员统一选仅 TPM：因为 TPM+PIN 会降低 FVEK 的加密强度，整体保密性反而不如仅 TPM","共享工位组选 TPM+PIN：因为 PIN 由 TPM 明文保存并逐位校验，天然支持多人分别审计","","ABCD","A、B、C、D正确：睡眠整机失窃正是仅 TPM 模式的防御弱项；拆盘离线读取是仅 TPM 能阻断的威胁且免交互有利于自动化；PIN 熵叠加进解封条件是 TPM+PIN 的核心增益；明确了单因子代价与免交互收益的交换关系。E错在 FVEK 的加密强度与认证模式无关，模式改变的只是解封条件；F建立在“PIN 明文保存”的错误前提上，审计结论也随之不成立。","BitLocker模式选型、单双因子"
"Y195","单选","硬件可信根","扩展","某配置为 TPM+PIN 的设备，其锁定策略折算后允许约每小时进行 10 次 PIN 尝试。若 PIN 为 4 位十进制数字，按此限速穷举全部候选组合大约需要：","约 3 年","无法估计，锁定机制使穷举在数学上不可行","约 17 分钟","约 42 天","约 4 天","","","D","D正确：10^4 个候选除以每小时 10 次得 1000 小时，约合 41.7 天。A明显高估，相当于把候选空间放大到十万量级再折算；B错在锁定只是限速，穷举仍是有限时间的可行计算过程；C把“每小时 10 次”误按“每秒 10 次”折算，10000 次尝试只需约 1000 秒；E把速率误按每小时 100 次折算，低估了一个数量级。","PIN熵量化、限速穷举估算"
"Y196","多选","硬件可信根","扩展","安全评估将企业的 BitLocker 恢复流程列为攻击面。下列属于对该攻击面的合理分析的有：","恢复密钥托管在目录中后，钓鱼与社会工程就无从获得密钥，恢复通道不再是攻击面","攻击者可冒充被锁定的员工联系服务台，通过社会工程套取该设备的恢复密钥","恢复通道的加密传输保证了密钥只能被设备本身读取，第三方截获后无法使用","攻破保存恢复密钥的目录服务器，可批量获取大量设备的恢复密钥","攻击者持有某设备的恢复密钥后，无需满足 PCR 匹配或 PIN 条件即可解密该设备的卷","仿冒“恢复密钥核验”页面的钓鱼网站可诱骗员工主动提交自己的恢复密钥","","BDEF","B、D、E、F正确：服务台身份核验是典型的社工突破口；托管服务器的集中性带来批量泄露风险；恢复密钥是独立于 TPM 的解封路径，绕过 PCR 与 PIN 条件；钓鱼页面可直接收集员工主动提交的密钥。A集中托管恰恰使恢复通道成为值得攻击的目标，社工与钓鱼仍然有效；C恢复密钥的价值在于持有即可解密，传输加密不等于与设备绑定。","恢复密钥、托管与攻击面"
"Y197","单选","硬件可信根","扩展","某安全网关需同时面向国内与国际市场交付，架构师提议主板上同时部署 TCM 与 TPM，由上层抽象层按市场分别调用。关于该方案，下列理解正确的是？","TCM 与 TPM 命令体系高度兼容，抽象层只需翻译少量算法参数即可统一调用","两颗芯片并存会造成平台度量链断裂，该方案在技术上不可行","TCM 与 TPM 功能定位相互对应，但分属不同标准与密码算法体系、接口命令互不兼容，须由各自调用栈分别适配，不能在命令层混用","因密码算法完全不同，TCM 与 TPM 的可信功能在本质上互不相通，双芯片方案没有工程价值","只要两颗芯片管脚封装兼容，即可在同一调用栈下直接互换使用","","","C","C正确：功能对应与体系差异并存，命令层不可混用、需分别适配。A命令体系不兼容，仅翻译算法参数不足以弥合差异；B两颗芯片可各自独立构建度量链，并存并不必然断链；D“算法不同导致功能本质不同”是误区，两者功能定位本质对应；E封装管脚兼容不等于命令协议兼容。","TCM/TPM、体系对照"
"Y198","多选","硬件可信根","扩展","某采用 TPCM 的工业终端要求“未经度量的代码不得在平台上运行”。关于该目标依赖的机制，下列说法正确的有？","该强制生效的前提是 TPCM 处于被动等待 CPU 调用的从属地位","TPCM 对平台总线与资源的控制能力，为“先度量后运行”提供了硬件层面的强制手段","运行放行决策可以依据度量结果作出，形成度量在先、运行在后的次序","若 TPCM 只保留度量与报告能力而取消控制能力，“未度量即运行”将失去硬件强制约束","该目标也可以由“CPU 先执行、杀毒软件随后查杀”的方式等效实现","TPCM 的控制能力意味着它接管 CPU 的指令执行，由它运行业务程序","","BCD","B、C、D正确：对总线/资源的控制使“先度量后运行”从建议变为强制；放行以度量结果为依据，度量在前、运行在后；缺少控制能力时仅有度量报告，无法在硬件层拦住未度量代码。A方向相反，TPCM 的价值恰在于不被动等待 CPU 调用；E属“先攻击后检测”的事后查杀，与本机制的执行前校验思路相悖；F控制是对平台资源的管控职能，TPCM 不承担业务计算。","TPCM、先度量后运行"
"Y199","单选","硬件可信根","扩展","在可信计算 3.0 培训交流中，关于“主动免疫”的含义出现了几种理解。符合其理念的是？","主动免疫指由可信根在隐藏分区保存系统干净镜像，感染后自动还原","主动免疫指防护体系以实时监控方式发现并查杀已知恶意代码","主动免疫指通过提高系统冗余度，使攻击造成的功能损失自动恢复","主动免疫指部署 IDS 主动扫描全网主机漏洞，在攻击发生前修补弱点","主动免疫指在程序执行前对其度量校验，并结合控制手段阻止未被信任的代码运行","","","E","E正确：执行前度量校验加控制放行正是主动免疫的核心。A属事后恢复手段，仍是“先攻击后处置”模式；B“主动免疫=实时杀毒”是误区，实时监控仍是基于特征的事后检测；C属容错与恢复思路，与执行前校验的理念不同；D混淆了“主动探测”与“主动免疫”，后者强调执行前的度量与控制而非漏洞扫描。","可信计算3.0、主动免疫"
"Y200","多选","硬件可信根","扩展","某成本敏感的终端平台拟用 fTPM（运行在 TEE 中的固件可信根）替代离散安全芯片。方案评审时，下列意见正确的有？","fTPM 的隔离性来自 TEE 与普通执行环境（Rich OS 侧）之间的隔离机制，而非独立芯片的物理边界","fTPM 完全等价于离散芯片，二者只是实现位置不同","若 TEE 自身被攻破，运行其中的 fTPM 所保护的密钥与度量值也将随之暴露","可信根既然能用固件实现，说明它本质上只是软件功能，普通操作系统守护进程同样可以实现","fTPM 与离散芯片在接口语义上可以做到一致，但物理隔离属性并不等同","fTPM 方案省去了专用芯片的采购与贴装成本，这是其在成本敏感平台的重要优势","","ACEF","A、C、E、F正确：固件形态的隔离依托 TEE 与 Rich OS 间的隔离机制；TEE 被攻破则 fTPM 的保护随 TEE 一同失效；接口可兼容而隔离属性不等同，需区分评估；零 BOM 增量是固件形态的核心优势。B“完全等价”是误区，物理隔离属性存在实质差异；D守护进程缺乏可信根所需的隔离基础，不能充当可信根。","fTPM、可信根形态取舍"
"Y201","单选","硬件可信根","扩展","某机构自建 CA，根密钥离线保管，仅用于签发中级 CA 证书，机构需通过密码应用安全性评估（密评）。关于该根密钥的存放与使用，最恰当的方案是：","将根密钥以加密文件形式存放于离线介质，签发时解密加载到服务器内存中完成签名","将根密钥交由多名管理员分段记忆保管，签发时在应用服务器内恢复合并后使用","将根密钥存放在应用服务器的 TEE 中，利用 TEE 隔离环境保护私钥运算","将根密钥托管在通过认证的 HSM 中，签发签名在 HSM 安全边界内完成，明文不导出","将根密钥存放在普通 PCIe 加密卡中，依靠卡内口令保护，调用方便且成本较低","","","D","D符合密评对高价值根密钥托管在认证硬件内、边界内运算且明文不导出的要求。A密钥最终在服务器内存中以明文存在，不满足根密钥在认证硬件内生成与使用的合规要求；B密钥分量在应用服务器恢复合并，等于明文暴露，不属于受控托管；C TEE 面向终端/应用层防护，对 CA 根密钥这类合规托管场景不满足“认证硬件”与物理防护要求；E普通加密卡无防拆清零与 FIPS/国密认证，不等同于 HSM。","HSM适用边界、CA根密钥托管"
"Y202","多选","硬件可信根","扩展","某公司 HSM 选型评审会上有以下发言，其中合理的有：","“吞吐是选型的唯一标准，TPS 指标拉满的设备一定是综合最优的选择”","“业务同时涉及国密 SM2/SM3/SM4 和国际 RSA/ECC，必须逐项核对候选设备的算法覆盖清单”","“密评要求设备持证，FIPS 140-3 或国密认证等级是硬性准入条件，不是可选项”","“接口协议（PKCS#11、厂商私有 API）无关紧要，反正都能调用，合同里可以不作要求”","“备份与克隆机制（如 token 分片）关系到灾备和密钥恢复，选型阶段应实际演练验证其流程可行性”","“应要求厂商现场演示防拆清零后的密钥销毁行为，验证物理防护的有效性”","","BCEF","B、C、E、F正确：算法覆盖是选型的核心维度，逐项核对才能避免上线后补丁式更换；安全认证是合规准入的硬性门槛；备份与克隆机制直接影响灾备可用性，选型阶段演练可暴露流程风险；防拆清零是物理防护的核心能力，现场验证属于合理的尽调手段。A吞吐唯一论是选型误区，认证、算法、接口、备份等维度同样决定设备能否满足业务；D接口协议决定系统集成方式与改造量，“无关紧要”是典型误区。","HSM选型维度、误区辨析"
"Y203","单选","硬件可信根","扩展","某银行采用“3-of-5”智能卡分片机制托管 HSM 密钥备份：恢复时需至少 3 张分片卡同时在场。对这一门限机制，以下理解正确的是：","为减少应急时的人员协调成本，任何 1 张分片卡即可独立完成恢复","5 张分片卡各自都等价于完整密钥，任取 1 张即可恢复使用","任意 3 张分片即可在 HSM 内重建密钥，少于 3 张无法恢复，且单张分片不能反推出完整密钥","分片的合并恢复应在普通办公电脑上完成后，再将结果灌入 HSM","门限机制是把密钥加密成 5 份不同密文，其中任意 3 份都能各自解密出完整密钥","","","C","C准确描述了门限秘密共享的性质：达到门限才能在安全边界内重建，低于门限无信息泄露。A单张分片低于门限值，从机制上就无法恢复，该说法违背 M-of-N 设计；B分片只是密钥的份额而非完整密钥，任取 1 张无法恢复；D恢复应在 HSM 安全边界内完成，在办公电脑合并意味着明文出界；E门限分片不是“多份各自可解的密文”，任意份额单独都不能解出密钥，该理解混淆了分片与多副本加密。","M-of-N门限、密钥分片备份"
"Y204","多选","硬件可信根","扩展","安全审计团队对某系统使用 PKCS#11 的情况进行检查，以下发现中确实构成安全风险（应当整改）的有：","高价值签名私钥同时设置 CKA_SENSITIVE=true 与 CKA_EXTRACTABLE=true，并以存放于口令保护文件中的弱密钥作为包装密钥执行导出","应用启动时以 User 身份 login 后，在服务整个生命周期保持登录会话不注销，会话句柄被多个线程长期共享","签名密钥设置 CKA_SIGN=true、CKA_EXTRACTABLE=false、CKA_SENSITIVE=true","调试阶段将某密钥 CKA_SENSITIVE 设为 false 以便读取明文验证算法，上线后未改回","为不同业务分配独立密钥，并通过 CKA_SIGN/CKA_DECRYPT 等属性限定各自用途","以只读（RO）会话访问令牌上的公开对象，且未执行登录","","ABD","A、B、D正确：敏感密钥可导出叠加弱包装密钥，等于为密钥被窃取留下通道；长期保持登录会话扩大误用与被滥用的时间窗口，属于会话管理不当；敏感属性关闭后密钥明文可被读出，遗留该配置属于高风险整改项。C这是签名密钥的标准安全配置（用途限定、不可导出、明文不可读），不构成风险；E最小用途限定是推荐做法，不构成风险；F只读会话访问公开对象无需登录，属正常用法，不构成风险。","PKCS#11、错误配置审计"
"Y205","多选","硬件可信根","扩展","某厂商的三级签名体系运行多年后，一位工程师提出多项“提效”改造。以下改造中，会破坏“密钥影响范围分级可控”这一安全目标的有：","为发布签名密钥配置在线 HSM，并保留签名前的双人审批","将离线 Root 私钥迁入常驻在线的签名服务器，缩短中间证书补发时间","Root 每次启用后立即归库封存，并完整记录操作日志","允许开发签名密钥在产线紧张时兼用于量产固件签名","在中间证书策略中限定开发证书的用途与有效期","取消开发签名代码中的“不可量产”标记，使所有签名产物在设备端一视同仁","","BDF","B、D、F正确：根常驻在线使最高层密钥长期暴露，离线根的意义被取消；开发密钥兼签量产抹平了层级边界，其泄露将直接波及量产固件；取消标记后设备端失去区分开发与量产签名的执行点。A发布密钥上在线 HSM 并保留双人审批属于层级内的正常配置，不破坏分级；C用后归库加日志是离线根纪律的正确执行；E限定用途与有效期是层级约束的常规实现。","签名密钥层级、红线识别"
"Y206","单选","硬件可信根","扩展","某签名服务的审批环节针对构建产物 A 的哈希完成，但签名服务从队列取出的实际待签对象已被替换为产物 B，造成“签非所审”。要最直接消除该风险，应在签名服务侧增加的控制是：","在审批流中追加第三名复核人，进一步降低人为疏漏","将签名服务部署到独立专网，与业务网络隔离","对队列中同一产物的重复签名请求做幂等去重","为审批单据附加数字签名，防止审批记录被事后篡改","签名前重新计算待签产物的哈希，与审批通过的哈希比对，一致方可执行签名","","","E","E以哈希为纽带在签名时刻重新确认“所审即所签”，直接封堵调包点。A增加复核人数不解决审批对象与签名对象之间绑定断裂的问题；B网络隔离不阻止队列内部的对象替换；C幂等去重面向重复请求，无法识别被替换后的不同产物；D保护审批记录防篡改，但未校验待签对象与记录的一致性。","签名流程、哈希绑定防调包"
"Y207","多选","硬件可信根","扩展","某厂商的发布签名密钥对应由离线 Root 签发的中间证书，现已确认泄露并启动密钥切换。关于切换方案，下列说法正确的有：","优先吊销泄露的中间证书，由离线 Root 重新签发新的中间证书，设备端信任锚保持不变","Root 轮换与中间证书轮换的工程代价相当，可随任意一次版本迭代顺带完成","新中间证书签发的固件仍能回溯到设备内置的 Root 完成校验，存量设备可正常接收新版本","切换到新密钥后，泄露密钥签发的历史版本会在所有设备上自动失去有效性","新中间证书签发的首个版本宜经灰度验证后再全量推送，防止新链在部分存量机型上出现校验异常","必须同步更换离线 Root 私钥并 OTA 更新全部设备信任锚，否则新版本无法通过校验","","ACE","A、C、E正确：在线使用的是中间证书，吊销并由 Root 重签即可完成同层轮换；校验链回溯到 Root 即通过，中间证书更换对存量设备透明；新链上线前灰度验证是密钥切换的标准工程步骤，可提前暴露兼容性问题。B Root 涉及离线保管与存量设备信任锚，轮换代价远高于中间证书；D已出厂设备的本地策略不变，历史版本不会“自动”失效；F泄露发生在中间层，Root 未被波及，无需动信任锚。","中间层轮换、灰度切换"
"Y208","单选","硬件可信根","扩展","某设备安全启动依赖 eFuse 中的 Root 公钥哈希。产品团队提议：为将来轮换方便，允许通过普通 OTA 包直接更新设备中的 Root 公钥。对该提议的评价，正确的是：","只要新公钥由签名服务签发，设备即可用它直接覆盖 eFuse 中的旧值","无需任何更新机制：设备只应内置一个 Root 且永不更新，轮换需求通过整机召回换板解决","不可直接采纳：信任锚更新本身必须受当前信任锚验签保护并配合防回滚等措施，否则信任链的根暴露在 OTA 通道的篡改风险之下","可以采纳：Root 公钥本身就是公开数据，不存在保密需求，明文下发没有风险","可以采纳：更新包通过 HTTPS 下载，传输加密已足以保证新公钥可信","","","C","C正确：信任锚是验证其他一切更新的起点，其自身更新必须由现行锚验签并防回滚，这正是提议缺失的关键保护。A eFuse 为一次性编程介质，物理上不支持覆盖旧值，且未说明以哪个可信主体验签；B“召回换板”在长生命周期设备上工程与成本均不可行，也放弃了安全的在线轮换能力；D公开不等于可信，公钥需要的是完整性保护而非保密性，混淆了两个安全属性；E传输加密只覆盖通道，无法约束被攻陷的签发与分发源头，端到端验签不可省略。","信任锚更新、eFuse特性"
"Y209","单选","硬件可信根","扩展","某产线安全工站为提升节拍，计划由 MES 服务器提前将整批 5000 台设备的密钥表下发到工站普通硬盘，注入时逐条读取。从密钥安全角度，该方案最应改进的环节是：","改由本地 HSM 按需逐份下发，一次注入一份、用后即弃","增加摄像头与操作录屏，覆盖密钥表读取的全过程","对硬盘上的密钥表文件整体加密存储，读取时再解密","将密钥表下发时间从提前一天改为产线上线前一小时","在工站与服务器之间部署 VPN 隧道，加密密钥表下发通道","","","A","A消除“全量密钥表落盘”这一最大攻击面，即使工站失陷也只暴露当次注入的单份密钥，符合最小暴露原则。C文件加密仍需在工站进程内解密使用，工站被植入恶意软件时全量密钥表照样可被窃取，攻击面未变；D只缩短了暴露时间窗，密钥表仍完整落盘，单次入侵即可获取整批密钥；E保护的是服务器到工站的传输段，风险点在密钥落盘后的存储与使用环节，措施未覆盖靶点；B摄像头与录屏属物理管控，可威慑人为违规但防不了工站软件静默窃取密钥表。","产线注入、密钥按需下发"
"Y210","多选","硬件可信根","扩展","一次产线配电波动导致 40 台芯片注入中断，供电恢复后如下处置恰当的有：","对中断芯片直接复测注入完成标志，标志为真即放行流入下一环节","将中断芯片的密钥状态标记为作废或隔离，处置完成前不得进入下一工位","中断芯片重新投线前需重新走完整注入与验证流程，并保留中断与重注记录","核对本次中断涉及的 HSM 配额消耗与中断件清单，确认无密钥超发","为避免批次延误，将中断芯片混入正常批次继续流转，事后统一补记录","在审计库补记中断事件涉及设备的密钥 ID、工站号与时间戳","","BCDF","B、C、D、F正确：中断件密钥状态未知，先标记作废或隔离是防止其流出的第一步；重注必须走完整流程并留痕，才能保证该设备的状态与审计链连续；对账确认配额消耗与中断件一一对应，可发现密钥超发或异常申请；事件级补记使全部中断设备可被追溯，是失败件处置闭环的必要环节。A成功标志可能为残留真值，仅凭标志放行会让密钥状态不明的半注入件流入后道工序；E混批流转加事后补记录违背“未标记不得流转”的实时管控。","注入中断、失败件闭环"
"Y211","单选","硬件可信根","扩展","某团队为两款产品选择密钥方案：产品甲为消费级蓝牙音箱，出货量大、单台价值低；产品乙为工业网关，部署数千台，单台失陷可被用于伪造工控指令。关于选型依据，最合理的是：","乙部署量小、共享密钥泄露时受影响设备少，因此乙更适合采用共享密钥","两者都应采用每机唯一密钥，管理成本可由自动化注入工站摊薄","两者均可用共享密钥，注入通道加密到位即可，架构差异对安全影响不大","选型只需比较两种方案的产线注入与托管成本，成本低者即为合理方案","甲可选共享密钥以简化产线，乙应采用每机唯一密钥，选型取决于威胁模型与泄露后果","","","E","E正确：甲单台后果有限可接受共享方案的管理简化，乙的失陷后果是伪造工控指令，需要精确吊销与影响隔离，唯一密钥更匹配。A推理方向颠倒——设备少意味着可以逐台管理且单台失陷后果占比高，恰恰更适合唯一密钥；B对低价值高量的甲类产品统一套用最高管理成本方案，忽略了工程上应有的成本与风险权衡；C注入通道加密保护的是注入过程，而密钥架构决定的是运行期泄露后的影响范围与吊销能力，属于不同层面的决策；D脱离泄露后果与威胁模型的纯成本选型，可能把高风险产品暴露在整批失陷的后果之下。","唯一vs共享密钥、威胁模型"
"Y212","多选","硬件可信根","扩展","为某安全芯片设计注入后验证方案，下列做法或认识正确的有：","工站向芯片发送随机挑战，芯片用注入密钥计算 MAC 或签名作为回执，工站核对回执以确认密钥正确可用","仅回读存储区中的密钥密文比对一致，即可证明密钥在芯片内功能可用","回执验证通过后再写“注入完成”eFuse 状态，未通过则转入失败件处置流程","验证挑战应具有随机性，防止历史回执被缓存后重放冒充验证通过","芯片返回“密钥已写入”的自报状态即可代替基于密钥运算的回执，以节省验证时间","验证回执与注入日志一并归档，作为该芯片后续置位与追溯的审计依据","","ACDF","A、C、D、F正确：基于密钥运算的回执同时证明密钥存在、内容正确且可执行；状态置位以验证通过为前提，使 eFuse 状态成为可信放行依据；随机挑战防止重放攻击；回执归档把“验证确实通过”固化为可审计证据。B回读密文只能证明存储内容一致，无法证明解密后的密钥功能可用，且多数设计本身禁止明文回读；E自报状态只是软件标志，不构成密码学证明，与“写成功标志即可”是同一误区。","注入后验证、挑战响应回执"
"Y213","单选","硬件可信根","扩展","某公司安全团队为工业网关选型信任根：方案一是某厂商的闭源 RoT 芯片，方案二是基于 OpenTitan 的独立安全芯片。安全总监向管理层说明选择方案二的核心价值，以下表述最准确的是？","OpenTitan 源码公开且社区已完成全部审查，选用后可免除上线前的第三方安全评估","OpenTitan 的 RTL、固件与文档可公开审查，并由 lowRISC 与多家机构共同参与维护，能降低对单一厂商的信任依赖","OpenTitan 是 lowRISC 维护的开源软件库，集成后可替代操作系统的安全子系统","OpenTitan 只提供设计参考，任何商业产品采用它都必须从零重新设计全部逻辑","OpenTitan 由 Google 单独主导并背书，选用它即可获得与 Google 云同级的供应链保障","","","B","B正确：透明可审计与多方参与降低单一厂商后门疑虑正是 OpenTitan 的核心价值。A开源设计仍需评估认证，“完成全部审查”“免除评估”属于过度承诺；C OpenTitan 是独立安全芯片方案（含 RTL、固件与文档），并非软件库；D商业版可在开源设计基础上加固演进，无需从零重设计；E项目由 lowRISC 主导、多方共同参与，并非 Google 单独主导。","OpenTitan、核心价值"
"Y214","多选","硬件可信根","扩展","某服务器厂商安全架构师梳理数据中心 RoT 组件分工，讨论 Caliptra 与周边技术的关系。下列说法正确的有？","Caliptra 安装于服务器 BMC 芯片内部，其规格由 OpenBMC 社区独家制定","Caliptra 与 TPM 并非互斥：前者是 SoC 内信任根，后者可作为独立信任根继续承担平台安全功能","Caliptra 的规格是开放的，实现同样可以开源，芯片商可据此设计 die 内信任根","部署 Caliptra 后必须拆除服务器中的 TPM，两者不能共存于同一平台","Caliptra 由 Google、Microsoft、AMD、NVIDIA、NXP 等多家公司联合发起","Microsoft 的 Cerberus 属于平台层 RoT 协议，与 die 内的 Caliptra 分属不同层次，在数据中心安全体系中可并存互补","","BCEF","B、C、E、F正确：Caliptra 与 TPM 定位不同，可以共存分担不同安全职责；规格开放、实现可开源，供芯片商设计实现；由多家芯片与云厂商联合发起；Cerberus 是平台 RoT 协议，与 die 内集成的 Caliptra 层次不同、可互补。A Caliptra 集成于 SoC 内部，规格也并非由 OpenBMC 独家制定；D“替代 TPM”是典型误区，两者并不互斥。","Caliptra、生态关系"
"Y215","单选","硬件可信根","扩展","新入职工程师在周会上提问：“PSA 和 TF-M 到底是什么关系？我们做可穿戴产品该用哪个？”以下回答最准确的是？","PSA 是 Arm 定义的物联网安全架构框架，包含安全模型与 PSA Certified 认证方案；TF-M 是面向 Cortex-M 实现该架构的开源参考固件，产品可基于 TF-M 构建符合 PSA 的可信基","PSA 是 TF-M 的内部子模块，负责在固件运行时完成密码运算，两者是包含关系","两者是竞争方案：PSA 是开源固件，TF-M 是商业认证，产品研发时只能二选一","TF-M 是 PSA 体系的认证标志，产品标注 TF-M 即表明已通过第三方安全评估","PSA 是某款 Cortex-M 芯片的产品型号，TF-M 是该芯片出厂预装的安全固件","","","A","A正确：理清了“架构框架与认证方案在上、参考固件实现在下”的配套关系。B PSA 是架构框架，不是 TF-M 的子模块；C两者是架构与实现的配套关系而非竞争，且属性表述恰好颠倒；D认证体现为 PSA Certified，TF-M 是固件实现而非标志；E PSA 并非芯片型号。","TF-M、PSA关系"
"Y216","多选","硬件可信根","扩展","安全团队在风险登记表中梳理“采用开源 RoT 需正视的问题”。下列条目与开源 RoT 实际局限相符的有？","设计公开降低了攻击者的研究门槛，漏洞可能被攻击者先于维护者发现","开源不等于实现正确，制造、封装与配置环节仍可能引入与设计意图不符的偏差","开源项目的安全责任边界相对模糊，漏洞响应与追责机制不如商业供应商明确","开源项目维护方会对所有使用场景提供安全担保与事故赔偿承诺","透明性带来的可验证性仍需通过评估认证转化为可信结论，商业加固依然必要","采用开源 RoT 后，供应链审查义务可完全移交社区，厂商无需再自行审查","","ABCE","A、B、C、E正确：攻击者与防御者面对同样的设计，这是开源的双刃剑属性；开源保证的是设计可见，不保证制造与配置环节不出偏差；责任归属模糊是开源 RoT 的现实问题；可验证性仍需评估认证与商业加固才能落地为可信交付。D开源项目通常不提供商业级担保与赔偿承诺；F社区审查不能替代厂商自身的供应链审查义务。","开源RoT、局限与责任"
"Y217","单选","TEE","扩展","某云服务商在 SGX 服务器上部署了处理用户敏感数据的 enclave，用户希望在自己家中验证该 enclave 的身份与代码完整性。开发同事建议：由 enclave 调用 EREPORT 生成 Report，直接把 Report 发给用户本地验证。评审时应当指出的核心缺陷是：","REPORT KEY 在每次调用 EREPORT 时随机生成，Report 传到用户侧时已经失效","验证 Report 需要依赖方预先与云服务商共享对称密钥，双方尚未建立这样的密钥协商通道","Report 只能被生成它的那条 CPU 线程验证，跨处理器插槽传输后即告失效","Report 的 MAC 由平台 REPORT KEY 计算产生，该密钥不出同一平台，用户侧无法校验其真实性","Report 中只记录 enclave 的安全版本号，不含 MRENCLAVE 等度量信息，无法标识代码身份","","","D","D正确：REPORT KEY 由平台硬件派生且不外泄，只有同平台可信方才能验证 MAC，故 Report 不能直接交远端验证，这正是需要转换为 Quote 的原因。A REPORT KEY 按平台与身份确定性派生，不会随调用随机变化；B REPORT KEY 是硬件派生密钥，根本不存在可协商导出共享的对称密钥；C Report 可被同平台的可信 enclave 验证，不存在“仅限单线程/单插槽”的限制；E Report 恰恰包含 MRENCLAVE 等完整度量与安全版本信息。","SGX、Report验证边界"
"Y218","多选","TEE","扩展","某企业计划在自建数据中心大规模部署 SGX，希望 Quote 验证尽量在内网完成、减少对外部服务的依赖。关于体系选型，下列判断正确的有：","想完全在内网完成验证可选用 DCAP，其证书链验证组件可由企业自建并私有化部署","若沿用 EPID，验证环节通常依赖 Intel 集中运营的 attestation service，难以彻底去除外部依赖","DCAP 的 PCK 证书与具体平台绑定，平台级撤销粒度比 EPID 的组撤销更细","DCAP 的证书链验证只核验平台身份，无法确认 Quote 所携带 enclave 度量值的完整性","也可以在内网自建 EPID 组签名验证服务并自行维护撤销列表，从而替代 Intel 的角色","两种体系下，Quote 都由本地 Report 经 Quoting Enclave 转换生成，这一环节没有差别","","ABCF","A、B、C、F正确：DCAP 就是面向数据中心本地化、脱离 Intel 中心服务的设计；EPID 的验证与撤销基础设施由 Intel 集中运营，构成外部依赖；PCK 绑定具体平台使撤销可细化到平台，而 EPID 组撤销波及面大；无论何种体系，远程证明都以本地 Report 为基础经 Quoting Enclave 转换。D Quote 签名覆盖其携带的度量信息，证书链验证通过即确认完整性；E EPID 的验证与撤销体系由 Intel 运营，企业无法自行替代。","EPID/DCAP、选型"
"Y219","单选","TEE","扩展","同一平台上部署同一签名者签发的两个 enclave：X 负责口令校验，Y 负责日志审计。X 将口令相关数据密封落盘，安全要求是即使 Y 被攻击者完全控制，也无法读出该密封数据。密封绑定方式应选择：","不依赖绑定方式——在密封数据中附加“仅限 X 使用”的标记字段，由 Y 解密前自行校验","MRENCLAVE 绑定——密封密钥按 X 的代码度量派生，Y 因度量值不同而无法解密","MRSIGNER 绑定——同一签名者签发的 enclave 相互信任，Y 可与 X 共用密封密钥","MRSIGNER 绑定——X 与 Y 出自同一签名者即拥有相同 MRENCLAVE，密封数据可以互通","两者均不可行——密封数据一旦落盘，同平台任何 enclave 都能解密","","","B","B正确：MRENCLAVE 绑定将解密能力限定在度量值相同的 enclave，满足跨 enclave 隔离要求。C MRSIGNER 绑定恰好会让同签名者的 Y 也能派生密钥，违背隔离要求；D同一签名者的不同 enclave 度量值不同，混淆了 MRSIGNER 与 MRENCLAVE 两个身份维度；E密封密钥按身份绑定派生，并非同平台所有 enclave 通用；A软件标记只是约定，无法在密码学上阻止 Y 派生密钥并完成解密。","SGX密封、MRENCLAVE隔离"
"Y220","多选","TEE","扩展","SGX enclave 中的业务逻辑需要读取磁盘上的密封配置文件。关于工程实现与安全注意事项，下列说法正确的有：","enclave 内可直接调用 read() 等系统函数访问磁盘，SGX 会自动将其安全转发给内核","通常通过 OCALL 由不可信宿主代为读取文件，返回内容进入 enclave 前需校验","OCALL 边界是安全审计重点：传入指针、返回缓冲区与错误码都可能被宿主任意构造","只要配置文件以密封格式保存，宿主就无法影响 enclave 对文件内容的处理流程","OCALL 期间飞地机密对操作系统完全可见，安全设计应当禁止一切 OCALL","密封文件的完整性校验应在 enclave 内部完成，确认无误后才信任并使用其内容","","BCF","B、C、F正确：文件 I/O 的标准做法就是 OCALL 委托不可信环境，返回数据按不可信输入处理；OCALL 边界参数与返回值全部可控于宿主，是安全审计的关键面；密封数据的 MAC 校验在 enclave 内用派生密钥完成，通过后才可信任。A enclave 不能直接发起系统调用，须经由 OCALL 边界交宿主代为执行；D宿主仍可替换、重放旧的密封文件，密封不等于免除对内容的校验流程；E OCALL 期间飞地数据仍受内存保护，“完全可见”与“禁止一切 OCALL”都不成立。","SGX、OCALL边界安全"
"Y221","单选","TEE","扩展","某云租户使用第一代 AMD SEV 部署虚拟机，安全评估发现：hypervisor 虽读不出 guest 内存明文，但仍可直接改写 guest 内存页内容，甚至更换页映射。若要消除这类完整性风险，租户应选择的技术及理由是：","继续使用 SEV，定期更换每虚拟机的加密密钥即可阻止内存被改写","SEV-SNP，它引入基于 RMP 的内存完整性保护，可检测 hypervisor 对 guest 页映射与内容的篡改","SEV-ES，它在 VM exit 时加密寄存器状态，从而一并阻止 hypervisor 改写内存","更换更强的内存加密算法，密文不可读则天然不可篡改","在 guest 内部再加一层软件加密，hypervisor 改写密文后会因解密失败而放弃攻击","","","B","B正确：SNP 以 RMP 记录物理页归属并检测 hypervisor 的换页/改写，正是补齐 SEV 缺失的完整性目标。A换密钥只影响机密性，SEV 缺失的完整性问题依旧存在；C SEV-ES 保护的是退出时的寄存器状态机密性，不提供内存完整性；D加密提供机密性而非完整性，密文仍可被替换；E guest 内软件加密既无法验证页的来源归属，也挡不住破坏性改写。","SEV演进、完整性缺口"
"Y222","单选","TEE","扩展","某管理员对比密钥模型后推断：“SME 只用单一密钥加密整机内存，因此开启 SME 后各虚拟机之间也无法互相窥探内存。”该推断的问题在于：","混淆了加密粒度：SME 的单一密钥只提供整机范围的加密，经 CPU 访问内存的软件都能得到明文，并不构成虚拟机之间的隔离；VM 间隔离需要 SEV 式的每虚拟机独立密钥与 ASID 区分","低估了密钥强度：SME 单密钥长度不足以支撑多虚拟机共享，共享时会被穷举从而失去隔离","忽略了 ASID 的作用：只要给每台虚拟机分配不同 ASID，SME 同样能实现每虚拟机独立加密与隔离","误解了管理主体：SME 的密钥实际由每台虚拟机各自持有，管理员本无需担心虚拟机互窥","夸大了风险：SME 下 hypervisor 读不到任何明文，虚拟机互窥问题反而比 SEV 更轻","","","A","A准确指出“单一密钥整机加密≠VM 间隔离”，隔离依赖 SEV 的每 VM 密钥与 ASID。B问题不在密钥强度，而在加密粒度不区分虚拟机；C ASID 是 SEV 体系区分 VM 的机制，SME 单密钥模型本身不提供独立加密；D SME 密钥并非每 VM 持有，恰是全系统单一密钥；E SME 对 CPU 上软件透明，hypervisor 读内存得明文，结论方向错误。","SME/SEV、加密粒度"
"Y223","多选","TEE","扩展","某依赖方收到一台 SEV-SNP guest 提交的 Attestation Report 并准备据此放行业务。关于该报告，下列说法正确的有：","报告中包含 guest 的测量值（launch digest），依赖方可用其与预期的启动配置比对","报告均由该芯片的 VCEK 签名，验签通过可确认报告来自真实硬件且内容未被篡改","依赖方需通过 AMD 密钥分发服务获取 VCEK 的证书链来完成签名验证","报告中的报告数据字段由 AMD 密钥分发服务随机填写，专门用于防重放","验证通过即可确认 guest 内业务代码不存在安全漏洞，因为测量值覆盖了全部运行时代码","TCB 版本号只是固件的迭代序号，依赖方无需将其纳入放行判断","","ABC","A、B、C正确：报告包含 launch digest，可用于比对预期启动状态；报告由芯片唯一的 VCEK 签名，这是报告可信的来源保证；验证方向 AMD 密钥分发服务取 VCEK 证书链，才能确认签名公钥可信。D报告数据由请求方在申请报告时提供，并非 KDS 随机填写；E报告证明平台与初始状态，不能保证运行期代码无漏洞；F TCB 版本反映固件安全状态，是依赖方策略判断的重要依据。","SEV-SNP、attestation报告"
"Y224","多选","TEE","扩展","新同事把 RMP 理解为“hypervisor 页表的另一个名字”。以下有助于纠正这一理解的说法正确的有：","RMP 是 hypervisor 维护的软件表，guest 可通过改写表项声明任意页归自己所有","页表由系统软件维护、决定虚拟地址到物理地址的映射；RMP 由硬件维护、记录物理页的归属与安全状态，二者是不同的表","RMP 仅在 guest 发生 VM exit 时参与检查，正常运行期间的内存访问不受其约束","即使 hypervisor 在页表中把某物理页改派给别的用途，硬件也会依据 RMP 检测并阻断与页归属不符的访问","引入 RMP 后，hypervisor 对 guest 内存的分配与换页等常规管理被完全禁止，虚拟机生命周期管理无法进行","改变页的安全归属需按 RMPUPDATE 流程操作，guest 侧再以页面验证确认，绕过流程的映射篡改会被发现","","BDF","B、D、F正确：从维护者、记录内容、职能三方面划清了 RMP 与页表的区别；页表改动不能绕过 RMP 的归属校验，这正是 SNP 防换页攻击的关键；准确描述了 RMPUPDATE 加页面验证的合规路径与绕过流程的后果。A把 RMP 说成软件可改表正是误区，且 guest 无权写 RMP；C RMP 在内存访问时由硬件校验，不只作用于退出边界；E hypervisor 仍可管理内存，只是必须经规定流程，管理能力未被取消。","RMP、与页表辨析"
"Y225","单选","TEE","扩展","在一台启用 TrustZone 的手机上，普通世界（Android）的应用请求 TEE 中的银行 TA 完成一次私钥签名。从普通世界发出请求，到安全世界的 TA 开始处理该请求，中间必需经过的机制环节是？","普通世界内核把 SCR 寄存器的 NS 位清零，随后继续在原内核中执行安全侧的签名代码","GIC 产生一个 Group1 中断，把 CPU 直接移交给安全世界中等待的 TA","TEE OS 在共享内存中轮询请求队列，发现新请求后自行完成到安全世界的切换","REE 内核把签名请求写入共享内存后，直接调用 TEE 内核的签名函数并同步等待结果","处理器执行 SMC 指令触发异常进入 EL3，Secure Monitor 保存当前世界上下文并路由到安全世界","","","E","E正确：SMC 异常落入最高异常级 EL3，由 Secure Monitor 完成上下文保存/恢复与目标世界的路由。D两世界各自运行独立内核，REE 无法直接调用 TEE 内核函数，共享内存只能承载数据而非控制流；B Group1 中断面向非安全世界，安全中断应属 Group0，且中断并非世界切换的请求通道；C NS 位只能在 EL3 由 Monitor 管理，普通世界内核改写它并不能把自己变成安全世界；A两个世界共享 CPU 核，普通世界运行时 TEE OS 并未在执行，无法主动轮询并自行切换。","TrustZone、SMC与世界切换"
"Y226","多选","TEE","扩展","关于 TZASC、TZPC 等保护配置的设置时机与修改权限，下列说法正确的有？","硬件会在运行时根据两个世界的访问需求自动重新划分区域归属","保护配置通常在 TEE 启动早期由安全世界完成，早于普通世界内核接管硬件","普通世界内核即使处于其最高特权级，也不能直接改写 TZASC 的区域配置","TZASC 负责按地址区间划分 DRAM，TZPC 负责划分外设归属，二者需配合规划才能形成完整边界","运行期间调整区域归属属于敏感操作，应由安全世界发起并经过校验，随意放开会扩大攻击面","保护控制器的配置寄存器属于普通设备寄存器，两个世界都可以按需读写","","BCDE","B、C、D、E正确：配置由 TEE 启动早期完成，必须在普通世界运行前就建立隔离边界；这些寄存器仅安全世界可访问，普通世界特权级再高也无法改写；二者分工覆盖内存区间与外设两个层面，需协同配置才能形成完整边界；运行时改配置等于实时重画安全边界，必须由安全世界校验执行。A保护配置是软件显式规划的结果，硬件不会按访问需求自动重划区域；F配置寄存器被限定为安全访问，否则普通世界可随意改写、隔离形同虚设。","TZASC/TZPC、配置时机与权限"
"Y227","单选","TEE","扩展","下列事件构成一次 TA 调用的完整生命周期：①打开会话（session open）②加载：TEE OS 从普通文件系统读取签名 TA 镜像并验证签名 ③初始化：TA 完成自身初始化 ④调用命令（invoke command）⑤关闭会话并卸载 TA。正确的先后顺序是？","①→②→③→④→⑤","②→③→①→④→⑤","②→①→③→④→⑤","②→③→④→①→⑤","①→②→④→③→⑤","","","B","B正确：生命周期为 load→verify→init→session open→invoke command→session close→unload。A把会话建立放在加载之前，颠倒了先有 TA 实例再有会话的依赖关系；C初始化被放到会话建立之后，而初始化必须在 TA 能接受会话之前完成；D未建立会话就调用命令，缺少会话这一交互前提；E把初始化推迟到首次调用之后，调用时 TA 尚未处于可用状态。","TA生命周期、顺序"
"Y228","多选","TEE","扩展","关于 TrustZone 各机制与其能力范围的对应关系，下列说法正确的有？","TrustZone 与 TEE 的关系——TrustZone 是硬件隔离机制，OP-TEE、QTEE 等是构建在其上的 TEE 软件栈","TrustZone 集成承诺——芯片集成 TrustZone 即等同于附带一套经过认证的完整 TEE 软件","隔离与加密的关系——隔离机制会把 secure 内存自动加密，物理读取只能得到密文","隔离与观测的关系——硬件隔离同时阻断了微架构侧信道，安全世界的执行对外不可观测","世界切换与内存隔离机制——提供两个执行环境间的隔离，但 secure world 软件自身的漏洞不在其防护范围内","CPU 时间分片调度——安全世界与非安全世界共享 CPU 核心轮流执行，隔离机制不改变共享调度的事实","","AEF","A、E、F正确：TrustZone 是硬件机制，TEE 是其上的软件栈，二者不能画等号；TrustZone 提供隔离机制而非软件质量保证，TEE OS/TA 的漏洞仍会被利用；两个世界共享 CPU 核心按时间分片调度，隔离的是执行环境而非独占算力。B集成 TrustZone 只意味着具备隔离硬件，完整 TEE 需要另行构建与认证；C隔离不等于加密，默认情况下 secure 内存对物理读取并无密文保护；D隔离不消除侧信道，时间共享执行仍可能泄露微架构信息。","TrustZone、能力边界"
"Y229","单选","TEE","扩展","某基于 CCA 的平台上，一个 Realm 的第二阶段页表因配置错误，把一个虚拟地址映射到了物理上归属为 Non-secure 的内存页。Realm 内代码执行对该地址的读取时，会发生什么？","访问正常完成——第二阶段页表映射成功即视为该访问被允许","访问完成但返回内存加密引擎解出的全 0 数据，由 guest 软件校验后发现异常","硬件在每次访问时按 GPT 检查物理地址归属，发现与安全状态不符即拦截该访问并产生 granule protection fault","访问被拦截后上报为普通 data abort，由 hypervisor 改写对应 GPT 表项后重试放行","触发同步异常进入 Root 状态，由 monitor 将该页动态改为 Realm 归属后恢复执行","","","C","C正确：GPC 是硬件对每次内存访问按 GPT 核对归属的强制检查，不符即 fault。A第二阶段页表只决定 VA→PA 映射，物理地址归属由 GPT 独立检查，映射成功不代表允许访问；B CCA 的越界访问不是返回可读的替代数据而是直接 fault，加密引擎不承担越权检测；D fault 不会以“hypervisor 改 GPT 放行”收尾，GPT 归属变更须走受控流程而非异常现场修改；E页归属变更走受控迁移与校验流程，不存在异常现场由 monitor 顺手改归属的机制。","CCA、GPC硬件检查"
"Y230","多选","TEE","扩展","安全团队在梳理 RME 平台的防护边界时列出如下判断，其中正确的有：","拔下内存条用物理探针读取 Realm 页，只能得到按世界密钥加密后的密文","RME 只针对物理攻击设计，对来自管理软件的越权读取没有防护作用","云运维人员试图通过 Non-secure hypervisor 直接读取 Realm 内存内容，会被 GPC 检查拦截","Root 状态的代码最小化与 GPT 硬件检查相互配合，缩小了能绕过隔离的软件路径","Realm 内应用主动把密钥发往外部服务器时，RME 会因数据流出边界而自动阻断","RME 平台上线后 Secure 世界随之取消，原有 TrustZone 场景统一迁移为 Realm 实现","","ACD","A、C、D正确：按世界分密钥的内存加密保证物理侧读取只得到密文；hypervisor 位于 Non-secure，访问 Realm 归属页会被 GPC 硬件拦截；最小化 Root 与硬件强制检查共同压缩了可被利用的软件攻击面。B对 hypervisor 等管理软件的保密恰是 RME 的核心强化，并非只防物理攻击；E RME 防的是对 Realm 内存越权读入，不审查 Realm 内数据主动外发的行为；F RME 新增 Realm 状态而不取代 TrustZone，Secure 世界保留。","RME、防护边界"
"Y231","单选","TEE","扩展","新同事绘制 CCA 软件栈图时，把 RMM 标注为“EL3 最高特权固件，由各 Realm guest 启动时自带”。评审该图时，正确的修正是：","RMM 确实运行在 EL3，但它作为平台共享固件不属于任何单个 Realm","RMM 就是 Root 状态的全部内容，与 EL3 monitor 合二为一","RMM 由 NS 侧 hypervisor 负责加载，特权等同 EL2","各 Realm 启动时从自身镜像中携带独立的 RMM 副本，实现 per-guest 管理","RMM 运行于 Root 与 Non-secure 之间、特权介于 EL3 与 EL2 之间，由平台提供并供所有 Realm 共享","","","E","E正确：RMM 的运行位置与特权介于 Root（EL3）与 Non-secure（EL2）之间，由平台统一提供共享。A共享属性说对了，但运行位置错误，RMM 并不在 EL3 执行；B Root 还包含 EL3 monitor 等最小代码，RMM 与 monitor 是不同层次，不能合并；C RMM 不由 hypervisor 加载，其特权高于 EL2 并对 hypervisor 起约束作用；D RMM 是平台级组件而非 guest 组件，per-guest 自带 RMM 的说法不成立。","RMM、特权定位"
"Y232","多选","TEE","扩展","验证方收到一份 Realm attestation token 后开始核验。下列哪些属于该流程中应当完成的检查？","确认签名有效后即可默认 Realm 运行期行为永远可信，无需再引入其他机制","只需确认平台芯片真实即可接受，token 中的 Realm 测量值仅供参考","将 token 中的 Realm 测量值与预期构建产物的参考值比对，确认镜像与启动参数未被篡改","向该平台的 hypervisor 查询 Realm 镜像哈希，用查询结果替代 token 中的测量值","评估 token 中 RMM 度量值对应的版本是否可信、是否存在已知问题","校验平台密钥的证书链能否追溯到 ARM/厂商信任根，确认芯片真实","","CEF","C、E、F正确：Realm 测量值与预期值比对是 attestation 的核心环节；评估 RMM 版本可信性是验证方的职责之一；平台证书链核对到 ARM/厂商信任根是确认芯片真实的手段。A attestation 证明的是启动时点状态，不担保运行期行为；B只验平台不验 Realm 是典型误区，测量值比对是必要检查而非参考信息；D hypervisor 不在信任链内，其提供的哈希不能替代 token 中的硬件背书测量值。","CCA、attestation核验"
"Y233","单选","TEE","扩展","在某搭载 OP-TEE 的 Android 设备上，银行 App 内嵌的 CA 需要调用支付 TA 完成一次签名。从 CA 发起请求到 TA 开始执行，调用路径正确的是？","CA 通过 libteec 发起请求，REE 内核中的 optee 驱动收到后触发 SMC，陷入 OP-TEE core，由 core 调度目标 TA 执行","CA 通过 libteec 直接触发 SMC，请求绕过 Linux 内核直达 OP-TEE core","CA 先将请求交给 tee-supplicant，由 tee-supplicant 触发 SMC 送达 OP-TEE core","CA 通过 libteec 通知 optee 驱动，驱动将请求写入共享内存后由 TA 主动读取并执行","CA 通过 libteec 请求 Linux 内核，内核在普通世界模拟执行 TA 逻辑后将结果经驱动返回","","","A","A正确：标准调用链为 CA→libteec→optee 驱动→SMC→OP-TEE core→TA。B用户态库无权直接触发 SMC，必须经 REE 内核的 optee 驱动中转；C tee-supplicant 是服务于 TA 的 REE 用户态守护进程，不接收 CA 请求；D TA 由 core 经 SMC 陷入后调度执行，不会主动轮询 REE 侧队列；E TA 代码只在 secure world 执行，REE 侧不存在 TA 的模拟运行。","OP-TEE、调用链"
"Y234","多选","TEE","扩展","某厂商 TEE 白皮书罗列了其宣称支持的接口规范，其中确实属于 GlobalPlatform TEE 标准体系的有？","TEE Client API（REE 侧客户端接口）","TEE Internal Core API（TA 侧密码与安全存储接口）","TEE Sockets API（TA 内网络套接字接口）","Trusted User Interface（可信用户界面接口）","SMC Calling Convention（ARM 定义的安全监控模式调用约定）","eMMC RPMB 协议（JEDEC 定义的回放保护存储块规范）","","ABCD","A、B、C、D正确：Client API 是 GP TEE 标准体系的 CA 侧核心规范；Internal Core API 是 GP 定义的 TA 侧核心规范；TEE Sockets 是 GP 为 TA 内网络通信定义的接口规范；Trusted User Interface 属于 GP TEE 标准体系的组成部分。E SMC 调用约定由 ARM 定义，属于 TrustZone 体系而非 GP 规范；F RPMB 协议由 JEDEC 在 eMMC 标准中定义，不属于 GP TEE 接口体系。","GlobalPlatform、标准族边界"
"Y235","单选","TEE","扩展","团队评审时有开发者提出：“该 TA 只服务于系统预装的银行 CA，CA 自身经过签名校验不可篡改，因此 TA 入口收到的 memref 参数可以直接使用，无需再校验。”下列评价正确的是？","只需校验参数长度无需校验内容，因为长度由 optee 驱动保证","应把参数校验逻辑移到 optee 驱动中，由内核保证参数可信","可以信任经 SMC 传递的参数内容，因为 SMC 通道对数据做了加密与完整性保护，REE 无法篡改","校验不可省略：CA 进程可能已被攻击者控制或注入恶意输入，TA 必须把 CA 传入参数视为不可信输入","该说法成立，因为预装 CA 的签名在安装时已验证，运行期行为始终可信","","","D","D正确：TA 安全设计要求不信任 REE 侧任何输入，CA 被攻破或构造恶意请求是现实威胁。A长度之外，参数的格式、范围与一致性同样必须校验，且驱动并不为内容合法性背书；B optee 驱动运行在 REE 内核，本身就属于不可信一侧；C SMC 只是世界间切换机制，共享内存内容对 REE 完全可改写，通道本身不提供内容保护；E预装 CA 运行期仍可能被漏洞利用或劫持，其行为不可假设始终可信。","TA输入校验、CA不可信"
"Y236","多选","TEE","扩展","关于 RPMB 提供的安全属性与实现机制，下列说法正确的有？","每次写入须携带基于生产密钥计算的 HMAC 认证码，eMMC 控制器验证通过才执行写入","RPMB 内部维护单调递增计数器，可识别并拒绝被重放的旧写请求","RPMB 对写入数据自动加密，因此可以直接替代 TEE 的文件加密方案","其防重放能力依赖 REE 侧定期备份的写入日志","eMMC 器件与 SoC 的 secure world 共享同一 RPMB 认证密钥，REE 侧不持有该密钥","RPMB 计数器出现偏差时由 REE 文件系统定期校准","","ABE","A、B、E正确：RPMB 写入必须通过 HMAC 认证，密钥在器件生产阶段写入且仅 secure world 可知；单调计数器使旧报文重放时计数不匹配而被拒绝，这是防重放的核心；认证密钥只有 eMMC 器件与 secure world 知道，REE 全程不接触。C RPMB 提供的是写入认证与防重放，不提供数据加密，机密性仍需 TEE 文件加密实现；D防重放由器件内计数器机制保证，不依赖 REE 维护的日志；F计数器由器件维护且单调递增，REE 无权也无法校准。","RPMB、认证与防重放"
"Y237","单选","TEE","扩展","同一 SoC 上分别披露三个互相独立的漏洞：①普通世界 Linux 内核本地提权漏洞；②某 TA 的密钥解析越界读漏洞；③EL3 SMC handler 的越界写漏洞。就“对整机信任边界的破坏程度”而言，以下哪项评估正确？","②最严重：TA 直接持有密钥，任一 TA 被攻陷即等价于整个 secure world 与 EL3 全部失守","①最严重：内核管理全部进程与文件系统，secure world 的数据资产也存放在其可管控的存储之中","严重性无法比较：后果只取决于漏洞能否被远程触发，与漏洞代码运行在哪个特权层无关","三者严重性相同：异常等级只隔离本层的代码与数据，跨层影响均已被隔离机制限制在可控范围","③最严重：EL3 被攻陷即获得最高特权，可改写访问控制配置并提取 TA 密钥，secure 与普通世界同时失守","","","E","E正确：EL3 是配置并执行系统隔离的最高特权层，其失守意味着所有隔离约束都可被重写，secure world 与普通世界同时失守。A TA 隔离机制使单个 TA 失陷通常被限制在其自身地址空间，并不自动等价于整个 secure world 与 EL3 失守；B内核权限止步于普通世界，无法穿透 secure world 的内存隔离与访问控制；C能否远程触发影响的是利用条件，后果上限由代码所在特权层级决定，二者是不同维度；D三个漏洞分处不同特权层级，越靠近 EL3 影响越大，而隔离机制本身恰恰依赖 EL3 不被攻陷。","EL3攻击面、失陷后果分级"
"Y238","多选","TEE","扩展","安全团队复盘多起 TEE 安全事件后讨论漏洞规律，以下说法正确的有哪些？","TEE 漏洞模式与普通操作系统漏洞同源，越界与逻辑缺陷在两个世界的成因一致，普通世界的挖掘与审计经验可以迁移","secure world 代码量小且由厂商统一维护，漏洞密度天然显著低于普通世界，无需作为独立对象开展安全审计","TA 漏洞常被用作利用链起点：经 CA 触发获得 secure world 内执行后，可能继续尝试攻击 TEE OS 或 SMC 层以扩大影响","共享内存由 TEE 侧分配并建立映射，双重映射与撤销时机不一致等管理缺陷在 TEE 中不会出现","Broadpwn 类案例表明无线连接固件的缺陷可能波及 secure world 的处理链路，连接类固件漏洞并非只影响普通世界","TEE 补丁需经 secure world OTA 下发，因此已售出设备事实上无法修复 TEE 漏洞，只能依赖硬件换代","","ACE","A、C、E正确：两类漏洞的成因同源，普通世界成熟的模糊测试与审计方法可直接迁移到 TEE 接口；TA 处于 secure world 执行的入口层，其失陷常被串联用于攻击更高层组件；无线连接固件漏洞可能沿 secure world 参与的处理路径波及高安全层。B代码量与维护方不决定漏洞密度，secure world 需要作为独立对象开展审计；D映射由哪侧发起与管理实现是否正确是两回事，双重映射类缺陷在真实 TEE 中已有披露；F secure world OTA 正是为存量设备设计的修复通道，配合签名校验即可向已售设备下发补丁。","TEE漏洞规律、误区辨析"
"Y239","单选","TEE","扩展","某安全存储 TA 通过 RPC 请求普通世界的 supplicant 读取 REE 文件系统中的加密数据文件，再在 secure world 内解密使用。攻击者已获得普通世界 root，可完全操纵 supplicant 的返回内容与长度。以下哪个评估正确？","supplicant 是 TEE 体系内的可信服务组件，其返回数据继承文件系统权限保护，TA 可以直接信任","只要 supplicant 在返回时对数据附加校验值，TA 核对一致即可采信，因为校验值由数据读取路径自身生成","RPC 返回数据在进入 secure world 前必须按不可信输入处理；TA 若直接信任返回的长度与结构，可能被注入畸形数据","该设计的问题在于让 secure world 依赖普通世界文件系统，正确做法是改由 CA 将密钥与数据明文传入 TA 处理","返回数据被篡改只会造成解密失败或运算结果错误，攻击者无法借此影响 TA 的内存安全或访问决策","","","C","C正确：返回数据由已被攻击者控制的普通世界生成，TA 必须像对待 CA 输入一样校验其长度、结构与取值。A supplicant 属于普通世界进程，其行为由 REE 状态决定，不因服务于 TEE 而成为可信组件；B校验值与数据出自同一个不可信来源，攻击者可同时伪造二者，核对不产生额外保证；D经 CA 明文传入会把敏感数据重新暴露给不可信的普通世界，与 TEE 的防护目标相悖；E被操纵的返回数据会进入 TA 的解析与内存操作路径，可触发越界等内存安全问题并影响访问决策。","RPC返回、不可信输入"
"Y240","多选","TEE","扩展","某厂商为车控 TEE 制定安全架构方案（TEE OS + 多个 TA）。以下哪些措施符合“收敛攻击面、限制失陷影响”的工程实践？","仅将密钥管理、安全启动校验等必要服务置于 secure world，业务逻辑尽量留在普通世界实现","为 SMC handler 建立入参白名单：指针必须落在预登记的共享内存区域，长度设置上限","各 TA 运行于独立地址空间并按需最小授权，使单个 TA 被攻陷后难以横向读取其他 TA 的资产","将高频业务算法尽量迁入 secure world 以提升执行效率，同时缩小普通世界代码规模","允许同一开发团队的 TA 共享地址空间并直接互读密钥，以简化密钥分发与调用开销","TEE OS 与普通世界 Linux 合并维护同一内核源码与补丁流，缩短发布周期","","ABC","A、B、C正确：secure world 代码每减少一分，可被 SMC/TA 路径触达的攻击面就小一分，最小化是基本实践；指针白名单与长度上限直接封堵 SMC handler 的越界与野指针类漏洞；TA 地址空间隔离保证单 TA 失陷不横向扩散，是限制爆炸半径的关键措施。D向 secure world 迁入更多代码会扩大攻击面，与最小化原则方向相反；E TA 之间不应默认互信，共享地址空间会使单点失陷演变为 secure world 整体失守；F TEE OS 运行于 secure world，其源码与补丁流必须独立于普通世界 Linux 维护和验证。","TEE防护工程、最小化与隔离"
"Y241","单选","TEE","扩展","某攻击者已获得运行 SGX enclave 的宿主机 OS 最高权限，而 enclave 数据在 DRAM 中由内存加密引擎（MEE）加密保护。按照 Foreshadow（CVE-2018-3646，L1TF）的攻击方式，攻击者拿到 enclave 明文秘密的路径是：","诱导 enclave 访问其页表项被置为“present 但不合法”的页面，使数据在翻译报错前被推测读入 L1 缓存，再从 L1 中提取明文残留","破解 MEE 的完整性校验树，离线解密 DRAM 中的加密页","在内存总线上部署逻辑分析仪捕获密文，再集群穷举加密密钥","通过远程验证通道与 enclave 交互，诱使其在 quote 中附带内部密钥","利用 AEX 异常退出流程劫持 enclave 的通用寄存器保存区，直接读出秘密","","","A","A正确：L1TF 的核心是“先取数、后报错”的故障性推测执行，翻译失败不阻止数据进入 L1，而缓存中是明文。B MEE 的密钥与校验树在 CPU 内部管理，Foreshadow 并不攻击加密算法本身；C该攻击是纯软件实施，不涉及总线监听等物理手段；D远程验证只证明 enclave 身份与度量值，不会让 enclave 输出内部秘密；E AEX 会清空通用寄存器且保存区位于受保护的 enclave 内存中，OS 无法借此读出秘密。","Foreshadow、L1TF"
"Y242","多选","TEE","扩展","某评估假设攻击者为“已获 OS/hypervisor 特权、无任何物理接触的软件攻击者”。关于下列攻击能否由该类攻击者实施，判断正确的有：","Plundervolt 不可以：电压调节接口只对外部管理芯片开放，OS 无法通过软件调用","SGAxe 可以：其所需密钥来自 Foreshadow 的软件攻击链，后续伪造 attestation 亦为软件操作","ÆPIC Leak 不可以：APIC MMIO 只能被中断控制器硬件访问，CPU 指令读不到","LVI 可以：布置恶意页表项属于 OS 权限内的软件操作，注入与泄露均无需物理接触","Plundervolt 可以：通过 CPU 提供的特权软件接口调压即可诱发计算故障","ÆPIC Leak 可以：但前提是先用激光在 APIC 控制器上打开读取通道","","BDE","B、D、E正确：SGAxe 是 Foreshadow 之后的全软件利用链，物理接触不是必要条件；LVI 的注入前提是控制页表项，属 OS 权限内的纯软件操作；调压经由 CPU 的特权软件接口完成，不需要外部电源或探针设备。A调压接口面向特权软件开放，OS 可调用，Plundervolt 正是借此实施；C APIC 寄存器位于 MMIO 空间，普通 LOAD 指令即可读取，这正是 ÆPIC Leak 的通道；FÆPIC Leak 无需任何硬件改装，“激光开通道”的前提不成立。","SGX攻击、软件攻击者边界"
"Y243","单选","TEE","扩展","把侧信道纳入视野后，关于 SGX 这类 TEE 威胁模型的正确演化方向是：","模型无需修订：内存加密已覆盖侧信道可能利用的全部信息，OS 能看到的只有密文","反向收缩为“只信任 enclave 代码本身”，把 CPU 与物理内存一律按恶意组件对待并放弃其保护能力","把防护重心从机密性整体转向完整性，因为机密性在 TEE 中已被证明无法实现","把 OS 重新纳入信任边界，因为侧信道风险证明“OS 不可信”的假设得不偿失","在“OS/hypervisor 不可信、物理内存与 CPU 可信”的基础上，进一步把缓存、分支预测器等微架构状态以及页访问行为等可观测信息列为潜在泄露源","","","E","E正确：侧信道攻击证明架构不可见之外的行为信息仍然外泄，微架构须纳入不可信范围。A加密不覆盖访问模式与时序，该前提已被页模式侧信道证伪；C正确的演化是补充泄露源清单，而非否定 CPU/内存提供的保护并使 TEE 失去意义；D机密性仍是 TEE 的核心目标，只是需要更强的工程保障；E（第二处）侧信道不构成恢复 OS 可信地位的理由，威胁模型只需扩展而不回退。","TEE威胁模型演化、微架构不可信"
"Y244","多选","TEE","扩展","针对 Foreshadow、LVI 这类推测执行攻击，下列关于工程缓解的判断，正确的有：","固件与 SGX 平台服务的配套更新也是完整缓解链条的一部分","关闭 SMT 后 Foreshadow 与 LVI 即被完全消除，无需再做微码更新","该类攻击的缓解不需要任何 enclave 代码改动，因此现有应用无需重新评估","部署层只需增加物理门禁与摄像头，即可阻断这类纯软件攻击","需要 CPU 微码更新，阻断故障性推测加载把数据留存在 L1 或向下游传播","系统软件必须配合清理页表项等状态（如 LVI 缓解中的 PTE 清理），软硬件单独行动都不完整","","AEF","A、E、F正确：平台服务与固件更新补齐信任链其余环节，属于完整修复的一部分；微码修复是推测执行攻击缓解的核心环节，负责阻断缓存留存与传播；LVI 的官方缓解明确要求微码与系统软件协同，单靠任一方都不完整。B SMT 禁用只能收窄部分并发利用面，不能替代微码对故障性加载的阻断；C LVI 缓解要求 SDK 与 enclave 二进制配套更新，“无需重新评估”不成立；D两者均为纯软件攻击，物理管控措施无法阻断。","推测执行攻击、软硬件协同缓解"
"Y245","单选","TEE","扩展","某云平台复盘 2018 年公开的第一代 AMD SEV 泄露类攻击（CrossLine 等）：恶意 hypervisor 在不攻陷 guest、不接触内存明文的前提下，让一台正在运行的 SEV 虚拟机获取到了另一台虚拟机的数据。以下对攻击关键环节的描述，正确的是：","攻击者篡改受害虚拟机的内存密文页，诱骗其解密出攻击者预期的错误数据","攻击者翻转或重指派 ASID，使当前虚拟机的 TLB 查找命中另一台虚拟机残留在 TLB 中的明文条目","攻击者通过外设 DMA 直读受害虚拟机的物理内存，再离线破解其加密","攻击者利用共享缓存组冲突的计时差异，逐位恢复受害虚拟机的 AES 密钥","攻击者重放受害虚拟机早先的启动度量值，伪造一份能通过校验的远程证明报告","","","B","B正确：第一代 SEV 的 TLB 条目按 ASID 标记而 ASID 指派可被恶意 hypervisor 操纵，导致跨虚拟机命中残留条目。A是针对 SEV 缺少内存完整性的密文篡改类攻击，与本攻击机制无关；C DMA 读到的是密文，内存加密本就用于对抗 DMA 窃听；D属于共享缓存侧信道手法，不是本攻击的实现路径；E描述的是度量/证明重放问题，与 TLB 残留条目被复用无关。","SEV、CrossLine攻击"
"Y246","多选","TEE","扩展","某团队租用 SEV-SNP 机密虚拟机（CVM）承载密钥服务，正在制定 attestation 报告的验收规范。以下哪些条目是正确且必要的？","报告只要附带平台签名且签名验证通过，即可直接采信，不必比对 launch digest","将报告中的 launch digest 与本地按镜像内容和启动配置计算的期望值比对","已验证过的报告可跨实例、跨时间复用，因为其中的签名始终有效","检查报告中的 TCB 版本，确认微码/固件补丁级别满足策略基线","attestation 报告能证明 CVM 内应用代码不存在逻辑漏洞，可据此免除安全测试","请求报告时生成随机 nonce 写入报告数据字段，收到报告后核对该字段是否一致","","BDF","B、D、F正确：launch digest 绑定镜像与启动配置，是身份核对的核心字段；TCB 版本检查可发现固件/微码降级或处于已知漏洞范围；nonce 经报告数据字段回传可证明报告为本轮新生成。A签名只证明报告由该平台签发，比对 launch digest 才能确认运行的就是期望镜像与配置；C报告绑定特定实例与请求，跨场景复用正是重放攻击形态；E attestation 证明运行环境身份，不构成对应用逻辑正确性的证明。","CVM、attestation验收"
"Y247","单选","TEE","扩展","关于机密虚拟机（CVM）为租户提供的保障，下列哪项描述最准确？","CVM 在保护内存之外还能隐藏实例的访问模式与流量特征，使基于流量的分析失效","CVM 在把 hypervisor 移出信任基座的同时，也一并消除了同宿主侧信道与硬件故障注入威胁","CVM 对启动参数与实例元数据同样加密，host 只能管理生命周期而感知不到实例配置","CVM 的保护以租户完成 attestation 验证为前提，跳过验证则 host 恢复对内存的直接读取权限","CVM 保障内存与寄存器状态的机密性和完整性，但不隐藏元数据与流量特征，侧信道与流量分析风险仍在","","","E","E正确：准确界定了保护对象（内存与寄存器状态的机密性完整性）与遗留风险（元数据、流量分析、侧信道）。A把能力边界说反，访问模式与流量特征不在保护范围；B侧信道与物理故障注入面并未因 CVM 而自动消除；C启动参数与元数据不加密，管理面持续可见；D内存保护由硬件强制实施，不依赖租户是否验证，跳过验证只是租户失去确认手段。","CVM、保障边界"
"Y248","多选","TEE","扩展","某团队将敏感风控服务以机密容器形式部署到 K8s 集群。以下哪些说法正确？","每个 Pod 运行于一个独立的轻量 CVM，跨 Pod 的数据面以 CVM 边界隔离","多个互不信任租户的 Pod 可以合并进同一个 CVM，由容器运行时实现同等隔离","host 与 kubelet 不再位于数据面的可信集合内，但仍保留调度与生命周期管理等编排职责","机密容器要求为每个容器单独运行一个 CVM，同一 Pod 内的各容器分属不同 CVM","K8s 调度器沿用常规资源模型为机密 Pod 选择节点，无需改写调度算法","机密容器本质上是配置了 NetworkPolicy 与 RBAC 的普通容器，两者防护等价","","ACE","A、C、E正确：机密容器的隔离粒度是 Pod 级轻量 CVM；机密容器把 host 移出数据面信任集合，编排职责保留在 host；调度模型基本不变，机密属性由节点侧 CVM 生命周期管理实现。B合并进同一 CVM 会破坏跨租户隔离，容器运行时不是信任边界；D与“每 Pod 一个 CVM”的粒度不符；F网络策略与 RBAC 管控的是访问与可达性，不提供内存级隔离，二者不可等同。","机密容器、K8s"
"Y249","单选","TEE","扩展","某 TEE OS 的 2.0 版本通过 GlobalPlatform 安全认证后，厂商发布 2.1 版本，包含若干缺陷修复并新增一个 secure storage 接口。关于 2.1 版本的认证状态，正确的是？","2.1 版本自动继承 2.0 的认证状态，因为缺陷修复与单一接口新增不构成实质变更","只要厂商内部评审认为变更不影响安全功能并留存记录，2.1 版本即视为持续处于认证范围内","认证与具体版本绑定，2.1 版本需经（差异）评估确认变更未削弱安全功能后才能获得认证，2.0 的证书不会自动延伸到 2.1","认证对象是产品线而非具体版本，同一产品线的后续版本天然处于认证覆盖之内","2.1 版本沿用 2.0 认证直至证书有效期届满，届时换证时再对新版本统一评估即可","","","C","C正确：GP 认证绑定特定版本，后续版本须经重新或差异评估后方可列入认证。A认证按版本发放，即使变更较小也不自动继承；B厂商自评不能替代评估确认，认证范围不随内部评审自动延展；D认证证书明确针对被评估的具体版本，产品线本身不是认证对象；E证书有效期内发布的新版本并不自动处于认证状态，不能等到换证时再处理。","GP认证、版本绑定"
"Y250","多选","TEE","扩展","某团队制定 TEE 产品安全评估方案，会上提出以下主张，其中符合 TEE 安全评估实践的有？","把 SMC handler 输入校验、TA 加载验签流程、TA 间隔离实现列入必查清单","审查 TZASC/TZPC 等启动早期配置，验证安全内存与外设划分的正确性","将共享内存的申请、使用、释放全生命周期纳入审计，重点关注释放后使用与重复映射","密码算法通过标准测试向量验证即表明评估充分，接口与配置审计可以不再安排","TA 经厂商签名即说明代码可信，可跳过对 TA 实现质量的代码级审计","配置类问题统一留到量产前由产线工装修复，评估阶段不必投入资源审查配置","","ABC","A、B、C正确：这三项正是 TEE 评估的核心必查内容；TZASC/TZPC 划分属于启动早期配置审查；共享内存生命周期缺陷是 TEE 高发问题，应纳入审计范围。D测试向量只覆盖密码实现本身，接口与配置审计不可省略；E签名保证的是来源与完整性，不能证明 TA 实现无漏洞；F配置审查是评估阶段的固有环节，留待产线修复意味着结论建立在未验证状态上。","TEE评估、范围设计"
"Y251","单选","TEE","扩展","某 TEE 供应商同时面对 GlobalPlatform 认证、金融行业 TEE 规范与运营商 eSIM 要求。关于这三类要求之间的关系，以下说法正确的是？","通过 GP 认证即视为自动满足全部行业规范，后续只需接受 GP 的定期监督即可","三者并存且互补：GP 提供通用技术基线，金融与运营商规范在此基础上叠加行业附加要求，满足其一不等于自动满足其余","金融规范与 GP 要求在 TA 管理、密码算法等所有条目上完全冲突，厂商必须放弃其中一方","行业规范只规定业务办理流程，对 TEE 的隔离强度、安全存储等技术机制不作规定","运营商的 TEE 要求只适用于实体 SIM 卡时代，eSIM 通过网络下载配置，不再涉及 TEE 评估","","","B","B正确：GP 是通用基线，行业规范在其上叠加附加要求，三者并存互补且互不替代。A GP 认证不能替代行业评估，各行业附加要求仍需单独满足；C行业标准与 GP 是叠加细化的关系，并非全面冲突，无须二选一；D行业规范明确涉及隔离强度、安全存储、可信 UI 等技术机制要求；E eSIM 正是运营商要求以 TEE 承载远程 SIM 配置安全的典型场景。","TEE行业规范、并存互补"
"Y252","多选","TEE","扩展","某 TEE 漏洞的修复版本已完成发布，团队制定存量设备治理方案。以下措施合理的有？","建立更新推送率与实际安装率的统计口径，持续跟踪未升级设备的存量占比","对长期未升级的设备，由业务侧实施风控补偿，如收紧敏感交易限额、增强服务端校验","服务端按设备上报的 TEE 版本实施差异化策略，并对低版本设备引导升级","假定自然换机周期会快速消化存量，不设置跟踪指标与补偿策略","将普通世界的升级弹窗展示率视为治理完成标志，无需统计 secure world 中的实际版本","对确实无法升级的设备，纳入业务降级策略（仅开放低风险功能）直至退出服务","","ABCF","A、B、C、F正确：推送率与安装率分开统计才能反映真实修复覆盖；风控补偿用于对冲未修复设备的残余风险；按 TEE 版本差异化管控能精准覆盖风险设备并推动升级；无法升级的设备通过降级运行限制风险敞口，直至淘汰退出。D换机周期长且不可控，放弃跟踪会使风险敞口不可见；E弹窗展示不等于安装完成，治理标志应以 secure world 实际版本为准。","存量治理、更新覆盖"
"Y253","单选","TEE","扩展","某 Android 手机厂商的新员工接手 Keymaster 密钥服务维护工作，了解到该服务由 Trusty 承载。关于 Trusty 的定位，他提出的下列理解中正确的是：","它是 Linux 内核中的安全子系统模块，随内核一起加载和升级","它不校验 TA 的签名，第三方应用可自行向其部署可信应用","它是 Android 用户空间中的特权系统服务，与普通应用共用同一 Linux 内核","它是运行于 ARM TrustZone 安全世界的开源 TEE OS，通过 TIPC 与非安全侧通信","它是高通专有的 TEE 实现，仅出现在高通平台的设备上","","","D","D正确概括了 Trusty 的硬件位置、开源属性与 TIPC 通信机制。A把 Trusty 混同于内核模块，实际它运行在安全世界、独立于 Linux 内核；B违背 TA 必须验签加载的基本安全要求，否则安全世界可被注入任意代码；C把 Trusty 混同于 Android 普通进程框架，与普通应用共用内核的说法不成立；E混淆了 Trusty 与高通 QTEE，Trusty 是 Google 开源项目且跨平台使用。","Trusty、定位与TIPC"
"Y254","多选","TEE","扩展","某智能门锁主控为 Cortex-M33 MCU，团队规划其可信执行能力。下列属于资源受限设备上“TEE 精神”可行落地形态的有：","依托 RTOS 的任务优先级抢占，保证安全任务不被普通任务打断以实现隔离","启用 Cortex-M33 的 TrustZone 扩展，划分安全/非安全世界承载安全服务","引入 TF-M 作为安全固件框架，组织安全服务与普通固件的隔离","将敏感数据加密存放于外部 Flash，运行时解密到普通 RAM 中处理以实现隔离","通过安全属性配置将一块 RAM 划为仅安全世界可访问的安全内存","外挂安全元件（SE）协处理器，把密钥生成与敏感运算放在 SE 内完成","","BCEF","B、C、E、F正确：TrustZone for Cortex-M 是 MCU 上划分安全/非安全世界的硬件手段；TF-M 配合 PSA 体系是资源受限设备组织安全服务的典型框架；MPU/安全属性划分安全 RAM 是 M 核保护敏感数据的常用手段；SE 协处理器方案是资源受限场景的常见形态。A优先级调度只影响执行顺序，不构成内存与执行层面的隔离；D解密后明文位于普通 RAM，普通世界代码仍可读取，并未建立运行时隔离。","MCU可信执行、落地形态"
"Y255","单选","TEE","扩展","某支付应用使用 TUI 保护 PIN 输入。渗透测试列出了以下攻击路径，其中 TUI 机制预期无法防御的是：","恶意 App 在 REE 侧执行截屏或录屏以获取输入画面","恶意 App 用透明悬浮窗覆盖 PIN 输入区域诱导误触","恶意 App 仿造与官方一致的登录界面收集用户 PIN","恶意 App 通过 Android 无障碍服务监听 PIN 输入事件","攻击者在用户身旁用另一台设备直接拍摄屏幕与按键动作","","","E","E正确：偷拍属于物理侧信道与社会工程范畴，超出 TUI 的防护边界。A TUI 期间 REE 无法读取屏幕，截屏录屏失效；B TUI 接管显示后 REE 悬浮窗无法呈现；C真实输入界面由安全世界渲染，REE 仿冒界面无效；D TUI 输入通路不经过 Android 输入框架，无障碍服务收不到事件。","可信UI、防护边界"
"Y256","多选","TEE","扩展","某公司发生两起事件：服务器口令库泄露，以及一台设备的指纹模板库因 TEE 漏洞被导出。安全团队复盘时形成以下认识，正确的有：","口令可修改重置，指纹特征无法更换，两类泄露的后果性质不同","生物特征泄露与口令泄露等价，走重置流程即可消除影响","模板绑定设备密钥加密时，被导出的模板难以在其他设备上复用","将模板集中存放云端由专业团队防护，即可避免泄露风险","模板库泄露的影响具有长期性，设计上应以“模板不出安全边界”为原则降低导出风险","只要验证输出是是/否结果，模板是否泄露对用户没有实际影响","","ACE","A、C、E正确：口令可修改重置、指纹无法更换，两类泄露后果性质不同；设备绑定使导出的模板难以跨设备利用；不可更换性要求把防护重心放在模板不外泄上。B等同化二者是典型误区，指纹无法像口令一样重置；D上云恰恰扩大了泄露面，不改变生物特征不可更换的风险本质；F生物特征不可更换，不能因输出形式而忽视泄露影响。","生物特征模板、泄露特性"
"Y257","单选","TEE","扩展","支付 App 要求“签名密钥每次使用前必须完成指纹认证”。攻击者在 root 设备上 hook 了应用框架，跳过 App 的全部前置检查后直接调用签名接口。要使该攻击无法得手，正确的密钥配置是：","生成密钥时设置“使用前须经强生物特征认证”，由 TEE 在密钥每次使用时校验认证状态","指纹 SDK 回调成功后 App 在内存中置标志位，签名前检查该标志位再放行","把签名逻辑迁入混淆加固的 native 库，通过提高 hook 门槛保护调用链","为密钥设置较短的有效时间窗，超时后由 App 自动重建新密钥","服务器分析每次签名的时序与行为特征，识别并拦截非人工发起的签名","","","A","A正确：认证绑定作为密钥策略保存在 TEE 内并在使用时强制，REE 侧无论怎么跳过 App 检查都无法完成签名。B标志位位于 App 内存，攻击者可直接伪造或绕过；C混淆加固只提高逆向成本，不构成强制约束；D时间窗控制的是密钥有效期，与“每次使用前认证”是两类策略；E属于事后风控，无法在设备侧阻止签名发生。","Android Keystore、认证绑定"
"Y258","多选","TEE","扩展","某视频服务宣称其“高清防录屏”能力由 TEE 与硬件共同支撑。下列哪些是该能力的真实构成？","内容在 REE 内存中以白盒方案解密，密钥混淆于代码中，配合水印即可视为达到 L1 水平","内容解密在 TEE 内完成，密钥与明文不暴露给应用处理器","视频帧通过硬件安全显示通路输出，绕过普通图形合成栈，REE 侧截取不到最终画面","license 密钥经设备 attestation 校验后下发，仅在 TEE 内的解密模块中使用","App 层禁用系统截屏与录屏接口，即可防御外接采集设备的录制","该能力可以通过升级播放器软件在任意机型上补齐","","BCD","B、C、D正确：解密在 TEE 内进行是 L1 的基本前提；安全视频路径保证显示环节的明文帧不经过 REE 可截取的位置；密钥经 attestation 下发且不出 TEE，是整条保护链的入口。A白盒解密仍发生在 REE 内存，防护强度与 TEE 硬件隔离不可等同；E软件接口拦截对外接采集卡等硬件层手段无效；F防录屏依赖硬件显示路径，由机型硬件决定，软件补不齐。","Widevine、安全视频路径"
"Y259","单选","TEE","扩展","某机型已内置 eSE 存放银行卡凭证。安全架构师为 TEE 分配支付相关职责时，下列哪项最符合 TEE 在该体系中的定位？","在交易时替代 eSE 完成与 POS 之间的密码运算，使凭证可以从 eSE 中移出","管理 eSE 的访问控制——哪个应用、在何种用户认证通过后可使用哪张卡，并承担支付密钥派生与敏感信息的可信显示","直接驱动 NFC 射频收发模块，保证交易距离与通信成功率","将 eSE 中的凭证定期同步备份到云端账户，防止手机丢失导致凭证遗失","在 eSE 不可用时作为降级存储临时存放支付凭证，保证业务连续性","","","B","B正确：TEE 承担访问控制、密钥派生与可信 UI，与 eSE 形成“SE 存凭证+TEE 管访问”的分工。A TEE 不能替代 SE 的凭证存储角色，凭证移出 eSE 即脱离最强保护；C射频通信由 NFC 控制器负责，不属于 TEE 的安全职责；D支付凭证不允许备份出安全边界；E把 TEE 当降级存储恰恰违背“核心凭证只放 SE”的要求。","移动支付、TEE与SE分工"
"Y260","多选","TEE","扩展","某方案要求“签名密钥累计使用 100 次后自动失效”。下列说法正确的有：","使用计数保存在 TEE 内，由 TA 在每次签名时检查并递增，REE 侧无法篡改或重置","计数器保存在 App 的本地存储中，由 App 在每次签名前判断，可达到同等强制力","把计数器放在服务端，App 每次签名前向服务器领取配额，可以完全替代 TEE 内计数","达到次数上限后，清除 App 数据或重装应用即可重置计数","时间窗限制（如仅特定时段可用）与次数限制可在同一密钥上同时配置并生效","要实现计数，密钥每使用一次就必须重新生成一把，否则无法统计","","AE","A、E正确：计数与策略存于 TEE 安全存储、由 TA 执行，REE 不可触碰；时间窗与次数限制是同一使用控制框架下可组合的策略。B App 层计数在 root 设备上可被改写，没有强制力；C本地密钥可绕过服务器直接使用，服务端配额拦不住离线滥用；D计数随密钥保存在 TEE 安全存储内，与 App 数据无关；F TEE 内计数器机制与密钥重新生成无关。","密钥策略、使用次数限制"
"Y261","单选","TEE","扩展","某云服务商拟在存量 x86 资源池上推出“机密虚拟机”服务，租户要求：把含定制内核模块的整套 Linux 及全部存量应用原样迁入、不修改任何代码，并由硬件保证云管理员与 Hypervisor 均无法读取租户运行期内存。最匹配的选型是？","将租户的每个关键应用分别改造为 SGX 飞地运行","采用 SEV-SNP/TDX 这类整机粒度的机密虚拟机技术","在每台物理机上部署 TrustZone TEE，把租户应用迁入 secure world","为租户云盘启用全盘加密，运行期内存页交由 Hypervisor 加密保护","为每个租户分配独立 HSM，将业务系统直接部署在 HSM 内运行","","","B","B正确：VM 粒度方案的核心能力就是承载未改动的完整客户机并隔离宿主侧访问，与场景三重约束吻合。A需要逐应用改造，与“整套系统原样迁移、不改代码”的前提冲突；C TrustZone 面向移动/嵌入式场景隔离小型安全服务，且 x86 资源池不具备该生态，无法承载通用租户整机；D全盘加密只保护静态数据，而 Hypervisor 本就是被防对象，由它加密内存不成立；E HSM 是密钥资产的物理隔离设备，不是通用计算平台，无法运行业务系统。","机密计算选型、VM粒度"
"Y262","多选","TEE","扩展","关于多安全组件协同架构的通用原则，下列说法正确的有？","根凭证放 SE、访问控制由 TEE 管理、敏感输入由 TUI 保护，体现的是按职责分工而非组件堆叠","安全组件数量越多系统必然越安全，架构设计时应尽量堆叠各类组件","向 TEE 或机密虚拟机下发密钥等跨组件信任传递，应以 attestation 验证为前提","TEE、SE、TUI 能力各异，可按资产与交互环节分工，但不能简单互相替代","只要每个组件单独测评均达标，系统整体安全就自动达标，组件间接口无需审视","最高价值资产由 SE/HSM 存放后，对其日常调用的访问控制可由 TEE 等次级组件执行，形成存放与管控的配合","","ACDF","A、C、D、F正确：四类组件各管一段资产与交互环节，是分工原则的典型实例；跨组件信任传递依靠 attestation，未经验证的传递等于把信任交给未知状态；各组件能力边界不同（如 SE 无交互能力），互相替代会留下防护空洞；“存放位置由最高保护级别决定、访问控制由次级组件管理”正是协同原则。B组件堆叠会扩大攻击面与复杂度，安全水平并不随数量单调上升；E组件间的接口与信任传递路径恰是整体风险所在，单组件达标推不出整体达标。","多组件协同、通用原则"
"Y263","单选","TEE","扩展","某 TEE 的硬件隔离架构已通过高等级安全认证，但上线后攻击者向支持图片处理的 TA 传入构造图像，触发该 TA 解析代码的堆溢出，在 secure world 内获得代码执行。以下分析正确的是？","该漏洞表明 REE 侧越权访问的硬件防护已经失效，TEE 的核心隔离目标落空","应将图片解析功能移回 REE 高权限守护进程中执行，即可消除风险","该事件证明 TEE 路线整体失效，已部署的 SE、风控等组件也应一并裁撤","硬件隔离已通过认证，secure world 内不可能再出现可利用漏洞，该报告应属误报","认证与隔离机制不等于 TA 代码无缺陷：secure world 自身的业务代码漏洞需靠安全开发生命周期、最小攻击面与持续审计来收敛","","","E","E正确：认证评估的是隔离架构与 TEE 实现质量，不能为上层 TA 业务代码的正确性背书；secure world 内代码（尤其 TA 业务逻辑）的质量是 TEE 隔离能力之外的独立变量。A溢出发生在 TA 自身解析逻辑，并非攻击者从 REE 穿透硬件隔离，隔离机制的定位没有被推翻；B移回 REE 高权限进程只是把攻击面转移进更大信任范围，风险不减反增；C单一组件暴露缺陷不等于纵深体系失效，SE 与风控提供的独立防线仍然有效；D认证评估的是隔离架构与实现质量，“不可能再出现漏洞”不成立。","TEE能力边界、secure world漏洞"
"Y264","多选","TEE","扩展","关于 TEE 与密码学方案（同态加密、MPC、零知识证明）在机密计算中的关系，下列说法正确的有？","TEE 的安全性部分建立在对硬件及其实现的信任上，MPC/HE 等方案不依赖对硬件的信任，但计算与通信开销显著更大","随着机密计算硬件成熟，同态加密与 MPC 已被全面取代，不再具备实用价值","两者呈互补关系：性能敏感且可接受硬件信任假设的场景常用 TEE，对硬件信任敏感的场景可考虑密码学方案","TEE 没有任何信任假设，因此在所有场景下都严格优于密码学方案","将两者组合使用（例如以 TEE 承担 MPC 中部分高开销计算）以平衡信任假设与性能，是当前探索方向之一","密码学方案开销过大，在任何现实系统中都不可能落地使用","","ACE","A、C、E正确：信任假设与性能权衡的核心差异是互补关系的来源；按“是否接受硬件信任、是否性能敏感”分工选型，正是互补关系的应用方式；用 TEE 加速密码学协议的重计算环节，是“互补”落到工程上的自然形态。B密码学方案服务于不信任硬件或需要可证安全的场景，与 TEE 长期共存而非被取代；D TEE 恰恰以硬件信任为前提，“无任何信任假设”的表述错误；F同态加密、MPC 已在多方数据协作等现实系统中逐步落地。","TEE与密码学、互补关系"
"Y265","单选","处理器微架构","扩展","某 C 函数包含 `if (x < array1_size) y = array2[array1[x] * 4096];`。攻击者传入精心构造的越界 x，随后用 Flush+Reload 测量 array2 各缓存行的加载时间，成功恢复 array1 越界位置存放的敏感字节。该泄露得以发生的核心机制是？","越界加载触发的页错误流程会把敏感值暂存到交换空间，攻击者随后从磁盘读出该值","分支预测器预测检查通过，CPU 在结果确定前推测执行越界加载，并把读到的值经探测数组编码进缓存；分支回滚后缓存痕迹仍可被计时测出","越界加载绕过了 MMU 的页权限检查，在权限校验完成前把内核页数据送入缓存供攻击者读取","编译器将边界检查优化删除，越界访问在架构层真实提交，敏感值直接出现在变量 y 中","敏感值被分支预测器记入全局历史状态，攻击者统计后续分支的预测错误率即可将其恢复","","","B","B正确：错误训练的预测打开推测窗口，越界值经 array2 编码进缓存，架构回滚不清除微架构痕迹。A推测执行的访存即使会 fault 也被抑制提交，v1 不经异常与磁盘路径外泄数据；C“权限校验完成前读内核页”是 Meltdown 的机制，v1 利用的是被误导的条件分支而非权限检查竞争；D若检查在架构层被删除则属普通越界缺陷，与本场景“无崩溃、靠缓存计时取值”的观察不符；E预测器内部状态只负责“打开窗口”，不是泄露信道，编码依赖缓存。","Spectre v1、推测执行窗口"
"Y266","多选","处理器微架构","扩展","某安全团队梳理 Spectre v1 的利用面。下列关于其变体与利用条件的描述，正确的有？","v1 只能用于攻击操作系统内核，纯用户态进程内部不存在可利用的 v1 场景","受害者代码必须存在“边界检查之后使用下标访问”的模式，检查分支被误导放行才有越界读发生","攻击者可通过预先执行大量特制序列训练条件分支预测器（PHT），使目标检查在推测执行中被判定为通过","eBPF 验证器已在加载时静态证明所有访问不越界，因此 eBPF 程序对 v1 完全免疫","浏览器部署 site isolation 之前，同一进程内可共存多个站点的数据，恶意脚本可借 v1 读取其他站点信息","发起 v1 需要对设备进行物理接触，通过注入信号训练分支预测器","","BCE","B、C、E正确：没有“检查后使用”结构就没有可误导的边界检查；PHT 依执行历史更新，攻击者可用自身代码的执行序列塑造目标分支的预测方向；跨站数据同进程共存使 v1 构成事实上的沙箱逃逸，这也是 site isolation 推进的动因之一。A浏览器渲染进程、解释器等用户态沙箱恰是 v1 的典型受害环境；D静态证明依赖插入的运行时检查指令，这些指令在推测执行中可被误导，Linux 因此对 eBPF 施加限制并加屏障；F分支训练只需运行相应代码序列，v1 可由远程脚本纯软件实施。","Spectre v1、利用条件与沙箱逃逸"
"Y267","单选","处理器微架构","扩展","为缓解如下模式中的 v1 泄露：`if (idx < table_size) { v = data[table[idx] * 64]; }`，关于 speculation barrier（x86 上如 lfence）的插入位置，正确的选择是？","数组访问之后、变量 v 首次被消费之前——阻断敏感值向后续指令传播","任意位置均可——函数内只要存在一条 lfence，处理器就会对该函数所有分支启用保守预测","函数入口处——让整个函数从干净的流水线状态开始执行","边界检查分支与数组访问之间——迫使后续访存等待分支裁决，封闭“检查未定即推测访问”的窗口","函数返回之前——清除推测执行可能遗留的缓存痕迹","","","D","D正确：v1 的泄露窗口正是“检查与使用”之间，屏障让访存等待分支确认，编码无法发生。A泄露发生在数组访问对缓存行的写入，待 v 被消费时编码早已完成；B lfence 只约束其后指令的调度，不存在“一条屏障保守化整个函数”的全局机制；C入口屏障早于目标检查，推测窗口在检查之后才打开，起不到保护作用；E返回前的屏障无法撤销已完成的缓存编码，痕迹已经存在。","Spectre v1、speculation barrier"
"Y268","多选","处理器微架构","扩展","评估某系统中 v1 的现实攻击可行性时，下列因素中会实质影响结论的有？","攻击者代码能否与受害者满足共址条件（同进程执行、共享内存映射或同核共享资源）","处理器主频的高低，主频越高推测窗口越长，v1 必然越容易利用","攻击者能否构造出可被受害者推测访问、且攻击者可计时测量的探测数组","受害者是否使用高级语言编写，高级语言产物可天然排除 v1","敏感数据相对越界起点的距离，推测窗口内可达的偏移范围划定了可威胁的秘密集合","系统是否启用全盘加密，启用后内存中无明文，v1 自然失效","","ACE","A、C、E正确：共址是 v1 的前提条件，评估首先要核查攻击者与受害者的执行与映射关系；探测数组承担编码功能，其可构造性与可测量性直接决定攻击能否落地；推测窗口能触达的偏移范围有限，距离越远的秘密越难被读出。B可行性由微架构与软件条件决定，主频不是判据；D高级语言（含 JS、字节码语言）的运行时同样含“检查后使用”代码，语言级别不构成豁免；F全盘加密保护的是静态存储，运行时内存中的明文恰是 v1 的读取对象。","Spectre v1、影响评估维度"
"Y269","单选","处理器微架构","扩展","云平台上，攻击者虚拟机在自身地址空间内反复执行精心设计的跳转序列对处理器进行“训练”，随后同宿主机上受害虚拟机执行间接跳转时，推测执行流落到了攻击者预设的代码地址上。造成该现象的机制是：","攻击者污染了返回栈缓冲器（RSB），使受害进程的函数返回指令推测到预设地址","攻击者误导了受害程序中条件分支的方向预测，使其沿含越权访存的错误路径推测执行","BTB 通常不按地址空间隔离，攻击者训练写入的表项会污染其他上下文的间接分支目标预测，使受害者的间接分支推测跳转到注入地址","训练序列使处理器放松了推测加载的权限检查，受害者上下文得以越权读取攻击者指定的数据","BTB 命中时会校验表项的地址空间标识，攻击者利用该校验的旁路缺陷完成了目标注入","","","C","C正确：v2 的本质就是 BTB 表项跨上下文生效、间接分支目标被注入。A是返回预测污染（SpectreRSB 类）机制，不是 BTB 注入；B是 Spectre v1“误导条件分支方向”的机制；D张冠李戴，v2 不改变权限检查行为，“放松权限检查”是 Meltdown 类描述；E前提错误，受影响处理器恰恰缺少这类隔离校验，v2 正因此成立。","Spectre v2、BTB注入"
"Y270","多选","处理器微架构","扩展","某发行版在内核中启用 retpoline 缓解 Spectre v2。关于其工作原理与代价，下列说法正确的有：","retpoline 将间接跳转改写为先把目标地址压栈再执行返回的结构，并配合推测执行时反复“空转”的陷阱循环，使被误训练的 BTB 表项无法决定实际跳转","retpoline 属于零成本缓解：它消除了推测执行本身，因此不带来任何性能损失","retpoline 的威胁模型要求攻击者无法执行任何代码，若攻击者可在同一处理器上运行代码则完全失效","其安全性依赖于返回预测器（RSB）在多数微架构上不易被跨特权污染，从而把间接跳转的“预测权”从可被训练的 BTB 转移到攻击者更难操控的返回预测","retpoline 同时防御 Meltdown 式越权数据读取，因此启用后可相应卸载 KPTI","早期部署数据显示其性能损失可观（约百分之十到三十的量级），对系统调用密集型负载影响尤其明显","","ADF","A、D、F正确：这是 retpoline 的标准构造与作用机理；安全依据是 RSB 难被跨特权污染，预测依赖被转移；早期报告的性能损失在 10%-30% 量级，系统调用密集型负载影响明显。B retpoline 不消除推测执行，且实测有明确性能代价；C retpoline 正是为“攻击者可执行代码并训练预测器”的威胁模型设计的，并不会因此失效；E retpoline 只针对间接分支目标注入，不覆盖 Meltdown 类越权读取。","retpoline、原理与代价"
"Y271","单选","处理器微架构","扩展","某系统已启用 KPTI（内核页表隔离）以应对 Meltdown，安全团队仍被要求评估 Spectre v2 风险。有观点认为：“内核已从用户页表中移除，用户态训练的 BTB 表项无法再让推测执行触及内核代码，v2 风险已被 KPTI 覆盖。”该观点的错误在于：","v2 的攻击者必须已在内核中执行代码，而 KPTI 恰恰无法防范内核内部的攻击","v2 的泄露发生在受害者自身的执行流中（如系统调用路径上的内核代码），KPTI 不隔离分支预测器，内核执行时间接分支目标仍可被预先训练的表项劫持","KPTI 开销过大，多数系统实际并未启用，因此 v2 风险依旧存在","KPTI 只能防御分支目标注入，不能防御边界检查绕过","KPTI 只在多核系统上有效，单核环境下不起作用，因此仍需另行评估 v2","","","B","B正确：v2 利用发生在受害者执行上下文中，页表可见性的隔离管不到预测器状态。A v2 的典型威胁恰是用户态训练 BTB 攻击内核路径，攻击者无需在内核执行代码；C题干已明确 KPTI 已启用，该理由与事实不符且答非所问；D关系颠倒，KPTI 针对的是 Meltdown 类越权读取，既不专门防 v2 也不防 v1；E KPTI 的作用机制与核数无关，该说法不构成 v2 未被覆盖的原因。","KPTI与v2、缓解边界"
"Y272","多选","处理器微架构","扩展","某产品线完成一轮 Spectre v2 缓解部署后制定长期维护策略。下列说法正确的有：","缓解部署完成后即可归档，后续硬件换代、固件升级均不影响 v2 防护状态","“一次编译、永久有效”不成立：更换新微架构处理器后，retpoline 等软件缓解的有效性与性能都需要重新评估","性能测试是缓解落地的必要环节：不同缓解的开销因负载类型而异，应以实测数据决定策略","跟踪内核、微码与架构的安全更新，并在更新后做回归测试，是合理的长期工程要求","应用程序无需自行考虑 v2 缓解，等待操作系统与微码更新即可覆盖包括浏览器内攻击在内的所有场景","缓解有效性的验证只需检查编译选项是否开启，无需关注运行时实际生效路径","","BCD","B、C、D正确：缓解的有效性与性能随微架构变化，换代后必须重新评估；retpoline 与硬件机制的代价因负载而异，实测是选型依据；上游更新可能改变缓解实现与默认策略，跟踪与回归是必要流程。A硬件与固件变化会改变缓解的适用性与默认选择，不能一劳永逸；E浏览器等应用层面有独立攻击面与相应缓解职责，系统级更新不能覆盖全部场景；F编译选项开启不等于运行时按预期生效，还需确认实际路径与性能表现。","v2缓解、生命周期维护"
"Y273","单选","处理器微架构","扩展","某安全团队在 x86 平台复现 Meltdown-US：用户态代码对页表项标记为 supervisor-only 的内核地址发起加载，该指令最终以异常终止、其架构结果被丢弃，但攻击程序仍能借助 Flush+Reload 稳定恢复出该地址的字节。下列解释正确的是？","该加载在权限检查失败后即被丢弃，缓存痕迹应归因于内核数据本就驻留在缓存中，与用户态瞬态访问无关","乱序引擎在权限判定完成前已让数据进入流水线，后续瞬态执行的依赖指令据此改写缓存；异常的效果被推迟到指令退休时才产生，架构回滚无法撤销缓存痕迹","缺页处理程序在返回用户态前把该内核字节复制到用户可读的交接页面，攻击者从该页面读取","该加载经存储缓冲区转发并绕过 TLB 检查，权限位从未被查询，属于跨槽位的 MDS 类泄露","CPU 检测到用户态访问内核地址后临时提升到管理模式完成加载，再切回用户态补报异常，数据因此短暂合法可见","","","B","B准确描述了“数据先于权限判定进入流水线、异常延迟到退休、缓存痕迹残留”的完整链条。A否认了瞬态加载本身交付数据，与 Meltdown 的核心机制相反；C混淆了架构级异常处理与瞬态泄露路径，内核不会复制该数据；D把攻击错误归因为 MDS 的存储缓冲区跨槽位泄露，且该加载正常经过 TLB 与权限检查；E虚构了“临时提升特权级”的机制，处理器不会这样做。","Meltdown、瞬态执行"
"Y274","多选","处理器微架构","扩展","某发行版启用 KPTI 后，用户态页表几乎不含内核映射，仅保留陷入内核所需的最小入口（蹦床）映射。关于该机制为何以及如何阻断 Meltdown-US，下列分析正确的有？","用户态页表中不存在目标内核映射时，推测加载在地址翻译阶段就拿不到可读的数据，“读取-编码”链路在第一步即被切断","用户态与内核态各持一套页表，进出内核通过改写 CR3 完成，PCID 可让两套地址空间的翻译缓存在切换时互不冲刷","KPTI 生效后，Spectre v1 的边界检查绕过也被一并阻断，因为二者使用同一条泄露路径","用户态触发缺页异常的频率显著上升并消耗攻击者的时间预算，这才是 KPTI 的主要防护原理","内核态执行时仍使用含完整内核映射的另一套页表，因此内核自身对内存的正常访问不受 KPTI 影响","KPTI 能同时挡住 L1TF，因为用户态页表里同样没有 L1TF 所需的映射表项","","ABE","A、B、E正确：映射缺失使推测加载无从取数，这是 KPTI 阻断 Meltdown 的核心原理；进出内核通过 CR3 切换实现，PCID 让两套地址空间的翻译缓存在切换时互不冲刷；内核态照常使用完整映射，正常内存访问不受影响。C Spectre v1 靠错误训练的边界检查泄露，不依赖用户态页表中的内核映射，KPTI 不覆盖；D防护原理是映射不存在而非异常频率上升；F L1TF 需要微码与超线程策略等另行缓解，KPTI 不覆盖。","KPTI、原理与实现"
"Y275","单选","处理器微架构","扩展","同一 Meltdown-US 概念验证代码在多数 Intel 机型上能恢复内核字节，在多数 AMD 机型上却失败。其微架构层面的解释是？","AMD 处理器的译码器直接拒绝用户态访问内核地址的加载指令，该指令无法进入流水线","AMD 平台上该攻击被 KPTI 类内核补丁拦截，与处理器设计本身无关","AMD 的实现让权限检查与数据加载同步完成，权限不足时推测数据不向下游传播，后续依赖指令拿不到加载值","AMD 的 TLB 在缺页时立即清除对应表项，导致攻击的地址翻译环节必然失败","AMD 的缓存不响应瞬态加载的分配请求，因此 Flush+Reload 观察不到任何差异","","","C","C正确：指出检查与加载同步、推测数据不外传是 AMD 免疫的关键。A此类指令可以正常译码执行，只是权限检查不通过；B多数 AMD 处理器无需 KPTI 即不受影响，根源在微架构实现而非软件补丁；D虚构了 TLB 即时清除行为，与失败原因无关；E问题在于数据是否被推测交付，而非缓存是否分配。","Meltdown、AMD免疫机理"
"Y276","多选","处理器微架构","扩展","关于 2018 年初 Meltdown/Spectre 的披露与产业响应过程，下列说法正确的有？","漏洞细节在研究团队首次发现时即向公众公开，以便用户第一时间自行防护","采用协调披露流程：Project Zero 与多个学术团队约定统一披露日，为厂商预留修复缓冲期","主流操作系统在披露日前后同步推送缓解补丁，Linux 引入的机制即内核页表隔离（KPTI）","披露由单一团队率先抢发，其余团队随后各自独立发布，时间线互不相关","在披露前的保密期内，受影响厂商已提前获得技术细节并完成补丁的开发与验证","由于缺陷位于处理器硬件，操作系统与云厂商在披露日前无需准备，当日才开始评估","","BCE","B、C、E正确：Project Zero 与多个学术团队约定统一披露日，为厂商预留修复缓冲期；主流 OS 在披露日前后同步发布缓解，Linux 的方案即 KPTI；保密期内厂商已提前拿到细节并准备补丁。A披露遵循协调流程而非发现即公开；D是多团队同步披露而非抢发与各自为战；F OS 与云厂商在披露前已按保密通告完成了大量准备工作。","Meltdown/Spectre、协调披露"
"Y277","单选","处理器微架构","扩展","安全团队在复盘 2019 年披露的 ZombieLoad 攻击时，需要向管理层说明该攻击泄露数据的来源。正确的解释是：","处理器分支目标缓冲中记录的历史跳转目标地址序列","内存加密引擎中尚未完成加解密的中间态密文","攻击者进程自身虚拟内存中已被换出到磁盘的页面数据","攻击者指定任意内核虚拟地址，CPU 越权加载该地址内容后经缓存侧信道输出","CPU 内部填充缓冲（Line Fill Buffer）中尚未清空的其他上下文最近载入的缓存行残留","","","E","E正确：ZombieLoad 采样的是填充缓冲中的残留数据。D是 Meltdown 式指定地址越权读，并非 ZombieLoad；A属于分支预测器类侧信道的作用对象；B采样对象是缓冲中明文形式的数据而非加解密中间态；C换出页面不流经 CPU 内部缓冲，与采样机制无关。","ZombieLoad、Line Fill Buffer"
"Y278","多选","处理器微架构","扩展","某企业物理服务器收到 MDS 漏洞通告，安全评审会上提出以下整改措施，其中对缓解 MDS 有效的有：","为服务器内存全面启用内存加密，使缓冲中残留的数据不可读","应用处理器厂商微码更新，使 VERW 指令能在特权切换、VM 退出等边界清空内部缓冲","在应用程序中统一改写为恒定时间实现，消除所有微架构侧信道","升级内核，在返回用户态和 VM 入口前插入清空内部缓冲的指令序列","在 BIOS 中关闭超线程，消除同一物理核上跨逻辑线程的泄露面","调整调度策略，避免不同租户的负载混布到同一物理核的两个线程上","","BDEF","B、D、E、F正确：微码 VERW 扩展是缓冲清空的基础能力；内核边界清空序列与微码配合构成标准缓解；禁用 SMT 消除跨线程泄露面；同核不混布切断跨租户共享物理核的泄露路径。A数据进入内部缓冲时为明文，内存加密不能阻止采样；C恒定时间编程针对自身时序泄露，无法阻止缓冲被他人采样。","MDS缓解、措施清单"
"Y279","单选","处理器微架构","扩展","某公有云将租户 A 与租户 B 的虚拟机调度到同一物理核的两个超线程上。从跨租户数据泄露的角度看，租户 A 作为攻击方通过 MDS 最可能采样到的信息是：","处理器分支目标缓冲中记录的历史跳转目标地址序列","内存加密引擎中尚未完成加解密的中间态密文","租户 B 虚拟机最近流经该物理核填充/存储缓冲的数据残留","攻击者指定任意内核虚拟地址，CPU 越权加载该地址内容后经缓存侧信道输出","CPU 内部填充缓冲（Line Fill Buffer）中尚未清空的其他上下文最近载入的缓存行残留","","","C","C正确：同物理核 SMT 兄弟线程间的缓冲残留泄露是 MDS 的典型云场景。A、B、E三项描述的是 ZombieLoad 的采样对象（填充缓冲残留），与本题目场景一致但答非所问——本题为单选最佳描述“跨租户可采样到什么”，正确答案指向租户 B 的数据残留；D是 Meltdown 式指定地址越权读，不属于 MDS。","MDS、跨租户采样"
"Y280","多选","处理器微架构","扩展","研究者在同一处理器上分别复现 MDS 与 LVI，下列关于两者关系的说法正确的有：","两者都涉及处理器内部缓冲，但方向相反：MDS 被动采样残留数据，LVI 将攻击者控制的值主动注入 enclave 的推测执行","LVI 与 MDS 毫无共性，一个是寄存器数据注入、一个是缓存侧信道，不存在共同的硬件根源","LVI 针对 SGX enclave 的推测执行，而 MDS 的采样对象不限于 enclave 场景","攻击者通过 MDS 向 enclave 注入特定值，从而操纵 enclave 的推测执行路径","已部署的缓冲清空类缓解因两者都依赖内部缓冲残留，对 MDS 与 LVI 都有防御价值","LVI 本质上是被动等待敏感数据流经缓冲，攻击者无需主动构造输入","","ACE","A、C、E正确：被动采样与主动注入是方向相反的利用方式；LVI 特定于 enclave，MDS 的采样面更广；清空缓冲能同时切断两类攻击对残留的利用。B两者都利用内部缓冲问题，存在共同硬件根源；D注入受控值是 LVI 的行为，MDS 并不注入；F LVI 需要攻击者主动构造并送入受控值，并非被动等待。","MDS vs LVI、采样与注入"
"Y281","单选","处理器微架构","扩展","在受控实验中，程序对 DRAM 某一行以极高频率反复执行激活（ACT）操作，随后在与该行物理相邻的 victim 行中稳定地检测到位翻转。从 DRAM 器件机理看，对该现象最合理的解释是：","相邻行单元的电荷泄漏被反复激活显著加速，泄漏量在刷新间隔内不断累积，最终不足以维持原存储值","反复激活使行译码器过热失效，读写操作被错误路由到相邻行，在数据上“表现为”翻转","相邻行与被激活行共享位线，激活脉冲经位线把相邻单元的电平直接改写为相反值","这是刷新电路故障所致：刷新计数器漂移使相邻行长期漏刷，与激活操作本身无关","激活操作抬高了芯片局部温度，热噪声使相邻单元的存储值随机丢失，且每次位置不可复现","","","A","A正确：Rowhammer 的本质就是相邻行电荷泄漏加速并在刷新间隔内累积到位翻转，符合器件级机理。B问题不在寻址路由，翻转是真实的数据损坏而非译码器错误；C机理是泄漏的逐步累积，而非激活脉冲经位线对电平的直接改写；D刷新电路工作正常，翻转由人为的高频激活引起而非漏刷故障；E归因于随机热噪声与“不可复现”都是误区，Rowhammer 翻转多数情况下可控可复现。","Rowhammer、电荷泄漏机理"
"Y282","多选","处理器微架构","扩展","研究者在启用 TRR 的 DDR4 平台上复现了 TRRespass 类绕过攻击。关于该变体的技术特点，以下说法正确的有：","TRR 的缓解思路是：在常规刷新之外，对疑似受害的“伪目标行”追加刷新，以补偿其泄漏","TRRespass 通过组织多行协同 hammer，让真实受害行不落入 TRR 选中的伪目标行集合，从而绕过缓解","该变体没有引入新的物理效应，仍然依赖高频激活导致的相邻行电荷泄漏","其成功的关键在于先关闭平台的自动刷新电路，使 TRR 与常规刷新同时失效","绕过 TRR 必须先获得内核权限，去改写内存控制器的刷新策略表","TRRespass 只在数据全 0 的内存页上有效，其余数据分布下 TRR 必然拦截成功","","ABC","A、B、C正确：TRR 的机制就是识别可疑激活后对伪目标行追加刷新以补偿泄漏；多行 hammer 使 TRR 的伪目标行判定与真实受害行错位，缓解因此被绕过；TRRespass 与原始 Rowhammer 共享同一器件机理，只是激活的组织方式不同。D攻击并不关闭刷新电路，而是欺骗 TRR 的目标行选择；E触发依赖的是用户态可构造的高频访问模式，与内核权限改写刷新策略无关；F变体并不依赖“数据全 0”这一条件。","TRRespass、TRR绕过"
"Y283","单选","处理器微架构","扩展","某采购报告称：“新平台全部采用 DDR4 内存，其内置的 TRR 机制已从硬件上根治 Rowhammer，后续无需再投入任何内存安全预算。”以下评价最准确的是：","评价正确，TRR 通过对目标行的额外刷新使 DDR4 彻底免疫位翻转","评价正确，TRR 属于操作系统层缓解，配合补丁即可覆盖所有变体","评价不准确：TRR 只是让疑似受害行获得额外刷新的缓解措施，TRRespass（2020）已用多行 hammer 使其“伪目标行”判定失效，证明 TRR 可被绕过","评价不准确：TRR 失效的原因是它只能保护每个 bank 的首行，对其余行没有保护","评价不准确：DDR4 的风险高于 DDR3，采购时应当回退到 DDR3 平台","","","C","C正确：TRR 通过对疑似受害行追加刷新来缓解，TRRespass 用多行 hammer 让伪目标行机制失效，2020 年已被实证绕过。A TRR 是缓解而非根治，“彻底免疫”不成立；B TRR 是 DRAM/内存控制器层面的硬件机制，不是操作系统补丁，也无法覆盖所有变体；D TRR 被绕过的原因在于伪目标行判定可被多行组合欺骗，而非只保护首行；E DDR3 缺乏 TRR 更易触发，回退到 DDR3 不会降低风险。","TRR、可绕过性"
"Y284","多选","处理器微架构","扩展","学生小组设计 Rowhammer 复现实验，讨论从 DRAM 器件侧看需要满足哪些条件。以下判断正确的有：","高频激活需在刷新间隔（tREFI）内持续累积，让相邻单元电荷跌破保持阈值","受影响的 victim 行需与 hammer 行位于同一 bank 内且物理相邻","必须先关闭 DRAM 的自动刷新，否则任何激活都无法造成翻转","victim 行的数据必须在 hammer 期间被完整读出一次，翻转才可能发生","只要在单个刷新间隔内完成一次激活，相邻行就会翻转，翻转概率与激活次数无关","hammer 行在单位时间内被激活的次数需超过阈值，使相邻行的泄漏来不及被刷新补偿","","ABF","A、B、F正确：泄漏必须在 tREFI 窗口内累积到位；Rowhammer 的受害对象是同 bank 内与 hammer 行物理相邻的行；激活密度是触发基础，单位时间 ACT 次数超过阈值后翻转概率才显著上升。C攻击不要求也无法关闭刷新，触发靠在刷新间隙内超越泄漏补偿；D把“观测翻转需要读出”与“发生翻转”混为一谈，victim 无需被访问即可翻转；E单次激活远不足以造成翻转，翻转概率随激活次数增加而上升。","Rowhammer、触发条件"
"Y285","单选","处理器微架构","扩展","攻击者在网页中嵌入纯 JavaScript 代码实施 Rowhammer 攻击。为了让锤击的内存行与受害数据所在的物理行相邻，Rowhammer.js 采用的关键技术是：","通过反复申请与释放大型 JS 数组整形物理页布局（memory grooming），提高攻击页与目标页物理相邻的概率","通过在页面中内嵌浏览器插件获取更高权限，进而直接指定物理地址进行读写","利用同源策略绕过技术读取其他标签页的虚拟地址布局，据此推算目标数据所在的物理行","通过构造特定访问序列触发系统换页，将目标数据页固定到指定的物理内存行上","借助 GPU 与 CPU 的共享内存机制，将锤击数据精确写入受害者进程所在的物理页","","","A","A正确：memory grooming 利用分配器行为反复申请释放大数组，整形物理布局使相邻关系可控，是 Rowhammer.js 的核心技术。B错误，Rowhammer.js 的意义恰在于无需任何插件、纯网页即可实施；C错误，其他标签页的虚拟地址布局对脚本不可读，Rowhammer.js 是整形自身可控页的物理布局；D错误，网页脚本无法触发换页并把某个页固定到指定物理行；E错误，攻击整形的是自身数组的布局，不能把数据写入他人进程的物理页。","Rowhammer.js、memory grooming"
"Y286","多选","处理器微架构","扩展","安全团队复盘一起提权事件：攻击者未利用任何软件漏洞，仅通过高频访问内存就让原本只读的页面变得可写。关于这类通过 Rowhammer 翻转页表项（PTE）的利用，下列说法正确的有：","翻转只读页对应 PTE 中的权限位，可使该页在地址翻译层面变为可写","翻转 PTE 中的物理帧号位，可使自身的页表项指向原本无权访问的相邻物理帧","攻击者必须先利用独立的内核漏洞改写页表，Rowhammer 才有机会作用于 PTE","页表项存放在 CPU 的特权寄存器中，内存比特翻转无法触及页表结构","页表项本身驻留在内存中，与普通数据一样暴露在可被锤击的物理行上","翻转 PTE 中的位会同时破坏目标页内的用户数据，导致攻击得不偿失","","ABE","A、B、E正确：权限位翻转后 MMU 按新属性翻译，只读页即变为可写；帧号位翻转使 PTE 指向邻近物理帧，可能落入内核内存；页表项驻留内存是其可被锤击的前提，也是这类利用成立的基础。C错误，Rowhammer 通过物理相邻锤击即可直接作用于页表所在内存，无需内核漏洞配合；D错误，页表存放在内存中而非寄存器，寄存器中只是页表基址；F错误，翻转的是页表项中的位而非页内数据位，目标页内容不会被同时破坏。","Rowhammer提权、PTE翻转"
"Y287","单选","处理器微架构","扩展","某机构将敏感计算迁入 SGX enclave，以抵御具有物理内存访问能力的攻击者。评估 Rowhammer 对机密计算环境的威胁时，下列说法正确的是：","enclave 页面在 DRAM 中以加密形式存放，物理层的位翻转不会对其内容造成任何影响","只要 enclave 页面不被换出到磁盘，外部代码就无法对其内容产生任何影响","攻击者必须先在 enclave 内部植入代码，才能发起针对 enclave 数据的 Rowhammer","enclave 使用的物理内存与普通应用内存分属不同的 DRAM 芯片，天然不存在相邻关系","enclave 数据页所在物理行被锤击后其中的数据完整性可能被破坏，这与侧信道攻击窃取机密性的威胁性质不同","","","E","E正确：enclave 页同样位于普通 DRAM 中，相邻锤击可翻转其数据位破坏完整性，这与侧信道攻击破坏机密性是不同性质的威胁。A加密不改变位翻转在物理层的发生，enclave 数据完整性仍可被翻转破坏；B不换出意味着页面持续驻留在物理行上，反而持续暴露在锤击范围内；C攻击者在 enclave 外锤击相邻物理行即可影响 enclave 页，无需在 enclave 内执行代码；D enclave 页与普通页共享同一物理内存，相邻关系取决于物理页分配而非隔离机制。","Rowhammer、机密计算完整性"
"Y288","多选","处理器微架构","扩展","某虚拟化管理平台在设计安全基线时，考虑从内存布局与部署策略入手缓解 Rowhammer。下列说法正确的有：","将安全边界按物理大页对齐，可降低边界两侧页面落入相邻 DRAM 行的概率","使不同安全域的页面在物理上互不相邻，可切断跨域锤击的物理基础","客户机可将页表以只读方式映射并定期校验其内容，以及时发现针对页表的翻转","上述缓解中任意启用一种，即可认为系统已彻底消除 Rowhammer 风险","即使虚拟地址空间完全隔离，不同安全域的页面仍可能物理相邻，地址隔离不能替代物理布局层面的缓解","页表以只读方式映射后，内核对页表的任何合法更新都将永久失败，因此该措施在真实系统中不可行","","ABCE","A、B、C、E正确：大页对齐使安全边界与物理边界重合；不同安全域不物理相邻从物理层面切断锤击路径；页表只读映射加定期校验是客户机侧发现页表翻转的有效缓解；地址空间隔离不改变物理布局，物理相邻风险依然存在。D任一单点缓解都存在局限或可绕过性，必须多层叠加；F合法更新可通过写保护异常处理后完成再恢复只读，该措施在真实系统中可行。","Rowhammer缓解、物理布局"
"Y289","单选","处理器微架构","扩展","某云平台上，攻击者租户与受害者租户位于同一物理服务器的不同虚拟机中：两者没有任何共享内存页，但共享同一 LLC。攻击者想观测受害者是否访问过特定数据集。关于可行的技术路线，下列判断正确的是：","Flush+Reload 可行，clflush 能跨虚拟机刷新任意物理地址对应的缓存行","Flush+Reload 可行，因为 LLC 物理共享，flush 后的行被受害者访问即可测出时序差","Prime+Probe 可行，它观测的是受害者在 TLB 上的争用痕迹","Prime+Probe 可行，它只需与受害者的访存共享同一缓存组，不要求共享内存页","该场景需先建立共享内存页，否则无法实施任何缓存侧信道观测","","","D","D正确：Prime+Probe 只需将攻击者数据填入与受害者相同的缓存组即可实施，不要求共享内存页，因此跨 VM 可用。A clflush 只能作用于自己地址空间中已映射的行，无共享映射则刷不到受害者正在使用的行；B LLC 物理共享不等于共享映射，Flush+Reload 的前提是共享页；C Prime+Probe 的观测载体是缓存组驱逐，与 TLB 争用无关；E“任何缓存侧信道都需要共享页”与 Prime+Probe 的事实相悖。","缓存侧信道、Flush+Reload与Prime+Probe"
"Y290","多选","处理器微架构","扩展","某平台微码更新后，用户态调用 clflush 不再真正使目标行失效。攻击者改用“驱逐代替 flush”的思路：构造与目标行同组的驱逐集并访问，把目标行挤出缓存，再实施观测（Evict+Reload / Evict+Time）。关于这类驱逐式技术，下列说法正确的有：","不使用 flush 指令意味着其信号比 Flush+Reload 更干净、噪声更低","用访问驱逐集替代 flush 即可完成驱逐，无需任何特权指令","这类技术必须依赖与受害者共享物理内存页，否则连 Evict+Time 也无法实施","与 Flush+Reload 相比，驱逐集构造质量与系统噪声使其信号通常更不稳定","Evict+Time 以受害者整体执行时间为观测信号，粒度粗于逐行 reload 的 Evict+Reload","驱逐集中混入无关地址只会放大时间差，使观测更容易","","BDE","B、D、E正确：驱逐只靠普通访存即可完成，无特权指令要求是该类技术的核心优势；驱逐集质量与系统噪声使其通常比 clflush 版本更不稳定；Evict+Time 测的是受害者整体耗时，粒度粗于 Evict+Reload 的逐行观测。A驱逐式技术恰恰引入更多噪声，“更干净”与事实相反；C Evict+Time 对整体计时即可实施，不需要共享页；F混入无关地址会稀释目标信号、抬高噪声，观测更难而非更容易。","Evict+Reload、驱逐式技术"
"Y291","单选","处理器微架构","扩展","某处理器采用 inclusive LLC：L1/L2 中的缓存行在 LLC 中必有副本。安全工程师分析该特性对侧信道攻击构造的影响，下列判断正确的是：","从 LLC 驱逐一行会使其在上层缓存中的副本同步失效，跨核攻击者可借此清除受害者 L1 中的目标行","inclusive 只影响命中率等性能指标，与侧信道攻击构造无关","inclusive LLC 中上层缓存行可独立于 LLC 存在，驱逐 LLC 行不影响 L1","inclusive 意味着任一核的 L1 行必须在所有核的 LLC 中各有一份副本","inclusive 增大了 LLC 有效容量，从而使侧信道时间差被拉平","","","A","A正确：inclusive 保证 LLC 驱逐时反向失效上层副本，跨核攻击者可借此清除受害者 L1 中的目标行。B包含性直接决定失效传播路径，是攻击构造的关键前提，“与攻击无关”是典型误解；C该说法恰与 inclusive 定义相反，非 inclusive 下 LLC 驱逐才不必然波及上层；D inclusive 要求副本存在于本核对应的 LLC 中，而非“所有核的 LLC 各一份”；E包含性描述的是层级包含关系，不会拉平“行是否存在”造成的时间差。","inclusive LLC、反向失效"
"Y292","多选","处理器微架构","扩展","评测机构复核某产品的缓存侧信道防御方案，方案包含 LLC 分区（CAT）、恒定时间改造、随机化与运行时监控。下列复核意见正确的有：","恒定时间改造只需覆盖公开密码算法库，业务代码中的秘密相关查表与分支无需考虑","已启用 LLC 分区的平台上，SMT 兄弟线程间的 L1 争用仍存在，高敏感场景需核隔离/禁 SMT 补充","单一防御（仅恒定时间、仅分区或仅随机化）通常不足以覆盖所有泄露面，需要分层组合","随机化使攻击者每次测量都失真，因此攻击成功率必然降为零","运行时监控可通过统计异常 miss 率、异常探测模式等辅助发现攻击","页着色是纯软件方案，无需修改 OS/hypervisor 即可在任意用户进程中启用","","BCE","B、C、E正确：CAT 只划分 LLC，SMT 兄弟线程间的 L1 争用仍在，需核隔离/禁 SMT 补充；任何单一防御都只覆盖部分泄露面，分层组合是常规做法；统计异常 miss 率与探测模式是可行的运行时检测思路。A业务代码中的秘密相关查表与分支同样构成泄露；D随机化降低测时分辨率，但统计平均使成功率不会“必然降为零”；F页着色需要 OS/hypervisor 参与页—颜色映射管理，非用户态可独立启用。","缓存侧信道防御、纵深组合"
"Y293","单选","处理器微架构","扩展","某团队在同一批同型号服务器上，仅通过内核参数切换开启 KPTI，用 SPEC CPU 跑分对比得出整体性能下降约 3%，判定代价可接受。上线后，以系统调用密集为主要特征的网关服务吞吐出现远超 3% 的下降。造成偏差的最主要原因是？","KPTI 的代价与 CPU 主频正相关，跑分机器主频较高，因而低估了生产环境的实际代价","吞吐下降应归因于同批服务器的调度器配置差异，与 KPTI 的页表切换机制无关","SPEC CPU 的负载构成不能代表系统调用/上下文切换密集场景，而 KPTI 的代价恰集中于此，应以真实业务负载做开/关对照校核","SPEC CPU 分数只能反映浮点运算能力，不能反映整数与内存访问能力，导致结论不可靠","KPTI 的代价只在多核高并发时才出现，SPEC CPU 的常规跑分完全测不到这类开销","","","C","C正确：标准套件负载构成与 KPTI 代价敏感路径错配，应补真实业务负载对照。A将代价错误归因于主频，与 KPTI 作用于系统调用入口页表切换的机制无关；B题干已限定同批机器仅切换 KPTI 参数，归因调度器不成立；D对 SPEC 的描述错误，其本身包含整数、内存等多元负载；E错误，单线程系统调用密集路径同样承受页表切换代价。","缓解代价度量、SPEC局限"
"Y294","多选","处理器微架构","扩展","某团队管理数百台、多批次采购的服务器，担心“实际缓解状态与预期不一致”却无从发现。下列做法合理的有哪些？","认为出厂默认配置即为最优安全配置，无需额外记录与复核","将每台机器的微码版本、内核参数、SMT 状态等缓解要素录入配置管理系统形成基线","以“内核版本相同”作为缓解状态一致的充分条件，不再比对微码与启动参数","定期执行漂移检测，将各机器实际缓解状态与基线比对并对偏差告警","以内核 hw-vuln 文档与供应商公告作为参数取值与状态判定的权威依据","缓解配置依赖装机工程师的个人经验掌握，团队层面不沉淀文档","","BDE","B、D、E正确：基线化使每台机器的缓解状态可查可比；漂移检测能在配置偏移发生时及时发现并告警；内核文档与供应商公告是取值与判定的权威来源。A“默认即最优”是明确误区，默认值不保证覆盖全部缓解；C微码与启动参数同样决定缓解状态，仅比内核版本不充分；F依赖个人经验、不留记录使状态不可审计。","缓解配置管理、基线与漂移"
"Y295","单选","处理器微架构","扩展","某服务器已确认 Spectre v2 与 v4 相关缓解均已启用，运维据此认定“侧信道缓解已完备”并安排上线。后续安全评估却指出 MDS 类攻击面未被覆盖。最能避免此类覆盖缺口的验收做法是？","逐项读取 /sys/devices/system/cpu/vulnerabilities/ 下各漏洞文件的状态，并按“攻击类别×缓解层”矩阵核对覆盖情况","认为缓解措施叠加后自动互补，无需逐项核对各攻击类别的覆盖","以 CPU 是否为最新型号作为防护完备性的判定标准，不依赖状态接口","认为 retpoline 生效后即等同于覆盖了 MDS 在内的各类微架构数据采样漏洞","用单一漏洞的 PoC 跑通即认定整机防护完备，无需再查状态接口","","","A","A正确：逐项状态读取加缓解矩阵核对，能系统暴露单点结论遗漏的类别。B“叠加自动互补”正是覆盖缺口的成因；C型号新旧与缓解是否启用是两回事；D retpoline 只针对 v2 的间接分支训练，与 MDS 无覆盖关系；E单点 PoC 无法代表全部攻击类别的覆盖。","缓解覆盖、验证矩阵"
"Y296","多选","处理器微架构","扩展","某公司为新一批服务器制定 CPU 选型评分表，要求把“对已披露微架构漏洞的抵御能力”量化为可打分的项目。下列哪些项适合作为评分依据？","是否提供硬件层推测执行控制特性（如 CSV2 一类机制）","厂商历史上有据可查的“漏洞披露到微码发布”响应周期记录","是否在硬件层对 Meltdown 类缺陷免疫或显著降低暴露","厂商承诺的微码安全维护年限等生命周期条款","峰值主频与核心数达到高端即代表安全性同步达标","软件缓解终能补齐全部硬件缺陷，安全特性不必进入评分","","ABCD","A、B、C、D正确：硬件推测控制是抵御推测执行类攻击的硬能力；响应周期反映厂商漏洞响应的可靠程度；硬件层免疫决定对 Meltdown 类缺陷的基础暴露水平；维护年限决定漏洞出现后能否持续获得微码修复。E性能规格与安全特性是两个独立维度，不能互相替代；F依赖软件补齐忽视覆盖缺口与性能代价，属“新硬件零风险”式误区。","CPU选型、安全评分"
"Y297","单选","处理器微架构","扩展","某团队为新款 SoC 上的密码库做发布前微架构安全评估，目标是在发布前系统性地确认实现不存在秘密依赖的控制流与访存轨迹。下列评估手段中，与该目标最直接对应的是：","部署运行时侧信道入侵检测，捕获线上已发生的泄露事件","以静态信息流审计做常量时间检查，定位实现中秘密依赖的分支与访存模式","与上一代平台做缓解开/关的性能基准对照，以性能损失推断安全状况","构造缓存计时模糊测试用例，随机扰动输入并观测计时统计波动","逐项核对 CPU 厂商公开漏洞的补丁安装状态并出具核对记录","","","B","B正确：信息流审计的定位正是扫描密钥依赖的分支与访存，ctgrind 类常量时间检查即用于此。A属于事后检测与响应，无法在发布前排查代码中的秘密依赖模式；C的基准对照用于量化缓解的代价与差异，不能证明实现无秘密依赖访存；D的模糊测试依赖随机执行采样，可能遗漏未触达的路径；E属于补丁管理，与自有代码中的秘密依赖模式无关。","微架构评估、常量时间审计"
"Y298","多选","处理器微架构","扩展","某安全团队梳理多核 SoC 与加速器平台的微架构攻击面，希望覆盖 CPU 缓存之外的共享资源。下列关于这些攻击面的判断，正确的有：","数据预取器的预取决策依赖访存模式，其引发的缓存与预取队列状态变化可被观测，用于推断其他上下文的访存序列","片上网络（NoC）的争用程度随各核流量变化，共享互连的核可据此构建跨核侧信道","同一 GPU 上并发或分时运行的多个负载共享 SM 与片上缓存，SM 争用与 GPU 缓存计时可跨负载泄露信息","TLB 条目只服务地址翻译的正确性，其占用状态与程序访问了哪些页无关，因而不构成侧信道资源","PortCont/PortSmash 类攻击利用执行单元端口争用，推断同核另一硬件线程的计算活动","持久内存的掉电保持与磨损均衡带来的泄露面与 DRAM 完全相同，可沿用 DRAM 结论无需单独建模","","ABCE","A、B、C、E正确：预取器泄露访存模式是缓存之外的典型攻击面；NoC 争用构成多核 SoC 的互连侧信道；GPU 共享场景的 SM 争用与缓存侧信道已被证实；端口争用通道（PortCont/PortSmash）即利用执行单元端口的共享。D错误，TLB 争用恰可用于探测目标是否访问了特定页；F NVM 的残留与磨损均衡泄露是 DRAM 不具备的维度，必须单独建模。","微架构攻击面、缓存之外"
"Y299","单选","处理器微架构","扩展","某符合 ISO 26262 的车控 MCU 为封堵瞬态执行类泄露，启用了串行化屏障并关闭 SMT。信息安全缓解上线后，功能安全团队首先应开展的工作是：","重新执行时序分析并更新时间确定性论证，因为屏障与去 SMT 改变了指令时序","维持原认证结论，信息安全缓解与时间确定性分属不同域、互不影响","将新增时序开销记录在信息安全报告中，功能安全侧文档与结论保持原状","以保守裕量默认覆盖新增时序偏移，无需重新测量或分析","待下一次整车 OTA 时统一复核，本版本沿用既有认证结论","","","A","A正确：缓解改变了执行时序，ISO 26262 的时间确定性论证必须基于新时序重做。B是“两者正交无需联合”的误区，缓解恰恰直接作用于时序；C把时序影响记录到错误域，功能安全的时序分析文档必须更新；D的“裕量默认覆盖”未经分析验证，不能作为合规依据；E的拖延会使当前版本在未验证时序下继续运行。","功能安全交叉、时序分析"
"Y300","多选","处理器微架构","扩展","关于微架构安全的当前研究图景与开放问题，下列判断正确的有：","推测执行的安全语义缺乏统一形式化定义，把微架构行为纳入 ISA 级形式模型（如 ACT 类工作）是活跃研究方向","机密计算主要保障内存机密性与完整性，共享微架构资源上的侧信道残余仍是开放问题","机密计算部署后，密码库的常量时间性质不再需要验证，语言级防御随之退出研究议程","主流平台的硬件补丁迭代已把微架构侧信道作为一类问题修复终结","面向机密性的安全 ISA 扩展与微码可更新性属于硬件-软件协同设计的探索内容","侧信道检测只能依赖密码库自证常量时间，PMU 异常监控不具备工程可行性","","ABE","A、B、E正确：推测执行语义的形式化（微架构纳入 ISA 语义）是明确的前沿方向；机密 VM 的侧信道残余正是机密计算微架构完整性的开放问题；安全 ISA 扩展与微码可更新性是硬件-软件协同设计的组成内容。C机密计算不改变代码自身的时序泄露行为，常量时间验证与语言级防御仍然必需；D是“已被硬件修复终结”的误区，新变体与残余泄露持续出现；F基于 PMU 的异常监控正是检测与响应方向的代表性手段。","微架构前沿、开放问题"
"Y301","单选","供应链安全","扩展","安全团队对一批二手市场回收的同型号 MCU 做逆向分析，提取到四段可疑电路：①无任何激活条件，上电后持续把密钥位流驱动到保留引脚；②检测到对特定地址的连续写序列后，把调试模块切入特权状态；③不经过任何数字传感器，直接感应供电电压的瞬时跌落并借此旁路掉电保护；④需要“实时时钟走到特定日期”与“外部测试引脚呈现特定电平”同时成立才导出配置区内容。按触发方式分类，对应关系完全正确的是：","①条件触发、②always-on、③物理触发、④时间触发","①时间触发、②条件触发、③组合触发、④物理触发","①always-on、②组合触发、③条件触发、④物理触发","①always-on、②条件触发、③物理触发、④组合触发","①always-on、②条件触发、③时间触发、④物理触发","","","D","D①无激活条件属 always-on、②特定输入序列属条件触发、③直接感应物理量属物理触发、④两条件 AND 才激活属组合触发，全部正确。A把①“无激活条件”误标为条件触发、②的特定序列误标为 always-on；B把②的单一指令序列判成组合触发、③的直接物理量感应判成条件触发，混淆了条件来源与条件数量；C把①判成时间触发、③判成组合触发，与题干机制不符；E③是电路直接感应电压跌落而非内部计数累积，归为时间触发属于类别误置。","硬件木马、触发方式分类"
"Y302","多选","供应链安全","扩展","某 SoC 团队对自研 RTL 完成了代码走查与全功能仿真后，得出“硬件木马风险已排除”的结论。从木马插入阶段的角度看，该结论至少忽略了哪些环节的风险？","制造阶段——代工厂在收到 GDS 数据后仍可能修改金属布线或掩膜","封装阶段——封装厂二次封装时可能替换裸片或加装额外器件","测试阶段——测试程序可能被注入未申报的例程，用于激活或配置隐藏功能","部署后——现场固件更新或 FPGA 比特流可能被篡改","设计审计已覆盖自研代码，制造与封装环节即使被动过手脚也属于可接受的残余风险","原型验证与量产共用同一套比特流流程，因此部署后不需要再评估比特流被篡改的风险","","ABCD","A、B、C、D正确：代工厂掌握版图与掩膜数据，改版 GDS/掩膜是真实的制造阶段插入渠道；封装环节脱离设计方视野，换片与加装器件是典型插入手段；测试程序注入是明确的插入方式；部署后的比特流与固件更新通道是设计审计完全触及不到的环节。E插入阶段越晚越难用设计审计发现，把晚期风险说成“可接受”缺乏依据；F共用流程不等于部署后无风险，FPGA 比特流篡改正是部署后的典型威胁。","木马插入阶段、设计审计边界"
"Y303","单选","供应链安全","扩展","安全测评中某加密芯片的功能输出全部符合规格，但统计分析发现其功耗轨迹与内部密钥比特显著相关，攻击者可据此离线恢复密钥。按效果分类，该恶意电路应归入哪一类？","性能降级——功耗异常表明电路正在发生渐进性损坏","信息泄露——密钥被调制到功耗等物理量中外传，功能行为保持正常","组合触发效果——需要先满足特定指令序列等条件才能解释功耗与密钥的相关性","后门——功耗轨迹相当于为攻击者提供了绕过密码算法的入口","拒绝服务——功耗持续偏离正常水平，最终会导致加密功能失效","","","B","B正确：把密钥调制到功耗等物理量、功能输出不变，正是信息泄露类的定义特征。A功耗相关性来自恶意调制而非器件损坏，题干也没有渐进劣化的表现；C把触发方式分类的概念搬进效果分类，且侧信道泄露并不依赖特定指令序列才成立；D后门指绕过认证、降低密钥熵等逻辑上开“直达通路”的效果，功耗侧信道并不是认证入口；E题干明确功能输出符合规格，没有任何失效证据。","硬件木马、效果分类"
"Y304","多选","供应链安全","扩展","关于第三方 IP 核的供应链风险与管控，下列说法正确的有？","开源 IP 接受社区提交，某次合并的代码可能夹带伪装良好的后门","从非官方渠道流转的 IP 包可能已被中间商修改后二次售卖","旧版 IP 缺少漏洞跟踪，已公开披露的安全缺陷可能长期未修复","IP 只要通过了功能仿真与协议一致性验证，就可以确认其不含恶意逻辑","商业 IP 受合同与质量体系约束，可以不纳入供应链风险评估范围","商业黑盒 IP 的内部逻辑无法被完整审计，提供方仍可能遗留后门","","ABCF","A、B、C、F正确：社区投毒、非官方渠道二次贩卖篡改、过时 IP 缺乏漏洞跟踪、黑盒后门都是真实风险。D功能与协议验证只能证明“行为符合规格”，无法证明“不存在规格之外的恶意行为”；E商业背书不等于可信，商业 IP 同样需要纳入来源审计等管控。","第三方IP、供应链风险"
"Y305","单选","供应链安全","扩展","安全团队怀疑某 64 位安全处理器被植入触发型硬件木马，初步逆向线索显示木马内部含 64 位比较器，仅当内部计数器达到特定 64 位值时才执行泄露动作。团队计划在测试机上通过穷举输入向量使触发条件满足。该方案落地的最主要障碍是什么？","64 位触发值对应的输入组合约 2^64 量级，穷举所需时间在实际工程中无法接受","激活后的异常输出与正常输出差异细微，需要统计时序分析设备才能分辨","测试机台并行通道数量有限，难以同时驱动 64 位宽的输入端口","穷举判定异常需要 golden chip 提供参照输出，而该型号无法获得可信样品","制造环节的工艺漂移会使预期输出本身失真，导致异常判定失去基准","","","A","A正确：触发值空间随位数指数增长，2^64 量级的穷举远超工程可行的时间预算。B逻辑测试观察的是功能级异常输出路径，不依赖统计时序设备；C 64 位端口的并行驱动在常规测试机台能力范围内；D逻辑测试可依据设计规格生成预期输出，并非必须依赖 golden chip，此处混淆了侧信道方法的前置条件；E工艺漂移影响的是物理指纹类检测，功能级预期输出由规格决定。","木马检测、逻辑测试与触发空间"
"Y306","多选","供应链安全","扩展","某检测实验室计划采用侧信道分析筛查一批疑似被植入触发型木马的加密芯片。关于该方法，下列说法正确的有哪些？","无需满足木马触发条件即可开展检测，附加电路本身会改变芯片的物理指纹","检测的基本逻辑是将被测芯片的功耗/电磁/时序等指纹与可信参照芯片进行对比","t 检验、主成分分析等统计手段常被用于从测量数据中放大并判别异常差异","只要获得 golden chip，侧信道分析就能可靠检出任意规模的木马电路","芯片个体间的工艺漂移会影响指纹基线，需要在判别时加以考虑","该方法要求先通过穷举输入使木马进入激活状态，否则测量结果没有意义","","ABCE","A、B、C、E正确：无需激活木马正是侧信道检测相对逻辑测试的核心优势；与 golden chip 的指纹对比是该类方法的基本范式；t-test、PCA、异常检测是常用的统计处理工具；工艺漂移造成个体差异，判别时必须纳入。D极小木马的指纹变化可能低于噪声，golden chip 也不能保证检出一切；F与事实相反，侧信道检测不以激活为前提。","木马检测、侧信道方法"
"Y307","单选","供应链安全","扩展","某采购方怀疑到货的商用加密芯片在制造环节被修改，希望对封装内裸片做版图级检查，将其与原设计比对以发现异常填充单元或多余逻辑。实施该方案最直接的前提障碍是什么？","版图比对必须先取得 golden chip 的实测功耗数据，缺少功耗参照就无法启动","版图比对必须逐单元人工判读，自动化比对工具在原理上无法实现","版图比对需要原设计的 GDS 版图文件作为参照，而多数采购方难以从厂商处获得该文件","版图比对只能发现功能性改动，对填充单元与多余逻辑结构并不敏感","版图检查要求芯片保持封装完好，去封装成像会不可逆地破坏比对所依赖的参照基准","","","C","C正确：结构比对的参照是原始设计 GDS，该文件的获取门槛把多数采购方挡在门外。A版图比对与功耗测量无关，混淆了侧信道方法的前置条件；B版图与网表比对已有成熟的自动化工具链，“原理上无法实现”不成立；D版图比对恰恰擅长发现填充单元异常与多余结构；E去封装与显微成像正是版图检查的常规前置手段，参照基准来自原设计文件。","木马检测、版图比对与GDS门槛"
"Y308","多选","供应链安全","扩展","某行业白皮书在讨论硬件木马检测技术的产业化现状。关于该技术的实际部署状况，下列说法正确的有哪些？","大规模商用消费级产品普遍依赖供应链管控与设计冗余等手段，而非逐颗芯片检测","芯片级检测技术已足够成熟，可在消费级供应链中按颗全面部署","现实中通常以检测、可信供应链、运行时监控与冗余投票组成多层防御体系","只要选定足够先进的某一种检测方法，即可独立覆盖全部木马风险","芯片级检测目前主要部署在军用、金融根 CA 等高价值、高安全需求的场景","检测覆盖率随成本投入可以无限提升，全穷举检测在工程上是可以实现的","","ACE","A、C、E正确：消费级以供应链管控与冗余设计为主，逐颗检测在成本与产能上不现实；多层防御是当前公认的风险控制框架；芯片级检测的成本与周期只有高价值场景承受得起。B检测存在成本、覆盖率与工艺等多重限制，按颗全面部署不符合产业现实；D单一方法各有盲区，无法独立覆盖全部风险；F覆盖率受指数级触发空间与成本曲线约束，全穷举不可行。","木马检测、部署定位与多层防御"
"Y309","单选","供应链安全","扩展","某安全芯片企业同时推进五款产品的流片规划，国密认证产线的产能配额与预算仅够一款产品使用，其余需走商用代工。按照“高安全等级产品优先使用受控产线”的分级思路，最应分配到认证产线的是：","出货量百万级、支持安全启动的消费级 IoT 门锁主控芯片","用于金融根 CA 密码机、负责生成与保护最高层级根密钥的主控芯片","通过车规可靠性认证、集成 HSM 的智能座舱域控制器 SoC","面向政企市场、预装国密算法固件的加密 U 盘主控芯片","面向运营商基站、不涉及密钥存储的基带协处理器","","","B","B正确：根 CA 主控保护的是体系内最高层级密钥，流片环节被植入或设计泄露的后果不可接受，值得以工艺与成本换取产线受控。A消费类产品量大价敏，认证线的成本与产能代价与其风险等级不成比例；C车规认证解决的是可靠性而非流片受控；D政企加密 U 盘具备安全属性，但密钥层级与影响面低于根 CA 设备；E基带协处理器不接触密钥与敏感数据，占用稀缺认证产能没有必要。","可信代工、适用分级"
"Y310","多选","供应链安全","扩展","关于多源策略与芯片供应链安全的关系及其实施代价，下列说法正确的有：","双供应商使批量投毒需要同时攻破两家供应商的产线或渠道，抬高了单点胁迫与投毒的攻击门槛","二供的重复验证与主板双设计适配是引入多源时必须预算的真实成本","从单源切换到双源的过渡期内，新来源尚未完成验证，属于风险偏高的阶段需重点管理","多源的收益仅体现在商务议价，对“单一代工厂被胁迫植入木马”的风险没有改善","建立双源后，供应链安全问题即得到完全保障，后续的库存与验证投入可以取消","安全库存与自研备份属于仓储和研发问题，不属于供应链安全策略的组成部分","","ABC","A、B、C正确：攻击者需同时攻破两家才能批量投毒，多源直接提高供应链攻击成本；验证与适配成本客观存在；过渡期新来源未经验证、旧来源可能退出，风险叠加需专门管控。D多源恰恰降低了单一厂商被胁迫作恶的覆盖面，“没有改善”与机理相反；E双源不等于风险清零，持续的验证与库存管理仍需投入；F安全库存与自研备份正是供应连续性策略的组成部分。","多源策略、安全价值与代价"
"Y311","单选","供应链安全","扩展","某安全网关的关键 CPLD 原厂交期突然延长到 26 周，产线面临停线。采购提议从现货市场（broker）紧急采购 500 片，一周可交货但单价高出授权渠道四倍。安全评审给出的下列意见中，最恰当的是：","同意采购：现货市场与授权分销的货源本质相同，渠道差异不影响安全风险","同意采购：只要现货商书面承诺器件为全新原装，即可免除来料安全检验","关键器件原则上走原厂或授权分销渠道；现货仅作应急时，必须逐批加强检验与溯源并留存记录","一律禁止现货：缺货风险应完全靠提前的安全库存消化，任何情况下不得使用现货","同意采购：现货商能提供与原批次一致的 lot code 丝印，即视为原厂正品","","","C","C正确：授权渠道为基线、现货仅限应急并叠加加强检验与溯源，兼顾连续性与安全。A现货货源经手环节多、来源复杂，假冒与篡改风险显著高于授权渠道；B书面承诺不能替代实物检验，现货渠道恰恰需要加强而非免除检验；D安全库存无法覆盖全部缺货场景，“任何情况下不得使用”缺少应急通路；E翻新打磨片可重新激光打码，丝印与 lot code 一致不足以证明原厂正品。","采购渠道、现货市场风险"
"Y312","多选","供应链安全","扩展","某公司启动供应链安全体系建设，会上出现多种职责划分意见。下列说法中正确的有：","采购掌握供应关系与商务抓手，质量掌握来料检验手段，安全团队负责威胁研判，三方需协同运转","供应链安全就是采购部门的供应商管理工作，安全团队在出事后再介入即可","为避免意见分歧，供应商准入评审应由采购部门独立完成并直接定级","发现可疑器件时，应按预案由质量隔离检验、安全溯源分析、采购启动换源，分角色协同处置","流程与制度的设计目标是让审查活动可重复、可追溯，避免依赖个别人员的经验","只要供应商持有国际认证，公司内部就不需要再保留任何供应链安全流程","","ADE","A、D、E正确：三方各自掌握不可替代的信息与能力，协同是体系运转的前提；可疑器件处置天然横跨隔离、溯源、换源，必须按预案分工协同；可重复、可追溯的流程优于依赖个人经验的随机把关。B职责全部压给采购、安全团队事后介入，是典型误区；C采购单独评审缺少安全与质量视角制衡；F供应商认证不能替代买方自身的准入、监督与事件响应流程。","供应链安全、组织职责"
"Y313","单选","供应链安全","扩展","某批次 MCU 被怀疑是回收旧片经打磨重打标、重新塑封后冒充的新品（二次封装），且不排除个别器件被更换过裸片。抽检样片丝印规范、功能测试全部通过。在只允许选择一种非破坏性手段做进一步确认时，应优先选择：","对丝印区域做溶剂擦拭与放大镜检查，确认打标是否为新印刷","在全温区范围复测功能并加做长时间老化筛选","用 X-ray 或超声扫描（SAT）获取内部影像，与原厂档案比对裸片与键合结构","核验外包装防伪码、出关单据与批次文件是否齐全一致","检查引脚是否存在上锡、氧化等使用痕迹并比对氧化程度","","","C","C正确：打磨重标与二次封装会破坏内部裸片、键合与封装结构的原厂对应关系，非破坏条件下内部影像比对是最直接可靠的确认手段。A仅检查表面打标，对重新塑封和内部换片无法给出结论；B电性能与老化反映器件当前功能状态，无法反映封装历史与来源；D核验的是包装与文件，不能证明芯片本体未被二次封装；E引脚痕迹只反映外观状态，经整脚翻新即可消除。","二次封装、X-ray/SAT检测"
"Y314","多选","供应链安全","扩展","某 IoT 终端整机厂组装车间在接受供应链安全审计后整改料件管控流程，下列做法符合管控要求的有：","来料检验除外观与包装标识外，同步核对批次文件与物料清单（BOM）的一致性","对超过有效期的库存料件，经外观挑选无异常后直接投产使用","每台整机记录关键器件的批号，保证问题批次发生时可精确追溯","相同封装不同型号的器件由工人目视核对丝印后使用，不再设系统防错","维修更换下来的器件纳入受控流程登记去向，禁止维修人员自行处置","关键器件均来自合格供应商目录，组装环节无须再关注器件真伪","","ACE","A、C、E正确：文件与 BOM 的一致性核对是来料 IQC 的组成部分；批号级记录使召回圈定与来源界定成为可能；维修换下器件是二手芯片回流市场的重要源头，纳入受控流程可切断回流通道。B超期料须经受控评估后销毁或降级使用，仅凭外观挑选投产掩盖内部应力与氧化风险；D目视丝印核对不可靠，相同封装不同型号正是串料高发点；F合格供应商目录不能排除流通环节混入的翻新与假冒料。","组装管控、料件追溯"
"Y315","单选","供应链安全","扩展","某电子厂仓库季度盘点显示：某型号 FPGA 账面数量与实物一致，但抽检发现部分料盘内器件序列号与入库记录不符，部分器件引脚存在上锡翻新痕迹；门禁记录显示盘点周期内多次出现单人夜班出入库。最符合上述迹象的风险事件是：","供应商出厂混料，将不同批次器件混入了同一料盘","运输途中发生部分丢失，到货后被仓库补数入库","盘点账务同步延迟，造成序列号记录与实物暂时错位","内部人员利用出入库职务便利，以同数量器件实施了调包","仓储环境静电积累导致器件参数劣化，属环境防护失效","","","D","D正确：数量不变而序列号不符、出现翻新痕迹、伴随单人夜班出入，三者共同指向内部人员以同数量器件实施的调包。A供应商混料通常在来料检验环节暴露，且无法解释夜班单人出入与翻新痕迹；B丢失补数会导致数量与账面不符，与盘点结果矛盾；C账务延迟只影响记录时点，不会让实物器件出现翻新上锡痕迹；E静电劣化属于电气性能问题，不会改变器件序列号与引脚外观。","仓储安全、内部调包"
"Y316","多选","供应链安全","扩展","某金融 POS 终端开展防物理篡改设计评审，下列属于该终端本体（设备层/芯片层）防物理篡改设计的有：","外壳设置开启检测开关，开盖即触发密钥擦除并进入安全锁定状态","屏幕与外壳接缝处采用易碎封贴，非授权拆装会留下永久痕迹","主控芯片顶层金属布线网格接入断路检测网络","外壳采用高强度合金与一次性螺钉，提高非授权拆解的难度","为整批设备购买财产保险，覆盖设备被盗与被拆损失","在运输包装箱内配置防拆封条与装箱清单，收货时核对","","ABCD","A、B、C、D正确：开启检测加密钥擦除是设备层“检测+响应”的标准设计；易碎封贴提供设备层的篡改可见能力；顶层金属网格断路检测属于芯片层防探测手段；壳体加固与一次性螺钉属于篡改抵抗设计。E财产保险是经济补偿安排，不构成工程防护；F封条与装箱核对作用于包装层，属于物流管控手段而非终端本体的防拆设计。","防篡改工程、分层防护"
"Y317","单选","供应链安全","扩展","某数据中心运维规范写道：“服务器 BMC 已通过独立管理口接入带外管理网，与业务内网隔离，因此即使 BMC 固件被植入后门，攻击者也难以利用，主操作系统的安全不受影响。”对该判断的评价，最准确的是？","该判断成立，BMC 仅在主操作系统宕机时才有被利用价值，业务网隔离后其固件后门难以被触发","该判断不成立，BMC 拥有独立处理器、独立网络通路与对主机的底层控制权，被攻陷后可在主 OS 之下开关机、读写内存、刷写固件，仅隔离业务网不足以消除风险","该判断不成立，但原因在于 BMC 固件本身无法被植入后门，该风险仅存在于理论推演中","该判断不成立，但只要在主操作系统内部署 EDR 并定期重装系统，就能清除 BMC 固件中的后门","该判断基本成立，BMC 后门的危害与普通应用层木马相当，按常规主机安全流程处置即可","","","B","B正确：准确指出 BMC 带外、独立于主 OS 的架构特性，“隔离业务网不等于消除风险”。A BMC 常供电、常在线，独立于主机运行状态，可在主机正常乃至关机时被利用；C BMC 固件可被刷写植入，业界已多次出现 BMC 固件后门事件；D EDR 与重装系统均作用于 OS 层，触及不到 BMC 的独立固件；E把固件层后门等同于应用层木马，混淆了两者的能力边界与处置手段。","固件供应链、BMC植入面"
"Y318","多选","供应链安全","扩展","某组织复盘固件更新通道的供应链管控。背景是 SolarWinds 类攻击：恶意代码在固件签名前的构建环节被注入，随后产物按正常流程获得厂商有效签名并经官方渠道分发。下列措施中，对该类攻击具有检测或约束作用的有？","对交付固件开展独立的行为分析与版本差异分析，不完全以签名验证结论为准","要求厂商支持可复现构建，允许第三方按公开源码独立重建并与发布产物比对哈希","将更新包镜像到多个分发站点，以分发冗余消除构建环节的注入风险","更新包验签通过即表明固件出自可信流程，无需再对构建环节单独设防","该类攻击的成因是签名算法强度不足，升级签名算法与密钥即可针对性解决","为更新服务器的运维账号加装多因素认证，即可避免同类构建注入再次发生","","AB","A、B正确：行为与差异分析不依赖签名结论，可在签名有效的前提下暴露被注入的恶意功能；被注入的产物无法由公开源码重建复现，重建哈希与发布哈希不一致即暴露注入。C分发冗余改善的是分发环节的可用性与一致性，对签名之前的构建注入无作用；D该类事件中签名完全有效，问题恰出在签名之前的构建环节信任；E攻击者并未伪造签名，而是让厂商为含毒产物正常签名；F注入发生在构建环节，更新服务器访问控制的控制点错位。","构建投毒、SolarWinds类攻击"
"Y319","单选","供应链安全","扩展","npm/PyPI 上的抢注投毒（typosquatting）利用开发者拼错依赖名或依赖解析宽松来植入恶意包。某固件团队的 Yocto 构建与脚本从公共源拉取第三方库和工具，且未固定版本。对应到固件构建，下列做法中最对症的是？","在编译选项中关闭全部安全加固，避免依赖包与加固选项不兼容","将依赖名称改为更长且不易拼错的名称，即可避免抢注风险","锁定依赖清单与校验值、固定 layer 与包版本，并对新增依赖做来源与内容审计","让构建机每次构建时自动拉取最新版本依赖，及时获得上游对投毒包的处置结果","只要在发布前完成一次固件签名，构建期拉取的依赖内容便无关紧要","","","C","C正确：固定版本与校验值使依赖解析不受公共源变动影响，审计则拦截新增恶意依赖，直击抢注机制。A编译加固与依赖投毒无关，关闭加固反而降低产物安全性；B抢注还可通过依赖混淆、源替换等方式发生，改名只覆盖拼写错误这一条路径；D自动取最新版恰使投毒者在公共源替换或新发包时能直接影响构建；E签名发生在依赖被编译进产物之后，无法剔除已注入的恶意代码。","依赖投毒、锁定与审计"
"Y320","多选","供应链安全","扩展","某服务器平台在固件启动链中引入 TPM 度量启动：各级固件在执行前先被度量并扩展到 TPM PCR，运维平台可远程读取 PCR 值与预期值比对；平台同时保留官方固件更新能力。下列说法正确的有？","远程验证时，若实际 PCR 值与该版本固件的预期度量值不符，可提示固件在启动链上被篡改或加载了未授权组件","固件经官方授权更新后，验证方的预期度量值需同步更新到新版本，度量机制与更新机制可以协同工作","TPM 度量记录的是“启动时加载了什么”，本身并不阻止恶意固件执行，阻止作用主要由 Secure Boot 等验签机制承担","度量启动会在每次授权更新后失效，因此启用度量的设备必须关闭在线更新能力","远程证明只需确认 PCR 值非零，非零即代表固件未被篡改","固件被度量进 PCR 后，运维可据此直接列出固件中每个组件的 CVE，无需再维护 SBOM","","ABC","A、B、C正确：远程证明的判断依据是实际度量值与可信预期值的比对结果；预期值按“版本-度量值”管理，授权更新后同步更新即可；度量是记录与证明机制，防执行依赖 Secure Boot 的验签拦截，两者分工互补。D度量与更新通过预期值同步即可兼容，无需牺牲更新能力；E PCR 非零只说明发生过度量扩展，判断完整性必须与该版本预期值逐级比对；F PCR 只是启动链的度量摘要，组件清单与 CVE 关联仍要靠 SBOM 提供。","固件完整性、度量启动协同"
"Y321","单选","供应链安全","扩展","某公司从现货市场购入一批知名品牌 MCU，来料直流参数与功能测试全部通过。投产半年后现场出现批量早期失效，开盖检查发现 die 表面有磨损痕迹，且丝印层下存在被打磨去除的旧型号激光标记残留。该批器件最可能属于的假冒类型是：","白片假冒品牌——山寨裸片封装后打大厂标识出售","回收翻新——从报废板卡拆下真品打磨重标后冒充新品","降级品——未通过全温区测试的 B 级品冒充 A 级出售","过声明——超过声明存储期或质保期的库存料重打日期码当新品","缺陷品——原厂测试环节报废料件流出市场重新出售","","","B","B正确：拆机真片打磨重标后电测可正常通过，die 磨损与旧激光痕迹正是翻新的典型物证。A山寨裸片不会带有可辨认的旧型号激光标记残留；C降级品属原厂正品的分级冒充，不存在旧型号标记与 die 磨损；D过声明料为原装未拆机，无翻新痕迹，其风险在超期老化；E缺陷品的特征是出厂测试不合格流出，与题干“电测全过加拆机磨损”的证据组合不符。","假冒器件、回收翻新识别"
"Y322","多选","供应链安全","扩展","某批 5000 片疑似翻新的到货 MCU，检验方案规定：先实施非破坏性筛查并剔除可疑品，再对抽样件实施破坏性分析。下列项目中属于非破坏性筛查手段的有：","丝印字体、激光打标深度与封装光泽的外观检查","开盖 decap 后进行 die mark 比对","X-ray 检查内部引线与框架结构","直流参数测试与功能向量测试","破坏性物理分析（DPA）全项流程","批次日期码文件与原厂出货记录的溯源核验","","ACDF","A、C、D、F正确：外观检查无损伤且成本低，是典型的一线筛查手段；X-ray 在不破坏器件的前提下观察内部结构；直流与功能电测不损伤器件，可作为批量筛查项目；文件溯源不动器件本身，是零损伤的证据核验手段。B开盖属破坏性手段，只能列入抽样分析而非全批筛查；E DPA 包含开盖等破坏性步骤，不属于非破坏筛查。","防伪检测、非破坏筛查分层"
"Y323","单选","供应链安全","扩展","原厂发布某电源管理芯片的 EOL 公告，明确 12 个月后停止接单、18 个月后停止出货，而公司产品仍需供货五年以上。下列应对措施中最稳妥的是：","在停止接单前经授权分销商完成 last time buy，按剩余需求、资金与保质期核算采购量，同时并行启动替代方案评估","立即将采购量放大至覆盖产品全生命周期，宁可承担库存积压也不冒断供风险","直接选用引脚兼容型号切换量产，依托兼容性跳过验证环节","只做 last time buy，替代设计周期长成本高，等库存耗尽后再启动也不迟","等原厂停产后转向现货市场按需采购，届时货源充足且价格更低","","","A","A正确：利用公告到停产的窗口期完成末次采购并同步布局替代，兼顾供应安全与成本。B无上限囤货占用资金并面临超期失效风险，last time buy 并非越多越好；C pin-to-pin 兼容仍需完成参数与系统级验证，跳过验证存在隐患；D替代设计需要提前布局，库存耗尽再启动将造成断供空窗；E EOL 后的现货渠道正是假冒高发区，且停产后货源趋紧价格通常上涨。","EOL器件、last time buy策略"
"Y324","多选","供应链安全","扩展","关于 ERAI、GIDEP 及相关防伪机制的定位，下列理解正确的有：","ERAI 主要收录元器件分销与现货交易环节的问题供应商及假冒案例报告，供成员交易前查询","GIDEP 依托政府与行业成员共享失效分析、假冒预警等信息，属于跨组织的数据交换机制","AS6171/AS6081 类标准提供假冒器件检测与防伪流程框架，企业可据此建立检测程序","上述数据库与标准具有强制法律效力，企业未执行即构成违法","原厂授权分销体系只是原厂的销售安排，与反假冒工作无关","第三方检测实验室认证考察其检测能力与流程合规性，可作为采购方选择检测服务的依据","","ABCF","A、B、C、F正确：ERAI 的核心功能是问题供应商与假冒案例的会员共享数据库；GIDEP 是政府与产业界共享质量与可靠性警报的数据交换计划；两项标准给出防伪检测的项目选择、抽样与流程框架；认证反映实验室能力水平，是选择检测服务的合理参考。D此类机制与标准属于行业自律与推荐框架，不具有强制法律效力；E授权分销体系经原厂审核与协议约束，正是供应链防伪的第一道渠道保障。","行业反伪造、ERAI/GIDEP定位"
"Y325","单选","供应链安全","扩展","某安全芯片检测到壳体被非法开启。按照 tamper-responsive 设计模式，芯片接下来应当执行的动作序列是：","先通过安全通道上报服务器，获得授权后再决定是否擦除密钥","先完整记录取证信息以固定证据，再擦除密钥并进入锁定","先擦除密钥存储区，再进入永久锁定，最后可选地记录取证信息","先进入永久锁定并切断主时钟，密钥擦除留待下次安全上电时执行","先保持密钥不变并提升告警等级，观察是否出现二次触发再统一处置","","","C","C符合响应模式：检测到篡改后密钥清零优先于一切，随后永久锁定，取证记录可选。A上报链路存在延迟且可能被攻击者截断，等待授权使密钥在响应窗口内持续暴露；B取证记录是擦除之后的可选步骤，先固定证据会让密钥清零让位于事后追责；D将擦除推迟到下次上电违背“立即擦除”要求，期间密钥可被读出；E等待二次触发属于响应延迟，检测到篡改即应执行擦除而非观望。","防拆响应、密钥擦除优先"
"Y326","多选","供应链安全","扩展","某安全芯片同时部署顶层金属网格与有源屏蔽。下列关于两者防护机制的辨析，正确的有：","金属网格与有源屏蔽互斥，同一芯片只能部署其中一种","金属网格依靠断线/短路检测发现物理侵入，属于以连通性为依据的防护","有源屏蔽由芯片主动驱动传感层信号，通过感知电容/电压扰动发现微探针靠近","有源屏蔽依赖持续供电，断电后无法继续探测微探针","有源屏蔽的探测信号固定不变更有利于安全，因为它便于出厂标定与一致性核查","两者同时部署时防护互补，有源屏蔽可弥补网格对微探针感知的不足","","BCDF","B、C、D、F正确：网格以顶层规则走线覆盖有源区，靠断线/短路的连通性异常触发防护；有源屏蔽由芯片主动驱动传感层，感知微探针引入的电容/电压扰动；有源屏蔽的探测依赖持续供电，断电后探测能力随之消失；两者机制互补，有源屏蔽可弥补网格对微探针感知的不足。A网格与有源屏蔽机制不同但可叠加部署，并不互斥；E固定探测信号便于攻击者标定建模后实施欺骗，随机变化才是设计目标。","防拆工程、网格与有源屏蔽"
"Y327","单选","供应链安全","扩展","攻击者以极缓慢的速率改变电压、温度、时钟等环境参数，成功绕过了芯片的环境传感器检测。该攻击能够奏效的直接原因是：","传感器采样间隔大于环境参数的变化周期，导致渐变过程漏采","芯片未配置光传感器，环境类参数的缓变无法被感知","攻击发生在传感器休眠窗口内，检测电路未处于工作状态","传感器只能发现突发越限，对缓慢渐变完全无能为力","攻击者已精确标定各传感器的触发阈值，渐变过程始终不越过触发线","","","E","E正确：攻击者精确标定阈值后让参数渐变始终处于触发线以内，从而绕过检测。A渐变过程变化缓慢，采样间隔并非漏检的原因；B光传感器与电压、温度等参数的缓变无关，缺配光传感器不是本题机理；C传感器需常开监测，“休眠窗口”与设计要求相悖；D传感器对越过阈值的缓慢变化同样会触发，失效原因不是“只认突发”。","环境传感器、缓慢渐变绕过"
"Y328","多选","供应链安全","扩展","产品线需要为银行 U 盾与消费级手环分别制定防拆策略。下列设计选择合理的有：","消费级手环采用轻量策略：检测到异常开启仅提示或记录，不销毁用户数据","防拆强度应与所保护资产的敏感度匹配，避免对所有产品一刀切","轻量策略没有安全价值，消费级产品无需部署任何开启检测","强响应下误触发的代价更高，高安全产品需要更谨慎地整定触发阈值","银行 U 盾采用强响应：检测到拆壳即擦除密钥，可接受设备报废","消费级手环也应一律防拆即毁，否则用户敏感数据必然泄露","","ABDE","A、B、D、E正确：消费级选择轻量策略，提示或记录而不销毁数据，符合产品定位；防拆强度应与资产敏感度匹配；强响应放大了误触发的后果，高安全产品的阈值整定需更谨慎；高安全产品承载金融密钥，选择防拆即毁的强响应是合理分级。C轻量策略保留了检测与告警能力，并非没有安全价值；F消费级的数据敏感度与威胁模型不同，“一律即毁”是误区也是过度设计。","防拆策略、产品分级"
"Y329","单选","供应链安全","扩展","安全读书会上，五名成员各用一句话总结 Juniper ScreenOS 事件的教训，其中只有一条完全站得住脚，它是？","事件说明后门必须改动算法结构才能植入，仅替换 Dual_EC_DRBG 的 P、Q 等常数参数不足以构成后门","由于该设备的实现细节已经公开，参数是否被替换一目了然，可见开放实现天然免疫此类风险","标准化算法也可能带着被替换的参数出厂，参数来源能否独立验证应作为单独的审查项，开源实现也不例外","事件暴露的主要问题是标准符合性测试缺失，只要通过一致性认证测试，此类参数后门即可被拦截","固件中预置的 SSH 后门口令只在未来启用 SSH 服务时才可能被利用，属于可忽略的残留问题","","","C","C正确：信任应建立在参数来源可验证之上，而非算法名气或实现开放性。A与事实相反，Juniper 后门正是在算法结构不变的前提下靠替换参数实现的；B是“开源免疫”误区，参数可查不等于有人比对；D混淆符合性与安全性，Dual_EC 本身就是 NIST 标准算法，换参后完全可以通过一致性测试；E低估预置凭据风险，硬编码后门口令是长期驻留的攻击面。","Juniper后门、参数来源验证"
"Y330","多选","供应链安全","扩展","某团队为自研安全设备做供应链威胁建模，围绕“攻击者在哪个环节动手”形成如下判断，其中正确的有？","在设计与制造早期动手，一旦通过审查将波及几乎全部出厂设备，但设计审计、可信代工等前置管控也更有机会发现它","在物流、渠道等接近部署的环节动手，通常只影响有限批次设备，但现场几乎没有技术复核手段，单点问题更难暴露","攻击者必然选择影响设备最多的环节下手，因为覆盖面越大收益越高","各环节的可检测性差异可以忽略，建模时按影响面排序即可确定优先级","更新链路的固件投毒需要先修改芯片掩膜，因此其成本高于制造环节的硬件改动","对接近部署环节的改动，用户侧几乎无法逐一技术复核，相关管控更多依赖封条、签收核验等程序性手段与渠道管控","","ABF","A、B、F正确：越早动手覆盖越广、但前置检测手段越多；越接近部署越难检测、但覆盖面越小；部署端管控以程序性手段和渠道管控为主的现实约束成立。C忽略成本与暴露风险，攻击者实际在覆盖面、成本、可检测性之间综合权衡；D与事实相反，各环节可检测性差异显著，正是建模核心维度；E颠倒成本关系，改掩膜成本高昂而签名固件投毒成本相对较低。","供应链威胁建模、动手点权衡"
"Y331","单选","供应链安全","扩展","2018 年有媒体报道称 Supermicro 服务器主板上被植入恶意芯片，Supermicro、Apple、Amazon 随即公开否认，美国 DHS 表示未获得支持该报道的补充证据。企业安全团队撰写内部风险评估时，对该报道的定位应当是？","经由主流媒体深度调查并公开发表，应作为已确认的攻击事实纳入风险清单","涉事企业均已否认且官方未补充证据，应作为已排除事项从风险清单中移除","真伪未定的事项不具备评估条件，待权威机构最终定性后再决定是否纳入风险清单","报道已被多方否认，继续引用会损害评估报告的公信力，应按谣言作废弃处理","作为“尚无实物证据证实、也无法完全排除”的供应链风险输入，据此检视自身主板与固件管控水位","","","E","E正确：在未证实与未证伪的灰度地带，恰当做法是作为风险输入驱动自身管控水位检查。A落入“报道即事实”误区，深度调查报道本身不构成实物证据；B落入“否认即安全”误区，涉事方否认与官方未补充证据都不能等价于排除；C以“等定性”为由搁置，忽视了风险管理的持续性要求；D把争议信息直接按谣言废弃，同样是对证据状态的误判。","BigHack争议、证据灰度定位"
"Y332","多选","供应链安全","扩展","某型号设备确认出厂固件含后门，且该后门可读取设备内的密钥与凭据。下列处置措施中适当的有？","依据批次与供应链路径界定受影响范围，对范围内设备定向更换或重置，而非不分批次无差别全量报废","只要完成固件刷新，即可认为风险消除，无需轮换设备承载的任何密钥","轮换设备上的密钥、证书与口令等凭据，即使固件已刷新到可信版本也不省略该步骤","为最大限度规避剩余风险，将在网设备无论型号批次一律报废更换","将固件刷新至可信基线版本，并通过独立通道校验镜像完整性","对确认失陷的设备保留原密钥在线观察一段时间，积累后门行为样本后再行处置","","ACE","A、C、E正确：处置范围应与实际影响匹配，无差别全量报废是不成比例的过度处置；凭据轮换与固件刷新对应不同的残留风险，必须并行执行；刷回可信基线并经独立通道校验是恢复设备可信状态的基本动作。B后门可能已外泄密钥，刷新固件只能阻断后续利用，无法追回已泄露凭据；D以“保险”为名扩大报废范围，带来不必要的业务中断与成本冲击；F让已失陷凭据继续服役，等于主动延长暴露窗口。","供应链事件、固件刷新与密钥轮换"
"Y333","单选","调试接口安全","扩展","工程师计划经 JTAG 读取某芯片的 32 位器件识别码：上位机先将 IDCODE 指令写入指令寄存器，随后在数据扫描阶段把识别码逐位移出。关于该流程中指令寄存器（IR）的作用，下列说法正确的是：","IR 中装载的指令决定数据扫描阶段接入 TDI/TDO 移位路径的是哪一个数据寄存器","IR 用于暂存数据扫描阶段移出的识别码，供上位机做完整性校验","识别码本身就存放在 IR 中，“写入指令”只是触发 IR 将其送出","IR 中的指令决定 TCK 的分频比，从而匹配不同芯片的扫描速率","IR 在每次数据扫描完成后自动清零，防止上一条指令残留引发误操作","","","A","A正确：IR 是数据寄存器的“选择器”，指令内容决定哪个 DR 挂上移位路径。B移出数据的暂存与校验由上位机完成，IR 不承担数据缓存；C识别码存放在数据寄存器中，IR 存放的是指令码；D TCK 时钟由调试器提供，IR 不参与分频控制；E IR 的内容会一直保持到下次装载或复位，并无自动清零机制。","JTAG架构、IR与DR"
"Y334","多选","调试接口安全","扩展","某主板上有 4 颗支持 JTAG 的芯片（CPU、FPGA、两颗专用芯片），设计者将其串成一条扫描链，只引出一个调试连接器。关于该 daisy-chain 拓扑，下列说法正确的有：","链上相邻芯片按“前一级 TDO 接后一级 TDI”方式串接，链首与链尾分别接调试器的 TDI 与 TDO","四颗芯片共用同一路 TCK 与 TMS","四颗芯片必须各配一路独立的 TMS，否则各自的状态机无法进入所需状态","为降低时钟负载，允许链上各芯片使用不同频率的本地时钟采样 TDI 数据","由于共用 TCK 与 TMS，链上各芯片的 TAP 状态机保持同步迁移","链的首尾 TDO 与 TDI 可互换接入调试器，因为扫描链中的数据是双向传输的","","ABE","A、B、E正确：串行扫描链的标准接法就是 TDO→TDI 首尾相接；全链共用时钟与模式选择是链式拓扑的基本条件；相同 TCK/TMS 使各 TAP 状态机步调一致。C共用 TMS 正是设计目标，各芯片随全链同步进状态即可；D所有芯片必须基于同一路 TCK 的同一节拍采样与输出；F数据沿 TDI 进 TDO 出单向流动，方向不可互换。","JTAG链、daisy-chain拓扑"
"Y335","单选","调试接口安全","扩展","产线上一块 PCB 出现走线开路疑点，位置隐蔽无法用探针接触。测试工程师借助板上芯片的边界扫描功能完成检测：将相关芯片的 IR 装载 EXTEST 后执行扫描。关于 EXTEST 在该场景中的作用，下列说法正确的是：","EXTEST 把测试激励注入芯片内核逻辑，用于验证内部功能是否正常","为形成测量回路，EXTEST 要求临时断开被测走线两端的器件","EXTEST 的检测结果必须经芯片的业务接口回传，无法通过 TDO 移出","EXTEST 借助引脚处的边界扫描单元捕获并驱动芯片引脚电平，无需物理接触走线即可完成板级互联检测","EXTEST 只能被动观测引脚电平，主动驱动引脚需换用 SAMPLE 指令","","","D","D正确：EXTEST 通过 BSC 对引脚既可捕获又可驱动，正是免探针板级测试的实现方式。A向内部逻辑注入激励属于 INTEST 的范畴；B边界扫描的意义就在于不改动、不断开被测电路；C测试数据经 TDO 移出是边界扫描的标准输出路径；E二者能力说反了，SAMPLE 只做运行中采样，驱动引脚正是 EXTEST 的能力。","边界扫描、EXTEST板级测试"
"Y336","多选","调试接口安全","扩展","研发样机的 JTAG 调试口保持默认开放，一台样机被盗，攻击者已获得电路板的物理接触。关于攻击者经该 JTAG 口可直接实现的能力，下列说法正确的有：","经调试逻辑读写片上内存与外设寄存器","烧写或擦除片上 flash","设置断点、单步执行，从而控制处理器执行流","即使操作系统尚未启动，也能直接访问内存","迫使芯片内部的加密引擎跳过密钥校验步骤","通过 JTAG 协议内建的加密握手隐藏整个调试会话","","ABCD","A、B、C、D正确：ARM 调试经 JTAG 可获得对内存和寄存器的完全访问；flash 烧写与擦除是调试口暴露面的典型内容；断点与单步属于调试口对执行流的直接控制；JTAG 访问位于硬件层，不依赖任何操作系统配合。E JTAG 提供调试访问通道，但并不能直接改写芯片内部安全机制的计算逻辑；F普通 JTAG 协议没有内建加密机制，会话本身不以加密为前提。","JTAG暴露面、能力清单"
"Y337","单选","调试接口安全","扩展","某物联网主控的片上 Flash 存储加密固件，解密密钥置于 OTP 区，运行时由硬件引擎解密取指，该芯片调试口未禁用。安全团队评估“经 JTAG 读取固件与密钥”的风险时，应得出的结论是：","JTAG 读出的 Flash 内容为密文，调试口未禁用时固件泄露风险仍然很低","JTAG 读出内容为密文，攻击者须再从 OTP 区提取密钥解密，风险大小取决于 OTP 区是否可读","调试口未禁用时，halt 核心后经调试访问端口读取映射地址可能直接得到解密后的明文，固件与密钥区存在同时泄露风险","固件加密说明存储层防护已经到位，调试口是否禁用属于次要问题","攻击者通常需要先在该芯片上运行代码，才能进一步发起 JTAG 读取","","","C","C正确：调试访问经 DAP 直达系统总线，Flash 映射与密钥区均可读，读到的可能是明文。A“读出即密文”是典型误区，运行时映射窗口中的内容已是解密后的明文；B该判断建立在“读出为密文”的错误前提上，且 OTP/密钥区同处内存映射，可经调试路径一并读出；D加密不覆盖调试读路径恰恰是评估核心，结论应是必须另行禁用调试口；E JTAG 读取无需固件配合、无需任何代码执行权限。","JTAG读取、固件加密误区"
"Y338","多选","调试接口安全","扩展","在路由器与 IoT 设备（如调试口默认开放的摄像头、门禁）的典型攻击案例中，关于调试口的位置与作用，下列说法正确的有：","路由器案例常见路径是先经 UART 获得 shell、提取固件，再以 JTAG 辅助后续逆向分析","这类设备上调试口与 UART 的作用基本重叠，能经 UART 获得 shell 时通常无需再利用调试口","调试口默认开放的摄像头、门禁设备，攻击者可经调试路径直接读取内存与固件","调试口在这类攻击中的价值以观察运行日志为主，对固件与密钥提取的帮助有限","若厂商官网提供同版本固件下载，调试口在这类设备的攻击中便不再有实际价值","在完整攻击链中，调试口往往不是第一步，而是此前软件漏洞或物理接触已定位到板上调试点之后的入口","","ACF","A、C、F正确：“UART shell→提取固件→JTAG 辅助逆向”是路由器案例的典型顺序；默认开放的调试口使攻击者可直接读取内存映射中的固件；调试口作为“最后一步”入口是各案例的共同特征。B调试口提供总线级读取与调试能力，与 UART shell 分属不同层次，是互补而非重叠关系；D调试口可直接读出固件与密钥，能力远超日志观察；E板上固件可能含设备唯一密钥与配置，调试口还提供运行期内存访问，公开固件无法替代。","调试口攻击链、IoT案例"
"Y339","单选","调试接口安全","扩展","某 MCU 量产配置启用基于挑战-响应的调试认证（Debug Authentication），认证通过后按授权级别开放调试。对该机制的安全评估，正确的是：","调试认证与 eFuse 熔断等效，均使量产设备的调试口永久不可用","认证流程运行于软件层，因此已熔断的调试口可经重新认证再次打开","调试认证只适用于研发阶段，量产芯片无法配置此类机制","调试认证在保留授权调试能力的同时阻止未授权访问，但凭据仍可能被穷举或经侧信道获取，防护等级不能视同熔断","该机制的权限分级只有“全调试”一档，无法配置“完全禁用”“仅测试”等中间策略","","","D","D正确：认证属平衡型控制，凭据类机制存在暴力破解与侧信道暴露面，不能等同于物理熔断的安全等级。A认证机制的核心价值恰是保留授权调试路径，与熔断的不可逆属性不同；B熔断是物理级不可逆改动，软件层认证无法恢复已熔断的调试功能；C调试认证正面向量产场景的受控调试与售后需求设计；E分级权限（完全禁用/仅测试/全调试）正是该类机制的组成部分。","调试认证、与熔断的等级差异"
"Y340","多选","调试接口安全","扩展","某产线流程为“PCB 边界扫描测试→烧录固件→烧录量产密钥→出货”，设备调试口支持保护状态切换。关于降低调试口风险的流程设计，下列说法正确的有：","为方便产线复测，出货设备应维持研发态调试配置，密钥烧录前后不作区分","边界扫描等测试应安排在烧录量产密钥之前，使测试需求与密钥在时间上隔离","密钥烧录完成后、出货前切换到量产保护状态（熔断/禁用调试），符合先测试后熔断的合理顺序","产线应先熔断调试口再执行边界扫描测试，确保测试全程处于最高保护状态","必须在调试可用状态下操作的工位，应安排在密钥烧录之前，以缩短密钥暴露于调试路径的窗口","只要出货前最终完成了熔断，各工序先后顺序不影响实际安全性","","BCE","B、C、E正确：测试前置把测试需求挡在密钥写入之前；先完成测试与密钥烧录、再进入量产保护，正是 DEV→PROD 的正确顺序；调试可用窗口与密钥写入错开，可缩小密钥经调试路径暴露的机会。A出货设备维持研发态即“全量保留调试口”的误权衡；D熔断后边界扫描无法执行，该顺序使产线测试不可行；F工序顺序决定测试能否执行以及密钥是否曾处于调试可访问窗口，过程与结果同样重要。","产线时序、测试前置与熔断"
"Y341","单选","调试接口安全","扩展","审计人员用 USB 转串口适配器接通行车记录仪主板的 UART 引脚，上电后串口终端出现 U-Boot 的 ""Press any key to interrupt boot"" 倒计时。按任意键进入 U-Boot 命令行后，获取设备 shell 的最直接操作是？","用 setenv 修改启动参数追加 init=/bin/sh，随后执行 boot 引导内核","执行 cat /etc/passwd 查看系统口令文件","在 U-Boot 下挂载 rootfs 分区后执行其中的 /bin/sh","等待倒计时结束，由 getty 自动提供无认证 root shell","先用 JTAG 改写 flash 中的 init 程序，再重启进入 shell","","","A","A正确：init=/bin/sh 使内核把 shell 作为首个用户态进程启动，绕过正常 init 与登录认证，是 U-Boot 命令行通往 shell 的标准路径。B U-Boot 运行在内核启动前的裸机环境，没有文件系统挂载，cat 属于操作系统层命令；C /bin/sh 是依赖内核运行环境的用户态程序，U-Boot 阶段没有进程与系统调用层可供其执行；D倒计时结束将按默认参数正常启动，getty 提供的是需要凭据的登录界面；E修改内存中的启动参数即可生效，无需改写 flash，更不需要 JTAG。","UART、bootloader中断与init=/bin/sh"
"Y342","多选","调试接口安全","扩展","某智能门锁固件已启用加密与签名保护，安全团队仍要求量产版限制 UART 上的崩溃堆栈与调试打印输出。以下哪些分析支持该要求？","固件已加密签名，串口打印的内容同样不可读，无需额外限制","崩溃堆栈打印的运行时地址会削弱 ASLR 的防护效果，为漏洞利用提供地址参考","调试打印可能将认证过程的中间值、密钥等敏感数据意外带出","堆栈信息只有连接专用调试工具才能读取，串口终端无法获取","启动与错误日志中的地址、分区信息可为 JTAG 定位等后续攻击降低门槛，固件加密并不改变这一点","量产固件的日志默认已完成脱敏，该要求属于重复建设","","BCE","B、C、E正确：地址泄露正是崩溃堆栈打印的核心风险，随机化被削弱后利用难度显著下降；“密钥/口令意外打印”是调试 printf 类泄露的典型形态；泄露信息的价值在于为下一步攻击导航，加密不改变串口输出的明文属性。A串口输出的是运行时明文，固件加密与日志脱敏是两个独立机制；D崩溃堆栈正是直接打印到控制台的内容，串口终端即可读取；F脱敏必须显式设计实现，量产交付并不附带“默认脱敏”。","UART信息泄露、加密设备的边界"
"Y343","单选","调试接口安全","扩展","某 DVR 设备的根文件系统以只读方式挂载，应用层登录需要认证。研究者经 UART 中断进入 U-Boot，未提取固件也未改写 flash，即获得了可写的 root shell。其操作最可能是？","在 U-Boot 中执行 passwd 清除系统口令后正常启动","在 bootargs 中追加 init=/bin/sh 后引导内核，进入 shell 后再将根文件系统重新以读写方式挂载","用 sf 命令把 root 分区从只读属性改为可写属性后重启","用 mw 命令修改运行中内核的挂载标志位","用 bootm 强制内核进入单用户模式并自动获得可写挂载","","","B","B正确：init=/bin/sh 让内核直接以 shell 作为首个用户态进程启动，绕过 init 与登录认证，再以读写重挂根分区即同时满足“未提取、未改写、可写”三个条件。A passwd 是操作系统层的口令管理命令，U-Boot 命令集中不存在；C只读挂载是内核的挂载参数而非 flash 分区的硬件属性；D bootloader 阶段内核尚未加载运行，不存在“运行中内核”可供修改；E bootm 只负责把控制权交给内核镜像，单用户模式与读写挂载均需经启动参数显式指定。","UART、init=/bin/sh绕过"
"Y344","多选","调试接口安全","扩展","某网关产品团队要在量产版中收窄 bootloader 阶段的 UART 攻击面。以下措施中，直接针对该阶段且有效的有哪些？","缩短甚至取消 boot 倒计时，或将“任意键”中断改为特定按键长按","为 U-Boot 命令行启用口令保护，未认证时拒绝执行修改类命令","对 bootloader 镜像启用完整性保护，防止其代码与默认启动参数被改写","关闭系统内的 getty 服务，量产版不在串口启动登录 shell","移除应用层调试串口中厂商遗留的隐藏命令","在产品文档中将 UART 标注为“仅限厂内使用”，保留默认倒计时不变","","ABC","A、B、C正确：缩短超时与提高中断触发门槛属于量产禁用/弱化 bootloader 中断的直接手段；U-Boot 的 password 机制使取得命令行后仍无法未认证地修改启动参数；bootloader 完整性保护阻止攻击者篡改启动流程，保住“启动参数可信”这一关口。D getty 作用于内核启动后的 console 登录，不属于 bootloader 阶段的防护；E隐藏命令属于应用层攻击面；F文档标注不改变中断窗口的技术可达性。","UART防护、bootloader阶段收敛"
"Y345","单选","调试接口安全","扩展","调试工具经 SWD 成功读取了某 Cortex-M 芯片 SRAM 中的一个字。下列关于该访问路径的解释，正确的是：","8 位请求帧直接携带 SRAM 地址，DP 收到后代为访问系统总线","必须先把目标数据搬入 DP 的 RDBUFF，再由主机轮询取出，RDBUFF 是内存访问的必经缓存","内存读取只能由 AP 在 CPU 运行时发起，CPU halt 后 SWD 即失去读内存能力","主机通过 DP 的 CTRL/STAT 直接给出内存地址，AP 仅起电气缓冲作用","DP 经 SELECT 选中 MEM-AP 后，主机向 AP 的传输地址寄存器给出地址并发起读，AP 将事务转发至芯片系统总线","","","E","E正确：MEM-AP 把调试端口事务映射到系统总线，是 SWD 访问内存的标准路径。A请求帧仅含寄存器选择与校验位，SRAM 地址在 AP 事务中另行给出；B RDBUFF 只是缓冲最近一次读结果以优化流水，并非必经环节；C AP 发起的总线访问不依赖 CPU 运行，halt 后恰恰是调试器读内存的典型场景；D CTRL/STAT 管理使能与错误状态等控制位，不承载地址。","SWD协议、DP/AP与MEM-AP"
"Y346","多选","调试接口安全","扩展","某量产机型仅熔断了 JTAG TAP 即宣布调试口防护完成。复核时，支持“防护不完整”这一结论的论据有：","SWJ-DP 芯片的 SWD 与 JTAG 共用引脚，单独关断 JTAG 后 SWD 仍可能处于可用状态","SWD 具备与 JTAG 等价的 halt、内存读写与烧录能力，残余 SWD 仍是完整的调试入口","SWD 仅两根信号线，可承载的能力有限，其残余风险在量产产品上可以忽略","熔断 JTAG 后共用引脚自动退化为通用 IO，任何序列都无法再激活调试功能","防护设计应把调试子系统作为整体处理，逐接口单独关断容易在复用引脚上留下模式切换旁路","SWD 的奇偶校验能识别并拒绝非授权主机的访问，已构成有效的接入控制","","ABE","A、B、E正确：两种模式共享封装引脚，未随 JTAG 一并关断的 SWD 构成残留入口；功能等价意味着少两根线并不减少暴露能力；行业实践是量产统一禁用调试子系统，逐接口配置容易遗漏复用引脚上的另一模式。C两线承载完整调试能力，残余风险不可忽略；D引脚复用关系不会因单一模式熔断而自动失效为通用 IO；F奇偶校验是传输检错手段，不具备鉴权或访问控制功能。","SWJ-DP、只禁JTAG的旁路"
"Y347","单选","调试接口安全","扩展","安全评审中有人主张：“产品改用 cJTAG 后物理引脚从五根减到两根，调试攻击面随之缩小，可放宽防护。”该论述的根本错误在于：","cJTAG 属纯测试标准，只能执行边界扫描，本就不存在“调试攻击面”，无需讨论防护","TMSC 与 TCKC 在芯片内部仍分别对应五根 JTAG 信号，实际引脚并未减少","放宽防护的合理理由是线数减少导致接入困难，论述错在表述而非结论","TMSC/TCKC 两线承载与 1149.1 同等的扫描与调试能力，暴露程度取决于防护配置而非线数","cJTAG 的星型拓扑使攻击者可绕过主机直接访问任意目标，风险远高于 1149.1","","","D","D正确：防护应等同对待两线与五线形态，暴露能力由调试子系统使能状态决定。A 1149.7 沿袭 JTAG 的扫描与调试功能，“只能边界扫描”是典型误区；B cJTAG 的物理接口就是 TMSC/TCKC 两根线，不存在内部与五线的一一映射；C线数减少不改变两线承载完整调试能力的事实；E星型是主机侧连接拓扑选项，“绕过主机直接访问”并非 1149.7 提供的能力。","cJTAG、线数与暴露等同"
"Y348","多选","调试接口安全","扩展","安全架构师为新产品制定调试口防护基线，提出“暴露面统一”要求。下列属于该要求的具体落实项的有：","对仅熔断 JTAG 的芯片，应进一步确认 SWD 形态是否随调试子系统一并关断","引脚越少的接口物理暴露越小，防护等级可按线数线性递减","无论芯片使能 JTAG、SWD 还是 cJTAG 中的哪一种形态，防护机制都应对该形态生效","调试口的物理引出形态（测试点/连接器/金手指）只需在设计评审中记录，不纳入防护基线","量产配置以调试子系统整体禁用为基线，而不是对每种接口形态逐一设置开关","trace 与 ETM 引出属于调试扩展件，其管理可在产品上市后另行补充","","ACE","A、C、E正确：SWJ-DP 类芯片需确认另一模式是否残留；统一暴露面要求任何被使能的调试形态都处于防护之下；行业实践是量产统一禁用调试子系统，避免逐接口配置留下遗漏。B防护强度取决于暴露能力而非线数，两线承载同等调试能力；D测试点、连接器、金手指正是物理暴露的载体，必须纳入防护基线；F ETM/trace 是调试体系的数据通路，上市后再补防护意味着暴露窗口已经存在。","调试口防护、暴露面统一"
"Y349","单选","调试接口安全","扩展","某芯片的调试认证采用挑战-响应机制：主机发起调试请求后，设备生成随机 challenge 返回；主机用与设备 OTP 中共享的调试密钥对该 challenge 计算 HMAC-SHA256 作为响应；设备比对通过后授予调试会话。该机制要求 challenge 每次随机生成的核心目的是？","提高调试密钥在 OTP 中的存储强度","使 HMAC-SHA256 的输出长度满足认证报文格式","防止攻击者截获一次合法响应后在后续会话中重放","便于设备统计认证失败的累计次数","让调试证书的有效期得以动态延长","","","C","C正确：每次挑战都不同，使截获的历史响应在新挑战下无法通过比对，从机制上阻断重放。A密钥存储强度取决于 OTP 介质与密钥管理体系，与 challenge 的取值无关；B HMAC-SHA256 的输出长度由算法本身固定；D失败计数是独立的锁定机制，其统计对象是校验结果而非 challenge 本身；E证书有效期在厂商 CA 签发时即已固定，无法借助 challenge 动态延长。","调试认证、挑战响应防重放"
"Y350","多选","调试接口安全","扩展","某调试权限分级模型定义了 Full debug、Restricted test、Limited logging、Disabled 四个等级。下列关于各等级能力边界的描述，正确的有？","Full debug 允许读写内存、控制执行流并访问 flash 编程接口","Restricted test 仅开放边界扫描等产线测试能力，并禁止 CPU 调试","Limited logging 只开放日志输出通道，不提供内存与执行流控制","Disabled 状态下调试子系统完全关闭，任何调试访问均被拒绝","Restricted test 等级下攻击者仍可借边界扫描链读取 CPU 内部任意寄存器","Limited logging 保留 JTAG 写内存能力以便运维排障","","ABCD","A、B、C、D正确：Full debug 的定义即内存读写、执行流控制与 flash 访问全部开放；Restricted test 的边界就是产线测试类能力且明确禁用 CPU 调试；Limited logging 仅开放日志通道；Disabled 为全禁档，调试子系统对任何访问一律拒绝。E禁止 CPU 调试正是该等级的设计目标，边界扫描面向板级互连测试，不提供读取 CPU 内部任意寄存器的通路；F写内存属 Full debug 能力，Limited logging 不包含 JTAG 写内存。","调试权限、四级分级模型"
"Y351","单选","调试接口安全","扩展","某量产芯片的调试熔断配置为：boundary scan 保持可用，CPU debug、trace、bootloader debug 全部禁用。选择这种部分保留配置的主要原因是？","边界扫描必须在 CPU 调试同时开启时才能工作","产线仍需边界扫描做板级互连与焊接检测，而关闭 CPU debug 切断了攻击者获取内核执行流与内存访问的通路","全部功能域熔断后设备将无法通过任何产线检测","保留 boundary scan 以便设备丢失后仍可远程重新解锁调试","CPU debug 与 boundary scan 共享同一熔断位，物理上无法分别配置","","","B","B正确：保留边界扫描维持板级可测性、同时关停涉及内核访问的高危调试域，是量产阶段安全与可制造性的典型折中。A两者由独立熔断位分域控制，boundary scan 的工作不依赖 CPU debug 的开启；C保留的边界扫描已覆盖板级互连与焊接检测需求；D熔断方向是单向收紧，保留边界扫描与远程解锁能力无关；E多位设计的目的正是各功能域可独立配置。","部分熔断、量产折中配置"
"Y352","多选","调试接口安全","扩展","某 RMA 受控解锁流程为：设备送返→维修中心验证设备身份→厂商签发解锁令牌→设备验证令牌后开放调试→维修→重新锁定→记录审计日志。下列关于流程关键环节设计意图的理解，正确的有？","维修完成后的重新锁定用于消除调试口未收口的遗留风险","审计日志覆盖解锁与锁定全过程，支撑事后追溯与合规检查","设备验证令牌通过后永久解除该设备的调试熔断，以简化后续维修","验证设备身份仅凭序列号即可，签名挑战属于可省略的冗余环节","验证设备身份（序列号加签名挑战）把令牌与特定设备绑定，防止伪造身份与令牌挪用","令牌携带有效期与授权范围，使解锁在时间窗口与调试能力上均受约束","","ABEF","A、B、E、F正确：重新锁定针对维修后忘记收口这一典型遗漏；审计日志是流程闭环与追责的依据；序列号加签名挑战将凭据锚定到具体设备，防止冒用与一证多用；有效期与授权范围圈定解锁的时间与能力边界。C永久解除熔断违背受控原则，后续维修仍应走完整授权流程；D序列号可被冒用，签名挑战是校验设备身份真实性的必要环节。","RMA受控解锁、流程环节设计"
"Y353","单选","调试接口安全","扩展","某量产路由器被白帽团队发现：外接 UART 调试口仍可看到设备联网时逐行打印的 WiFi 密码与 PSK 参数，源头是开发期遗留的 verbose 打印语句。选择整改方案时，下列措施中最能从根源上消除该泄露途径的是：","将 UART 口波特率从 115200 降至 9600，降低敏感信息被完整采集的可能性","在 UART 输出链路增加一层厂商私有加密，日志仅能用厂内工具解码查看","在用户手册中声明串口输出仅供研发参考，提醒用户勿外接串口线","在 release 构建中关闭 debug 级日志输出，并通过编译期宏裁剪含敏感参数的打印语句","对 UART 输出做限速，每秒最多输出一行，减少日志中敏感字段出现的频度","","","D","D正确：从日志分级与编译期裁剪双管齐下，使敏感信息在生产构建中不再产生，属于根源性整改。A波特率只改变输出速率，串口协议公开标准，采集不受影响；B加密输出是补偿手段，敏感信息仍在产生，且破坏日志可读性与现场排障能力；C提示性声明不构成技术控制；E限速只降低出现频度，敏感字段一旦输出仍完整可读。","调试日志、根源性脱敏"
"Y354","多选","调试接口安全","扩展","某安全团队解包一款已出货量产路由器的固件镜像，并结合样机实测确认了下列多项情况。其中属于“量产固件调试残余”的有：","固件中保留一套未在用户文档出现的隐藏命令行，输入后设备进入维护模式","发布镜像未 strip，.symtab 符号表保留了全部函数名与全局变量名","收到特定格式的魔术数据包后，设备会在非标准端口拉起 telnet 服务","主控芯片型号与上一代产品一致，PCB 布局仅做局部调整","管理口令采用加盐哈希存储，登录连续失败五次后锁定五分钟","串口收到特定输入序列后，verbose 调试输出开关被激活并打印协议明文","","ABCF","A、B、C、F正确：隐藏命令行属于典型的调试后门残余；未 strip 的符号表为逆向提供“地图”；魔术包触发的 telnet 是隐藏调试通道；特定输入激活的 verbose 开关正是调试残余的典型形态。D芯片选型与板级沿用属于产品演进决策，与调试功能残留无关；E口令加盐哈希与失败锁定是安全加固特性，不是调试遗留。","量产固件、调试残余识别"
"Y355","单选","调试接口安全","扩展","采购方在合同中约定交付设备的 JTAG/SWD 调试功能必须已禁用。设备到货验收时，下列核查方式中最能支撑该条款验收结论的是：","物理检查板上调试连接器与测试点状态，并从设备侧读取调试配置寄存器或生命周期状态位验证收敛结果","上电验证设备业务功能全部正常，功能正常即认定调试功能已禁用","收集厂商研发人员“调试口已在出厂前关闭”的邮件确认，作为验收依据","核对设备外壳丝印与标签版本信息，确认与量产规范一致","检查包装清单中未随附任何调试线缆与转接板，据此认定调试口不可用","","","A","A正确：物理检查结合设备侧配置寄存器/熔丝状态读取，直接验证收敛结果，是验收条款下最直接的证据组合。B业务功能正常与调试功能是否禁用相互独立，不存在推导关系；C相关方承诺属于自我声明，不构成技术验证证据；D丝印与标签属于外观版本信息，无法反映调试功能的使能状态；E是否随附线缆是交付配置问题，不能证明芯片调试能力已被禁用。","调试口验收、技术核查证据"
"Y356","多选","调试接口安全","扩展","第三方机构受托对一款即将量产的工业网关开展调试面收敛审计，需输出暴露面清单与整改项。下列审计项中，应当纳入本次审计清单的有：","检查 PCB 上调试连接器与测试点是否引出、芯片封装是否存在调试开窗","逐项确认 JTAG、SWD、UART、cJTAG 各协议接口在当前软硬件配置下的使能状态","审查量产固件中的调试残余（隐藏命令、verbose 开关）与日志分级策略","核对产线 DEV→PROD 收敛时序记录与生命周期状态联动是否完整、顺序是否正确","复核该产品电磁兼容认证证书的覆盖型号与有效期","核查用户手册中默认口令修改指引的章节位置与表述方式","","ABCD","A、B、C、D正确：分别对应物理层维度（连接器、测试点、封装开口）；协议层维度（各调试协议的独立使能状态）；固件层维度（残余、后门、日志策略）；流程层维度（产线时序、生命周期联动、审计记录）。E电磁兼容认证属于合规管理事项，不构成调试面暴露证据；F口令使用指引属于用户文档安全，与调试面收敛无直接关联。","调试面审计、四层清单"
"Y357","单选","调试接口安全","扩展","某嵌入式板卡的固件存于一颗 SPI NOR flash 芯片，板上未引出任何调试接口。评估者计划离线读取该芯片内容获取固件镜像，分析后再将修改过的镜像烧回。从工具定位角度，最匹配的选用是：","J-Link/ULINK——商用调试探针，经 JTAG/SWD 完成固件烧录与调试","OpenOCD——开源调试服务器，向上层提供 gdb server 接口","Bus Pirate——多协议总线工具，用于 SPI/I2C/UART/JTAG 探测","Flashcat/CH341A——SPI flash 编程器，可离线读取与烧写 flash 芯片","逻辑分析仪——抓取 SPI 总线波形用于观测总线数据","","","D","D正确：离线读写 flash 芯片正是其定位，同时满足读取与烧回两类需求。A依赖板上调试口，本板无调试口可供连接；B是纯软件调试服务器，无探针硬件也无 flash 离线读写定位；C定位是总线探测而非专用 flash 编程；E只能被动观测在线流量，既无法完整离线读出镜像也不能烧回。","调试工具、SPI flash离线读写"
"Y358","多选","调试接口安全","扩展","安全研究者在没有原理图的情况下评估一块陌生板卡，把 JTAGulator 的通道连到板边一排测试点上运行扫描。关于其工作原理与能力，下列说法正确的有：","必须先取得厂商原理图、预先掌握调试口定义后才能运行","通过遍历待测引脚上 TCK/TMS/TDI/TDO 的排列组合，逐组合尝试读取 IDCODE 来确认 JTAG 引脚","除 JTAG 外，还能以波特率与响应探测的方式发现 UART 引脚","能够识别并接入已加密或已熔断禁用的调试口","只要扫描报告发现了 JTAG 引脚，就意味着已自动获得对该芯片的调试权限","其意义在于把“找到板上调试点”从依赖目测与原理图的经验工作，变成可自动穷举的过程","","BCF","B、C、F正确：IDCODE 扫描的组合遍历是其确认 JTAG 引脚的原理；UART 波特率与响应探测用于发现串口引脚；其意义正在于把“找到板上调试点”从经验工作变成可自动穷举的过程。A它以穷举代替先验资料，无需原理图；D加密或熔断后的调试口超出其识别能力；E发现引脚只解决“接在哪里”，不等于取得访问权限。","JTAGulator、引脚自动发现"
"Y359","单选","调试接口安全","扩展","相比只能被动采集功耗曲线的设备，ChipWhisperer/NewAE 这类一体化工具链的显著特征是：","定位为纯功耗采集仪器，故障注入需另配完全独立的平台","通过指令集仿真替代真实芯片，分析不依赖物理目标板","调试接口与采集通道互斥，连接目标板时只能二者选其一","与调试链路的关联仅限于烧写固件，无法在关键运算处同步触发","将 JTAG/SWD 调试、功耗采集与时钟/电压毛刺故障注入集成于同一工具链","","","E","E正确：调试、侧信道采集与故障注入三类能力集成是其区别于纯采集设备的特征。A“只做采集”是典型误区，其本身即集成故障注入；B它面向真实硬件目标而非仿真替代；C一体化的价值恰恰在于调试与采集可同时作用于目标；D自定义触发正是调试与采集联动的核心能力。","调试工具、侧信道一体化平台"
"Y360","多选","调试接口安全","扩展","下列使用调试与固件提取工具的情形中，通常处于合法合规边界之内的有：","在 CTF 比赛或实验室环境中对赛题与实验设备进行调试分析","对自己购买并拥有的开发板进行固件提取与研究","凭客户签署的渗透测试授权书，在约定范围内测试其设备的调试口","未经许可调试隔壁公司丢弃的报废设备主板，作为技能练手","在漏洞正式披露前，对获得授权的产品开展负责任的验证测试","应朋友口头请求，绕过其公司配发笔记本的登录锁定","","ABCE","A、B、C、E正确：CTF 与实验室研究属于公认边界内场景；自有设备测试属合法边界；书面授权加范围约束是外部测试的合规前提；披露前的负责任测试在授权前提下成立。D设备虽报废但归属与许可不明，仍属未授权测试他人设备；F口头请求不构成有效授权，设备属公司且绕锁可能触反规避条款。","调试工具、合法边界"
"Y361","单选","调试接口安全","扩展","某厂商为一款通过金融安全认证的 POS 终端制定调试接口防护方案，该终端处理支付敏感数据，设计上保留返修需求。以下哪个组合与该产品的安全等级及售后约束最匹配？","采用认证调试并保留边界扫描（BSR）能力，便于产线与维护复用测试资源","熔断调试端口且不引出测试点，参照消费级 IoT 产品的低成本组合","仅在固件层关闭串口登录并配置日志脱敏，物理调试端口保持可连接","全部熔断调试资源，配合篡改即毁的入侵响应，返修经由受控 RMA 通道处理","生命周期状态位保持在 DEV，由软件开关按需启停调试功能","","","D","D全熔断加篡改即毁加受控 RMA 是金融 POS 的典型组合，匹配其安全等级并保留受控返修通道。A认证调试加保留 BSR 是工业网关的典型组合，防护等级低于金融要求；B不引出测试点的低成本做法面向消费级产品，对支付终端等级不足；C仅软件层防护无法覆盖金融级威胁，物理端口保持可连接构成暴露面；E量产设备停留在 DEV 使防护配置不生效，属于生命周期管理的配置错误。","调试防护选型、金融POS组合"
"Y362","多选","调试接口安全","扩展","某消费级 IoT 产品确定采用“认证调试+熔断”的防护方案。下列哪些项属于该产品量产下线前应完成的调试防护配置动作？","烧录调试子系统的 eFuse 熔断位，包含总开关与各功能域分位","在产线将调试认证密钥注入芯片的一次性存储区域","将生命周期状态位由 DEV 推进至 PROD，使防护策略联动切换","在出货固件中落实 release 版的日志脱敏配置","配置看门狗定时器的超时参数，提升量产设备的运行可靠性","在量产固件中保留隐藏的工程模式入口，便于售后人员现场排障","","ABCD","A、B、C、D正确：熔断位是硬件级防护的核心配置；认证密钥必须在产线注入，否则量产设备的认证机制无法建立；状态位联动使 DEV 阶段开放的调试能力在进入 PROD 后按方案收敛；release 日志脱敏属于日志策略配置项。E看门狗超时属于可靠性配置，与调试口防护无直接关系；F隐藏工程模式入口绕过了认证与熔断方案，与防护目标相悖。","调试防护配置、下线清单"
"Y363","单选","调试接口安全","扩展","在对已完成全熔断的量产设备进行防护验证时，工程师尝试通过调试连接器建立连接。以下哪项结果符合该验证步骤的预期？","连接成功并可读取芯片信息，说明熔断只屏蔽了写操作而保留了读通道","连接成功，说明该设备生命周期状态位仍停留在 DEV，属于量产正常状态","连接被拒绝，无法经由调试口访问任何调试资源，表明熔断防护已按方案生效","连接时序与未熔断设备完全一致，说明熔断方案不涉及时序层属正常表现","连接时而成时而不成，说明熔断效果具有概率性，多次重试即可绕过","","","C","C正确：连接被拒正是全熔断防护生效的预期证据，符合验证预期。A全熔断设备的连接测试预期就是访问被拒，连接成功说明熔断未按方案生效；B量产设备停留在 DEV 属于生命周期配置错误；D熔断作用于调试资源的可访问性而非连接时序，时序一致不能作为防护有效的判断依据；E熔断位是确定性的硬件状态，不应出现随机结果，间歇成功说明配置或实现存在异常。","防护验证、连接测试预期"
"Y364","多选","调试接口安全","扩展","下列关于手机、路由器/IoT、汽车 ECU 三类产品调试防护实践的对比，哪些判断是正确的？","汽车 ECU 的防护设计无需考虑 ISO 21434 等合规要求","路由器等成本敏感的 IoT 设备常以全熔断且不引出测试点为主，售后以换板应对","三类产品的调试防护实践彼此完全独立，不存在可复用的共性","汽车 ECU 需要将 OBD 诊断通道与调试口隔离，并配合维修认证机制","手机返修需求高，通常采用认证调试配合熔断，返修时经由受控流程解锁","IoT 设备应直接照搬手机的受控解锁方案，以获得与手机一致的售后体验","","BDE","B、D、E正确：成本敏感使 IoT 倾向于彻底熔断并省略测试点引出；OBD 与调试口隔离加维修认证是车规场景对诊断与调试边界的行业要求；手机返修量大，认证调试加熔断加受控解锁在防护与售后之间取得平衡。A ISO 21434 是汽车信息安全的强相关要求；C三类产品在生命周期顺序与认证熔断组合上存在明确共性；F手机的受控解锁依托其返修体系与成本预算，IoT 直接照搬会脱离其成本结构与换板模式。","行业实践、三类产品对比"
"Y365","单选","调试接口安全","扩展","2015 年 Miller 与 Valasek 对 Jeep Cherokee 的演示中，攻击者先利用车载信息娱乐系统（IVI）中联网组件的软件漏洞获得代码执行，再经车内 CAN 总线向制动、转向等 ECU 发送指令。从“攻击面组合”角度复盘，最能概括该案例的表述是：","蜂窝模块存在漏洞即意味着任意 ECU 可被互联网直接访问，车内网络架构无需单独评估","调试口（JTAG/UART）是本案攻击链的初始入口，攻击者经其直接向制动 ECU 注入报文","远程软件漏洞提供初始入口，车内网络的横向可达决定影响范围，两者组合才构成完整攻击面","攻击完全依赖 OBD-II 物理接口，远程利用环节只是吸引公众关注的演示噱头","云端车联账号被窃取才是本案核心，修补 IVI 软件漏洞不足以降低风险","","","C","C正确刻画“远程漏洞入口+车内网络可达”的组合关系。A忽略了车内网络横向可达性这一决定影响范围的关键变量；B是“该案例靠调试口入侵”的误区，调试口并非本案入口；D与本案非接触远程攻击的事实相反；E混入了其他车联攻击路径，且低估了修补入口漏洞的作用。","JeepCherokee、攻击面组合"
"Y366","多选","调试接口安全","扩展","某安全工程师在车载终端的威胁建模报告中归纳调试口的潜在角色，下列归纳正确的有：","逆向加速器：开放调试口允许攻击者转储固件离线分析，为后续远程漏洞利用提供弹药","权限提升通道：攻击者获得物理接触后，可经调试口绕过软件访问控制获取高权限","持久化通道：经调试口刷写恶意固件，可使攻击在系统重装或掉电重启后依然存活","供应链攻击面：设备在维修、二手流通等环节可被经调试口植入恶意代码","标准入口：调试口通常是远程攻击链的第一步，远程入侵多由调试口发起","单一角色：任一设备的调试口在整条攻击链中只能承担上述一种角色，多角色并存不可能","","ABCD","A、B、C、D分别正确对应逆向加速、提权、持久化、供应链四类角色。E颠倒了“调试口很少是远程攻击第一步”的定位；F是“角色单一”误区，同一设备上多角色并存正是其风险放大之处。","调试口角色、四类归类"
"Y367","单选","调试接口安全","扩展","某网关设备量产两年后，售后抽检发现大量在售设备调试口处于使能状态。排查显示产线熔丝烧录记录完整，研发配置在出厂前已按清单切换为量产配置；而在某次 OTA 固件更新推送后，客服陆续收到“调试串口又能登录了”的现场反馈。最可能的失效根因是：","固件更新流程缺少调试配置的校验与回归测试，更新过程将调试口重新置为使能","产线工人漏烧熔断位，属个人操作失误，与固件版本无关","芯片供应商交付与规格不符，属采购验收问题，OTA 只是时间上的巧合","研发配置继承错误，量产版本从未真正切换过调试配置","该失效为随机性硬件故障，无法通过流程设计预防，只能逐台返修","","","A","A与“OTA 推送后复现”的时序证据及前两项排除结果吻合，指向更新缺少配置回归。B与“熔丝烧录记录完整”的排查结果矛盾；C无法解释失效恰在更新后集中出现的时序特征；D与“出厂前已按清单切换”矛盾；E是“失效无法预防”的误区，更新回归测试即可拦截。","防护失效根因、固件更新重置"
"Y368","多选","调试接口安全","扩展","某产品安全评审会上出现如下结论，其中体现“调试口风险不在是否被直接利用，而在是否让其他攻击变得可行”这一整体认知的有：","调试口虽未被任何已知入侵直接利用，但其开放会成倍提升固件逆向与故障注入的分析效率，等效降低潜在攻击者的能力门槛，不应据此判零风险","报告将调试口议题与远程攻击面、供应链、侧信道分析各自独立评分、互不关联，认为可单独闭环整改","评审认为熔断、认证、分级等措施任选其一即可，无需结合设备形态与攻击者模型做组合设计","报告按物理、协议、固件、流程四层识别调试口暴露点，并结合 DEV→PROD→RMA 生命周期评估残余风险","评审决定调试口问题在研发阶段一次性解决，量产与维修环节不再重复验证以节约管理成本","报告将物理接触者、维修链、二手买家、供应链攻击者四类模型均纳入调试口威胁评估范围","","ADF","A、D、F均正确应用整体认知：不以是否被直接利用为判据；四层暴露面与生命周期闭环的整体框架；攻击者模型全覆盖的整体视角。B是“孤立议题”误区；C是“工具箱单点使用”误区；E违背生命周期闭环的持续验证要求。","调试口整体认知、框架应用"
"Y369","单选","硬件可信根","扩展","某旗舰手机将银行支付安全单元由板级独立 eSE 芯片改为主 SoC 内集成方案（inSE）。从物理攻击面角度，这一改动最直接的安全收益是？","安全单元与主控之间的敏感数据交互收敛到封装内部，板级总线上可被探测截获的敏感信号显著减少","安全单元与主 SoC 共用封装、供电与时钟，功耗侧信道分析因信号混叠而失去意义","安全单元进入主芯片封装后，微探针、逆向等物理分析手段对其彻底失效","安全单元固件升级改经 SoC 内部接口完成，供应链环节不再存在任何可利用入口","安全单元的物理防护职责改由主 SoC 的 TrustZone 隔离机制统一承担，无需独立加固","","","A","A正确：集成后板级走线与对外信号被收进封装，物理探测入口直接减少，是 inSE 相对 eSE 最直接的攻击面收益。B共用供电时钟反而引入新的耦合信道，侧信道仍需独立评估；C封装只能提高门槛，聚焦离子束等手段仍可作用于封装内电路；D升级通道仍存在且供应链环节并未消失；E inSE 仍需独立的安全子系统与物理防护，TrustZone 的 REE 隔离不能替代。","inSE、物理攻击面收敛"
"Y370","多选","硬件可信根","扩展","某厂商基于 iTrustee 类 TEE OS 承载支付与指纹业务。设计评审中，下列哪些做法符合 TEE OS 的通用安全要求？","BootROM 校验一级 bootloader 签名，一级 bootloader 校验 TEE OS 镜像签名，信任逐级传递","第三方 TA 镜像加载前必须验证其签名，仅允许可信主体签发的 TA 进入 secure world 执行","TEE OS 与 Android 共用同一 Linux 内核，仅以 SELinux 策略区分可信业务与普通业务","TA 首次加载后将明文副本写入缓存分区，重启后直接执行缓存副本以加快启动","TEE OS 镜像发布后永久固化不再更新，以此避免升级引入新问题","验签根公钥或其哈希在产线一次性写入 BootROM 可读取的介质，作为整条信任链的锚点","","ABF","A、B、F正确：BootROM 到 bootloader 再到 TEE OS 的逐级验签是安全启动链的标准形态；TA 签名加载是 TA 管理的基本要求；信任链必须有不可篡改的根锚点，产线一次性写入根公钥是通用做法。C TEE OS 与 REE 必须内核隔离，共享内核仅靠策略无法守住 secure world；D明文缓存副本绕过加载验签，等于给攻击者留下持久化替换通道；E TEE OS 同样需要漏洞响应与安全更新，永久固化反而放大风险。","TEE OS、安全启动链与TA管理"
"Y371","单选","硬件可信根","扩展","某数据中心运维负责人认为：“服务器存放于受限机房、专人管理，物理与网络边界已受控，BIOS 与固件无需安全启动与度量机制。”对该观点最恰当的评价是？","观点正确，服务器场景中安全启动仅用于合规留档，不产生实际防护价值","观点正确，固件攻击只能发生在物理接触场景，机房管控已消除该类风险","观点错误，供应链与固件持久化攻击无需现场接触即可植入，安全启动与度量是服务器可信基线","观点错误，服务器必须依赖外挂加密卡实现全部安全功能，主板级安全启动无法覆盖固件层","观点部分正确，仅面向互联网的入口服务器需要安全启动，内网计算节点可以豁免","","","C","C正确：供应链与固件持久化攻击可经供应链、远程漏洞利用等路径完成，不依赖物理接触，可信启动加度量报告是服务器可信基线。A安全启动与度量构成后续远程验证与合规证明的技术基础；B固件植入不依赖物理接触；D加密卡只解决数据处理局部问题，不能替代启动信任根；E攻击者横向移动后内网节点同样是目标，按网络位置豁免不成立。","服务器安全、可信启动基线"
"Y372","多选","硬件可信根","扩展","某终端 OS 团队设计系统分区防篡改方案。下列哪些机制属于该方案应包含的通用实践？","系统分区以只读方式挂载，运行期普通进程不能直接写入系统目录","采用 dm-verity 类机制对系统分区数据块构建哈希树，读取时校验、发现篡改即阻断","哈希树的根哈希由签名镜像元数据或硬件保护区等可信渠道锚定","分区校验只在出厂检测阶段执行一次，用户使用期内不再重复校验以节省 IO 开销","将系统关键文件备份到用户可写分区，检测到不一致时用备份覆盖以保证可用性","校验失败时向用户提供一键关闭校验的开关，以维持系统可继续使用","","ABC","A、B、C正确：只读挂载是系统分区完整性的第一道约束；读取时哈希树校验能覆盖出厂后的持久化篡改；根哈希必须锚定在可信渠道，否则校验基准本身可被替换。D篡改多发生在使用期，仅出厂校验一次无法覆盖后续风险；E备份位于可写分区同样可被篡改，用它覆盖反而会掩盖并固化篡改；F关闭校验的开关等于为篡改提供持久旁路。","系统完整性、只读与哈希树"
"Y373","单选","硬件可信根","扩展","某厂商的安全芯片（手机支付 SE）首发国内金融支付市场，一年后计划出海，预算与人力有限、认证需分期立项。下列认证路径安排最合理的是？","首发前集中资源完成 CC EAL6+ 与 EMVCo 认证，国内市场凭借国际证书直接准入","首发前完成银联认证与国密相关认证满足国内准入，EMVCo 与 CC 认证随出海节点再立项","银联、国密、EMVCo、CC 四类认证同步启动，全部完成后统一上市，确保各市场无缝衔接","国内支付市场以算法合规为核心，银联认证属于增值性认证，可视客户意愿选做","优先冲击更高评估保证等级（EAL6+），高等级证书可在任何目标市场等效替代行业准入","","","B","B正确：认证路径应跟随目标市场，国内支付以银联+国密为准入主线，国际认证按出海节奏分期投入。A CC/EMVCo 属国际认证体系，不能自动替代国内金融支付的行业准入要求；C多认证叠加的成本与周期同步放大，与有限资源冲突并推迟首发窗口；D银联认证是国内支付 SE 的行业准入要求而非可选增值项；E评估保证等级衡量评估深度，不能等效替代各市场的准入认证。","认证路径、市场导向分期"
"Y374","多选","硬件可信根","扩展","与软件 SDL 相比，硬件 SDL 在多个环节存在显著差异。下列关于差异的描述，正确的有哪些？","硬件安全缺陷量产后修复手段有限，常需改版甚至掩膜级重流，因此设计前期的验证权重更高","硬件威胁模型可由软件威胁模型直接套用，仅需把“进程”“接口”替换为“芯片”“总线”","硬件安全测试依赖示波器、故障注入台等专用设备与较长实验周期，测试成本高于常规软件测试","硬件供应链环节（IP 授权、代工、封测、分销）更多，SDL 需把供应链完整性纳入威胁分析与验收","固件缺陷可通过 OTA 持续修复，因此芯片设计阶段的安全余量可以适当放宽","硬件 SDL 流程在流片后即告终止，量产与运营阶段无需安全活动","","ACD","A、C、D正确：掩膜级修复代价决定了硬件 SDL 必须“设计前置、验证前移”；侧信道采集与故障注入依赖专用环境和长周期实验；硬件供应链环节多、暴露面广，供应链完整性分析是必要组成。B硬件存在物理攻击面等软件威胁模型没有的维度，简单替换名词会遗漏关键威胁；E信任根与安全逻辑固化在硅片中，无法靠 OTA 修复，设计余量不能放宽；F量产灌注、运营期漏洞响应仍属硬件 SDL 范畴。","硬件SDL、与软件SDL差异"
"Y375","单选","硬件可信根","扩展","某企业将自建数据库迁移到公有云。依据云安全责任共担模型的通行划分，下列理解正确的是？","云平台负责数据中心物理安全、底层硬件与基础固件的安全，租户负责数据分类分级、访问控制与应用配置安全","上云后安全责任整体转移给云平台，企业仅需关注业务连续性与费用","数据中心物理安全属于租户责任，企业应自行部署机房门禁与监控","宿主机与虚拟化层的安全加固由租户执行，云平台仅提供资源调度","责任划分以计费模式为准，预付费实例的底层设施安全由租户承担","","","A","A正确：责任共担模型下云平台承担“云自身”安全（设施、硬件、固件、虚拟化），租户承担“云上”安全（数据、权限、应用配置）。B责任共担不是责任转移，租户的数据与应用安全责任不随上云消失；C物理安全属于云平台责任范围；D宿主机与虚拟化层属云平台管理面；E责任边界依据服务模型划分，与计费方式无关。","云安全、责任共担边界"
"Y376","多选","硬件可信根","扩展","某企业筹建硬件安全团队能力矩阵。关于硬件安全的综合能力观，下列说法正确的有哪些？","硬件安全能力面覆盖芯片安全架构、密码工程、物理攻防、调试与生产安全、供应链与合规认证等多个方向，需成体系建设","安全能力规划应与产品业务目标、资产价值和威胁场景挂钩，按风险排布优先级","硬件安全即芯片安全，芯片安全指标达标后整机与系统层面无需重复投入","密码算法选型正确且实现通过标准符合性测试，即可认定产品整体安全","物理攻击防护属于实验室研究方向，产品化阶段可以整体裁剪","安全设计、攻防验证与合规认证相互衔接，共同构成硬件安全工程的闭环","","ABF","A、B、F正确：硬件安全是多方向复合的能力域，需按体系规划；安全投入应以业务风险为导向；设计—验证—认证三者互为输入输出，构成工程闭环。C芯片层达标不覆盖整机集成、调试面、供应链与运营期风险；D密码只是安全的一环，协议逻辑、实现质量与物理防护同样决定整体安全；E侧信道与故障注入在支付、物联网终端已有现实攻击案例，必须考虑防护。","综合能力观、能力面与闭环"
"Y377","单选","供应链安全","扩展","某车企计划向欧盟出口新车型，需通过 UNECE R155 网络安全型式认证。合规团队梳理工作框架时，关于 ISO/SAE 21434 与 R155 的关系，下列说法正确的是？","ISO/SAE 21434 是 R155 的配套测试用例集，完成其中的渗透测试项即可满足型式认证","R155 规定型式认证须具备网络安全管理体系（CSMS），ISO/SAE 21434 提供覆盖概念、开发、生产与后生产阶段的工程实施方法","ISO/SAE 21434 已取代 R155，取得 21434 流程认证即可豁免 CSMS 审核","R155 只约束整车厂，ISO/SAE 21434 只约束芯片供应商，两者适用对象没有交集","ISO/SAE 21434 是联合国发布的法规，效力高于 R155，车企可任选其一执行","","","B","B正确：两者是“法规提要求、标准给方法”的关系，21434 覆盖全生命周期。A 21434 是工程流程标准而非测试用例集；C 21434 不能取代 R155 的法规地位；D R155 的要求沿供应链向下传递，21434 也面向整车全生命周期；E 21434 是 ISO/SAE 标准，不具备联合国法规的强制力。","汽车标准、R155与21434"
"Y378","多选","供应链安全","扩展","某 Tier1 为新车型开发域控 ECU，其中存储对称密钥并运行防盗与车控固件。安全团队评审量产防护方案，下列措施合理的是？","固件的启动验签设为产线可选配项，低成本版本用配置字关闭以节省 BOM 成本","固件镜像发布时签名，ECU 上电由启动代码配合硬件验签，通过后才跳转执行","对称密钥以明文保存在外部 SPI Flash，运算时读入主核 RAM 使用，以省去安全芯片","密钥在车规 HSM/安全芯片内部生成与使用，主 CPU 仅能通过接口请求运算结果","密钥管理方案覆盖整车约 15 年使用周期，在设计阶段规划密钥版本、轮换与吊销","全车各用途密钥由同一根密钥派生并集中存储，便于售后统一更换","","BDE","B、D、E正确：Secure Boot 以签名验签阻止篡改固件被启动执行；密钥全生命周期不出安全边界是车规 HSM 的核心价值；车规约 15 年寿命要求在设计期规划密钥轮换、吊销与版本演进。A Secure Boot 是量产安全基线而非可选项，配置字开关本身会成为绕过点；C密钥明文存于外部 Flash 会暴露于拆片读取与总线嗅探风险；F密钥应按用途隔离派生与存储，统一根密钥一旦泄露影响全域。","汽车ECU、SecureBoot与HSM"
"Y379","单选","供应链安全","扩展","某厂商的家用摄像头出厂写入同一组默认管理口令，现按 ETSI EN 303 645 整改。下列做法符合标准对默认口令要求的是？","把默认口令升级为 16 位随机字符串但全型号统一，并在说明书中提醒用户修改","用设备 MAC 地址派生默认口令，用户难以记忆因此不会长期沿用","把默认口令印在包装内页不对外公开，攻击者难以批量获得即可继续沿用","取消统一默认口令，改为每台设备唯一随机初始口令，或强制用户首次激活时自定义口令","默认口令保留，仅当设备联网后由 App 弹窗提醒修改，用户跳过则继续使用默认值","","","D","D正确：消除通用默认口令、设备唯一口令或用户自定义是标准认可的做法。A全型号统一即属通用默认口令，复杂度再高也是“一份泄露、全量沦陷”；B MAC 地址可从标签或无线帧观测获得，派生口令属可预测口令；C默认值易被逆向或从同型号推算，“保密的默认口令”不被标准接受；E仅提醒不强制，设备仍可能长期运行默认口令。","IoT标准、EN303645默认口令"
"Y380","多选","供应链安全","扩展","合规团队横向比对金融支付终端、医疗器械、工业控制系统、电信设备与消费 IoT 五类产品的安全标准，梳理方法论层面的共性。下列属于共性要求的是？","均要求采用统一的安全等级划分（SL1-SL4），实现跨行业的等级互认","均由同一国际机构实施认证，证书在各目标市场自动强制通行","均要求开展威胁分析或威胁建模，作为安全需求推导的基础","均要求终端达到金融级的物理抗拆解与侧信道防护强度","均要求建立漏洞接收与响应机制，而非仅依赖上市前一次性测试","均强调覆盖设计、开发、测试等环节的规范化安全开发流程","","CEF","C、E、F正确：威胁分析/建模是各领域标准共同的方法论起点；漏洞披露与响应是各标准的共性条款；安全开发生命周期要求在各标准中均有体现。A SL1-SL4 是 IEC 62443 的分级体系，并非跨行业统一框架；B各领域认证主体与模式不同；D金融级物理与侧信道防护是 PCI PTS 的特色强度要求，并非各领域普遍要求。","行业标准、方法论共性"
"Y381","单选","供应链安全","扩展","某运营商在 5G 核心网设备招标文件中同时要求“供应商通过 NESAS 评估”与“网元按对应 SCAS 规范（如 3GPP TS 33.117）完成安全测试”。供应商安全负责人向项目组解释这两项要求的分工，下列理解正确的是：","NESAS 规定安全开发与产品生命周期流程要求，SCAS 提供对应网元的详细安全测试规范，两者构成“流程+测试”的配套体系","NESAS 负责各网元的详细测试规范，SCAS 负责厂商开发流程评估，两者的作用在业内常被互换表述","两者评估内容基本重叠，供应商取得其中任一项结论即可在投标中替代另一项","SCAS 是欧盟强制法规，NESAS 是配套的企业自愿倡议，未通过 SCAS 的设备被禁止在全球入网","NESAS 面向消费物联网整机产品，SCAS 才适用于运营商网络设备","","","A","A正确：NESAS 定义流程维度（开发与生命周期要求），SCAS 定义测试维度（33.117 等网元规范），两者配套。B把两者的分工正好颠倒；C两者维度不同，采购中通常并列要求、不能互相替代；D两者均属 3GPP/GSMA 保证体系而非欧盟强制法规；E适用对象颠倒，NESAS 正是面向基站、核心网等网络设备。","NESAS/SCAS、流程与测试分工"
"Y382","多选","供应链安全","扩展","某联网监护仪上市后被披露一个可远程利用的固件漏洞，安全团队与临床团队讨论处置方案。在 FDA 框架“患者安全优先”的原则下，下列做法正确的有：","漏洞披露后应立即对所有在网设备强制自动 OTA，以最快速度消除风险，临床验证可事后补做","修复补丁在推送前须验证其不会影响监护仪的临床功能与使用安全","对暂时无法打补丁的在网设备，应给出网络隔离、访问控制等缓解性措施建议","固件分发的更新通道应具备签名校验等完整性保护，防止更新机制本身被利用","考虑临床验证成本，本次及后续发现的网络安全缺陷可统一推迟到下一代产品再修复","患者安全由功能安全体系负责，网络安全漏洞处置无需结合临床影响评估","","BCD","B、C、D正确：补丁部署受临床验证约束、不能随意推送；无法立即修复时应提供补偿性缓解措施；更新通道自身的完整性保护是安全更新的基本要求。A违背患者安全优先，跳过临床验证的强制 OTA 本身可能危及患者；E缺陷不能无限期推迟，应按风险评估及时处置；F错误，网络安全处置恰恰必须结合临床影响权衡。","医疗器械FDA、补丁临床约束"
"Y383","单选","供应链安全","扩展","某 PLC 厂商的某型号控制器通过了 IEC 62443-4-2 组件认证，销售人员在标书中据此宣称“该型号所在的整条产线系统已达到同等安全等级”。对该宣传的正确评价是：","说法成立，任一组件获得 4-2 认证即代表其所在系统自动取得同一 SL 等级","62443-4-2 针对单个组件产品提出要求，系统整体等级须按 62443-3-3 对整个系统评估认定，组件认证不能直接等同于系统达标","宣传的错误仅在于引用错了规范号，系统级要求应引用 4-1 而非 4-2","62443 只有系统级标准，行业内根本不存在针对单台设备的组件认证","组件与系统的安全等级均可由集成商在项目验收时自行认定，无需依据标准条款","","","B","B正确区分了 4-2（组件）与 3-3（系统）的认定对象，组件达标不等于系统达标。A混淆了组件认证与系统认证的效力范围；C张冠李戴，4-1 是安全开发流程要求，系统级安全要求规范是 3-3；D与事实相反，62443 明确设有组件认证路径（4-2）；E等级认定应依据标准由评估/认证作出。","IEC62443、组件与系统认证"
"Y384","多选","供应链安全","扩展","该集团同时满足银联、EN 303 645、FDA 等多套要求的合规成本高企，安全总监提出建立“内部统一安全基线”。关于该思路，下列说法正确的有：","为节省成本，基线直接按所有市场中最严标准整体执行，无需再做差异分析","可提炼各目标市场标准中的共性要求（威胁建模、安全开发、漏洞响应）作为基线主体","各标准之间的差异项（特定认证流程、声明要求等）须按目标市场分别补齐","各行业标准彼此没有交集，统一基线不成立，只能逐标准独立建设","基线应随各市场法规修订同步维护更新","基线发布后即长期固定，各产品线自行决定是否遵循","","BCE","B、C、E正确：共性方法论可沉淀为基线主体；差异项按市场补齐是基线策略的组成部分；基线须随法规变化维护。A“全按最严”会带来不必要的成本与过度设计，不能取代差异分析；D各标准在方法论层面存在交集，统一基线成立；F基线应作为统一要求维护，不应由产品线自行取舍。","合规组合、统一安全基线"
"Y385","单选","密码算法","扩展","2017 年公开的 ROCA 漏洞（CVE-2017-15361）使大量内置 Infineon 芯片的设备暴露于风险之中。关于该漏洞的技术性质，下列判断正确的是：","RSA 算法的数学设计被攻破，一切按标准实现的 RSA 库生成的密钥随之失效","RSALIB 为优化智能卡上的模运算性能而选用特定代数结构的素数，使该库生成的私钥可由公钥恢复","攻击者须先从智能卡中读出部分私钥比特，格攻击才有启动条件","缺陷位于芯片的签名运算路径，密钥生成过程本身符合规范要求","该漏洞仅存在于纯软件 RSA 库中，硬件芯片实现不受波及","","","B","B准确概括“性能优化→结构化素数→私钥可恢复”的因果链。A把实现层缺陷误归于 RSA 算法本身，标准实现不受影响；C与事实相反，ROCA 攻击仅需公钥 N；D定位错误，缺陷恰在密钥生成而非签名运算；E颠倒了影响面，受影响的主要是 Infineon 芯片固件这类硬件实现。","ROCA、结构化素数机理"
"Y386","多选","密码算法","扩展","某机构资产排查发现，大批在用终端内置的 TPM 芯片以 Infineon RSALIB 生成密钥。关于排查处置思路与客观难点，下列说法正确的有：","可用厂商公开的检测工具对存量公钥逐一批量判定，无需读取私钥或拆解设备","由 CA 吊销受影响证书即可消除全部风险，旧私钥会随吊销自然失效","TPM 固件更新须谨慎执行，更新过程可能使依赖旧密钥的已加密数据永久无法恢复","受波及范围限于预装 Infineon 品牌组件的整机，其余厂商组装的终端与服务器不在其列","TPM 内固化的密钥通常无法远程更换，需借助设备级固件更新或密钥重灌，并配套数据解密与重加密","只要厂商在漏洞披露前已完成证书吊销，攻击者即失去批量利用条件，存量设备无需再作处理","","ACE","A、C、E正确：指纹检测只需公钥、可非侵入批量执行；TPM 固件更新的数据灭失风险是响应必须评估的代价；存量密钥更换需设备级操作并配套数据层动作。B高估吊销作用，私钥不因吊销而销毁，以其加密的历史数据仍可被分解读取；D影响面以“是否使用该芯片生成密钥”为准，与品牌整机无关；F忽视攻击者可对公钥直接分解，吊销无法追溯保护既有密文。","ROCA响应、证书吊销局限"
"Y387","单选","密码算法","扩展","Infineon RSALIB 通过了 CC、FIPS 等安全认证，但 ROCA 缺陷仍潜伏多年未被发现。认证未能拦截该缺陷的主要原因是：","认证采用的符合性测试（如 KAT 已知向量测试）无法发现密钥输出在统计与代数结构上的偏差，结构化素数因此长期漏检","当时的认证标准只评估密钥长度与算法数学强度，密钥生成实现完全不在评估范围内","CC 与 FIPS 认证体系只面向软件产品，智能卡芯片不在其认证对象之列","该缺陷是在证书有效期截止、认证失效之后才被引入代码的，认证期内代码并无问题","该缺陷属于物理侧信道范畴，超出了当时所有认证评估模型的覆盖范围","","","A","A直指要害：KAT 只验证已知输入输出向量，检验不出输出的结构性规律。B不成立，密钥生成实现本属评估对象，缺的是结构随机性检验项；C与事实相反，智能卡芯片恰是 CC 认证的典型对象；D与“认证通过但存在缺陷”的事实相悖；E归类错误，ROCA 仅凭公钥即可攻击，与物理侧信道无关。","ROCA教训、KAT局限"
"Y388","多选","密码算法","扩展","某企业准备对全网存量设备开展 ROCA 类公钥指纹排查。下列做法或判断正确的有：","检测只需收集设备对外呈现的公钥或证书，属非侵入方式，不中断业务即可完成","对检测结果应分级处置，先建立阳性设备清单，再按暴露风险安排轮换与吊销次序","指纹检测呈阴性即可断定该密钥在数学上安全，不存在其他类型的生成缺陷","排查范围除 TPM 密钥外，还应覆盖归档证书、代码签名证书等载体中的 RSA 公钥","检测须调用设备私钥执行一次试签名，离线封存的设备因此无法纳入排查","厂商已公开提供检测工具，提交公钥即可判定，机构无须自行逆向指纹算法","","ABDF","A、B、D、F正确：指纹检测“只需公钥、非侵入”；清单化与分级处置是标准流程；凡该库生成的公钥无论存于何种载体均属弱钥；厂商公开工具是检测能力的获取渠道。C超出检测能力边界，阴性只说明不具备该特定指纹；E与检测原理相反，全程不需要私钥参与。","密钥质量、公钥指纹排查"
"Y389","单选","供应链安全","扩展","复盘会上有工程师提出：“SIM 卡操作系统并没有被攻破，所以谈不上卡片的安全问题。”对 SIMjacker 类攻击根因更准确的概括是：","SIM 卡操作系统存在可被特定短信触发的内存破坏漏洞，攻击代码借此取得卡的执行权","GSM 空口加密算法可被实时破解，攻击者得以在网络层伪造指令短信","终端操作系统把 SIM 应用指令的处理权限默认授予了所有收到的短信","卡上预装的 S@T 浏览器具备主动执行工具箱命令的能力，而该通道缺少对命令来源的认证与授权","攻击者先经伪基站获取用户 IMSI，再由 IMSI 推算出卡内鉴权密钥完成冒用","","","D","D正确：能力过强（可主动发指令）加通道无认证，正是“遗留应用能力滥用”的根因。A是“卡操作系统漏洞”这一典型误区，SIMjacker 属应用层能力滥用而非卡 OS 缺陷；B拉入了空口加密破解的相邻概念，攻击走的是正常短信通道；C把控制点错误地放在终端侧；E中 IMSI 无法推算 Ki，且伪基站不是该攻击的必要环节。","SIMjacker、应用能力滥用"
"Y390","多选","供应链安全","扩展","某支付平台风控发现批量账户异常：用户本人未做任何操作，事后运营商查明是他人冒用身份证件信息在该号码名下补办了新 SIM。围绕该类事件，下列判断正确的有：","这是 COMP128-1 弱鉴权算法被选择挑战提取 Ki 的典型表现","攻击得手的直接原因是网络侧将该号码的鉴权与收信指向了攻击者持有的新卡","事件根源在卡片被技术性攻破，运营商核验流程没有责任","平台侧的防范重点是统一为用户更换最新 USIM 卡并升级空口鉴权算法","失守环节在补办业务的身份核验与异常风控，属于运营流程问题","平台侧的缓解方向包括降低对短信验证码的单一依赖，对高风险操作叠加其他验证因子","","BEF","B、E、F正确：补办后网络将凭证绑定切换到新卡，原卡失效、短信流向攻击者；核验与风控失效是 SIM swap 的本质失守环节；降低短信验证码单一依赖是平台侧对该风险的正当缓解。A把补办冒领误判为算法层克隆；C责任定性颠倒，该类攻击的技术攻破对象是流程而非卡片；D升级卡片与算法对流程失守无效，属措施错配。","SIMswap、流程失守与缓解"
"Y391","单选","密码算法","扩展","复盘 2008 年 Debian OpenSSL 弱密钥事件（CVE-2008-0166）时，工程师追问“2006-2008 年间生成的密钥空间为何坍缩”。以下因果链最接近事实的是：","维护者为消除 Valgrind 对未初始化内存的告警，注释掉了随机数初始化代码，进程 ID 成为几乎唯一的熵差异来源，可区分的密钥总数随之坍缩","OpenSSL 的随机数生成算法本身存在输出偏差，使密钥有效熵远低于标称位长","编译配置裁剪掉了硬件随机指令支持，回退到基于系统时间的弱种子","官方软件源被植入后门，安装包内的密钥生成表被替换为可枚举集合","系统时间在 2006-2008 年间被固化为有限几个值，作为种子的时间戳可枚举","","","A","A正确：注释掉的正是随机数初始化代码，仅剩未初始化的进程 ID 充当熵源，每架构每密钥类型仅 32768 种可能。B错在把问题归于算法输出偏差，算法本身没问题，坏在播种；C用“时间种子”解释与事实不符，被移除的是初始化代码而非硬件指令；D把事件误判为供应链投毒，本轮并无源码替换；E同属时间种子类错误联想。","Debian弱密钥、熵源移除"
"Y392","多选","密码算法","扩展","团队按“把案例环节映射到通用防护”的复盘步骤，针对 Debian 弱密钥这类“生成环节缺陷”设计防护矩阵。下列环节与措施的对应，正确的有：","生成环节——改用更长的 RSA 密钥即可弥补熵源不足","生成环节——密钥生成必须接入充分熵源，并对产出密钥做已知弱密钥比对检测","部署环节——在服务器前端部署 WAF 即可阻断对弱密钥的枚举利用","在网环节——定期对主机密钥与证书做弱密钥指纹审计，命中即更换","处置环节——以补丁发布为处置终点，存量密钥随系统自然轮换解决","处置环节——建立密钥重生成与证书吊销的批量流程，覆盖历史存量","","BDF","B、D、F正确：熵源接入与生成后弱密钥检测直指生成环节缺陷；在网指纹审计能在部署后持续发现弱密钥并触发更换；批量重生成与吊销流程是处置环节的直接映射。A误把密钥长度当熵的替代品，密钥空间坍缩后加长位数无法挽救；C类别错配，弱密钥枚举是离线预计算，WAF 拦不住；E把补丁当终点，恰恰违背了该事件“存量处置周期长”的核心教训。","生成环节缺陷、防护矩阵"
"Y393","单选","综合","扩展","某 IoT 设备的入侵还原显示：攻击者利用远程 Web 服务漏洞取得控制权后，借助保持开放的调试口在数小时内完成固件提取与逆向，据此定位加密实现并以电磁侧信道分析恢复根密钥，最后再经同一调试口刷入持久化恶意固件。对“调试口保持开放”在整条攻击链中的作用，最准确的评价是？","它仅影响固件提取的效率，对密钥提取与持久化植入没有贡献，只要安全启动验签可靠，链条在此即告截断","它确实同时提升了逆向与持久化植入的效率，但只要部署带强签名校验的安全启动，该暴露面的影响即被完全抵消","它只是研发便利与安全之间的普通取舍，即使移除，攻击者也能以相近成本经远程漏洞完成全部环节，对链条成败影响有限","它显著缩短了从“取得远程入口”到“定位密钥算法实现”的路径，并与持久化植入共用同一物理暴露面，属于被攻击链多个环节复用的枢纽性暴露面","它是整条攻击链的真正入口，若远程服务不存在漏洞，调试口保持开放不会带来额外风险","","","D","D正确：调试口同时服务于逆向提效与固件植入，是同一暴露面被链上多环节复用的枢纽，也是防御收敛的高杠杆点。A调试口同样服务持久化刷写，侧信道提取密钥不依赖固件刷写，验签挡不住这条路径；B“完全抵消”是单点防御误区，安全启动不作用于逆向提效与密钥提取环节；C移除调试口后攻击者需转向芯片级读取等高成本手段，链条总成本显著上升；E调试口是独立于远程服务的物理域暴露面，两者并存时风险叠加。","跨域攻击链、枢纽暴露面"
"Y394","多选","综合","扩展","某设备已实现安全启动（校验固件签名），架构评审讨论在其上叠加“版本号防回滚校验”与“远程证明”两项机制。关于三者组合后新增闭合的攻击路径与能力边界，下列判断正确的有哪些？","防回滚闭合的是“用历史版本合法签名固件绕过漏洞修复”的降级路径——旧固件签名真实有效，仅靠验签无法识别其版本落后","远程证明使服务器能在会话建立时核验设备固件度量值，从而发现并拒绝“已运行被篡改固件”的设备，弥补了本地验证结果无法被远端感知的盲区","三者联动后：持久化篡改会在下次启动被验签拦截，借旧版本绕过会被版本校验拦截，被篡改设备难以通过远程证明向云端伪装为正常状态","三项机制组合后设备获得了“攻击者无法取得代码执行权限”的保证，密钥防护等其余措施可相应精简","若版本号校验通过即可跳过签名验证，因为版本管理由云端统一维护，其权威性高于设备本地验签","远程证明依赖设备在线，对长期离线设备上发生的持久化篡改不具备直接检测能力，须与本地启动校验配合","","ABCF","A、B、C、F正确：降级攻击使用的旧固件签名合法，验签无法拦截；远程证明把设备内部启动状态以可核验方式告知远端；三项机制分别作用于启动、版本与会话三个时点，形成互补；远程证明须由在线交互完成，离线期间的本地篡改只能靠下次联网或本地启动校验间接暴露。D“无法取得代码执行权限”是过度承诺，组合防线不替代密钥防护与最小权限等其余措施；E版本号无完整性保护时可被任意伪造，跳过验签等同于放弃固件完整性校验。","跨层联动、安全启动+防回滚+远程证明"
"Y395","单选","综合","扩展","某团队对一款支持离线支付的预付费电表开展威胁建模，识别出四类资产：用户购电与用电数据、设备根密钥、固件完整性、远程抄表服务可用性。按“泄露或被破坏后的危害范围与可恢复性”综合分级时，下列处理最合理的是？","根密钥列为最高级：其泄露可伪造计量与支付凭证，危害沿全部同类设备级联扩散，且换发密钥涉及全网设备召回式更新","远程抄表服务可用性列为最高级：服务中断用户感知最直接，而其余资产泄露用户通常难以察觉，可感知性应决定分级","四类资产同级处理：建模阶段无法预知哪种资产更易被攻击，等权重处理可避免排序主观性","固件完整性列为最低级：固件可重新刷写，完整性破坏总可以恢复，不构成持续危害","用户数据列为最高级：只要购电数据不泄露，根密钥与固件即便被攻破也不直接损害用户利益","","","A","A正确：根密钥兼具影响范围最大（全设备级联）与恢复代价最高（全网换钥）两个维度，按给定准则应列最高级。B可感知性不等于危害程度，服务中断影响局部且可恢复；C资产分级依据危害而非被攻概率，放弃排序正是“定性不排序”的误区；D固件被篡改可导致持续性计量欺诈且难以被察觉，“总可恢复”不成立；E根密钥失守意味着数据与计费完整性同时失守，仅以保密性视角排除其他资产的危害不成立。","威胁建模、资产分级"
"Y396","多选","综合","扩展","JTAGulator、ChipWhisperer 等工具的普及与 AI 辅助逆向的发展，正在改变硬件攻击的成本结构。据此更新产品威胁模型时，下列判断正确的有哪些？","物理近场攻击的门槛下降，威胁模型中“攻击者能力下限”的假设应下调，原本归为“仅顶级实验室可行”的攻击需改判为高能力爱好者可及","自动化工具降低的是攻击的准备与尝试成本，并未改变侧信道与故障注入的物理边界，掩码、抗故障等底层防护仍不可省略，但对其充分性的复评频度应提高","工具普及意味着任何攻击者都能在数小时内攻破任何设备，物理防护措施已失去投入价值","AI 辅助逆向主要加速从二进制到可理解结构的分析环节，提升实现类漏洞的定位效率，但对探针、开封等物理操作环节的替代作用有限","防御应全面转向以自动化工具对抗自动化工具，人工威胁建模与专家评审可以取消","威胁模型中纳入“工具普及”因素一次后即可固化，后续无需随工具能力演进再次更新","","ABD","A、B、D正确：工具普及改变的是攻击者分布的下限，威胁模型的攻击者画像须随之下修；工具改变成本而非物理与数学上界，防护必要性不变、验证节奏加快；AI 的增益集中在分析自动化，物理操作仍受设备与技能约束。C“任何攻击者、数小时、任何设备”是过度推断；E自动化只覆盖可枚举环节，威胁建模中的资产与场景判断无法被完全替代；F工具能力持续演进，威胁模型是滚动更新的活文档。","攻击自动化、威胁模型更新"
"Y397","单选","综合","扩展","某企业一款金融受理终端新产品规划进入欧洲市场，同时受邀参与某银行客户投标，标书将 NESAS 认证列为投标门槛。安全团队梳理出三类认证需求：RED（欧盟市场准入强制）、NESAS（客户投标门槛）、更高等级 CC EAL（差异化竞争卖点）。在认证预算与排期资源有限的情况下，认证组合规划中最合理的优先级安排是？","先完成 RED 保障市场准入，再完成 NESAS 满足投标门槛，高等级 CC EAL 视资源与产品路标安排","先完成高等级 CC EAL 树立技术标杆，再以标杆效应带动市场准入与投标评审","三类认证同时启动并平均分配预算与人力，确保三类证书同步到手","先完成 NESAS 满足客户合同要求，再启动 RED，市场准入可在销售铺开后补齐","仅完成 RED，NESAS 待中标进入合同阶段后再启动认证","","","A","A符合“先强制、再合同、后自愿”的规划顺序，自愿增强项结合资源与路标决策，是组合规划的标准做法。B自愿增强项被提到最高优先级，市场准入与投标门槛未解决时技术标杆无法转化为订单；C平均分配资源忽视强制项的法定时限；D未取得 RED 认证在欧盟销售即违反准入法规；E NESAS 是投标门槛，中标后才启动意味着投标时无法满足标书要求。","认证组合规划、优先级排序"
"Y398","多选","综合","扩展","某硬件安全工程师按“以实际产出物检验能力”的方法开展年度能力自检。下列各项中，可以作为“具备相应能力”的有效证据有哪些？","主导完成过某产品的威胁建模，并输出了经评审通过的威胁模型报告","独立完成过某款芯片的侧信道评估，并出具了含攻击结果与结论的评估报告","取得了某安全培训机构颁发的多个方向的技术结业证书","在跨团队安全设计评审中担任过安全方评审人，留有本人署名的评审意见记录","能够完整复述团队攻击面检查清单中调试口、侧信道、供应链等全部条目内容","旁听了多场资深认证工程师的经验分享会，并整理了完整的学习笔记","","ABD","A、B、D正确：主导威胁建模并有经评审的报告、独立完成侧信道评估并出具完整报告、本人署名的评审意见记录，都是可验证的一线实践产出物。C结业证书只证明接受过培训，落入“证书等价能力”误区；E复述清单条目属于知识记忆，未产生本人完成的实践产出；F旁听与笔记是学习输入而非本人产出物。","能力自检、产出物验证"
"Y399","单选","综合","扩展","某旗舰产品距离既定发布日还有两周，验证阶段的安全测试新发现一个可被远程利用的高危漏洞，修复需变更固件并重新验证，预计需要三周。关于该门禁决策，符合安全评审机制的做法是？","安全团队在发布检查单上先行放行，将漏洞列入发布后首轮固件更新的修复清单","项目组以进度为由在门禁系统中勾选豁免，将风险记录留档后按期发布","由市场部门评估商业损失后直接决定是否带洞发布，安全团队不再参与决策","将该高危漏洞降级为中危记录在案，使门禁条件形式上达标后按期发布","按“安全不达标不发布”的门禁原则暂缓发布，同时将风险与修复方案提交升级决策机制，由授权管理层正式决策","","","E","E正确：门禁与进度冲突时应触发升级决策机制，由有授权的决策层基于安全输入正式决策，既不放任风险也不由安全团队擅自决定延期。A远程可利用的高危漏洞未修复即放行，把高风险直接暴露给存量用户；B以进度为由豁免门禁是典型误区，项目组无权在内部自行行使豁免；C发布决策必须包含安全技术判断；D擅自调整漏洞等级使门禁形式达标属于规避门禁，而非风险决策。","安全门禁、升级决策机制"
"Y400","多选","综合","扩展","EU CRA、PSTI、RED 等法规将安全义务法定化。某硬件企业为持续满足此类法规要求，下列组织与技术准备中有必要开展的有？","建立产品软件与物料成分清单（SBOM）的生成与维护机制","明确产品的安全更新支持期限承诺，并保障该期限内固件更新能力可用","建立覆盖漏洞接收、评估、修复与通告的响应流程","在产品通过当地市场抽检时临时准备上述材料，平时不做日常维护","将法规合规视为法务部门内部事务，产品团队无需调整设计与流程","认为法规义务只约束大型厂商，中小规模产品线可暂不考虑","","ABC","A、B、C正确：SBOM 是法规化趋势下典型的法定义务内容；更新期义务要求企业明确支持期限并保障期限内更新通道可用；漏洞响应是法规明确的义务。D抽检式临时应付无法满足持续性合规义务；E法规义务直接约束产品设计与工程流程；F法规适用于市场内的相关产品，不区分厂商规模。","法规化趋势、组织准备"
